usage_transaction_id,customer_id,event_timestamp,usage_type,usage_category,units_consumed,related_event_id,usage_metadata
1,1,2026-03-07,action,crm_sync,1749,5,"{""workflow_run_id"": 1, ""source"": ""workflow_execution""}"
2,1,2026-03-07,data_credit,ai_research,765,5,"{""workflow_run_id"": 1, ""source"": ""data_provider_or_ai""}"
3,1,2026-03-12,action,personalized_outbound,975,10,"{""workflow_run_id"": 2, ""source"": ""workflow_execution""}"
4,1,2026-03-12,data_credit,enrichment,430,10,"{""workflow_run_id"": 2, ""source"": ""data_provider_or_ai""}"
5,1,2026-03-20,action,waterfall_enrichment,2492,15,"{""workflow_run_id"": 3, ""source"": ""workflow_execution""}"
6,1,2026-03-20,data_credit,waterfall,508,15,"{""workflow_run_id"": 3, ""source"": ""data_provider_or_ai""}"
7,1,2026-05-05,action,personalized_outbound,936,20,"{""workflow_run_id"": 4, ""source"": ""workflow_execution""}"
8,1,2026-05-05,data_credit,waterfall,705,20,"{""workflow_run_id"": 4, ""source"": ""data_provider_or_ai""}"
9,1,2026-04-08,action,ai_account_research,1894,25,"{""workflow_run_id"": 5, ""source"": ""workflow_execution""}"
10,1,2026-04-08,data_credit,waterfall,576,25,"{""workflow_run_id"": 5, ""source"": ""data_provider_or_ai""}"
11,1,2026-04-06,action,personalized_outbound,2577,28,"{""workflow_run_id"": 6, ""source"": ""workflow_execution""}"
12,1,2026-04-06,data_credit,waterfall,235,28,"{""workflow_run_id"": 6, ""source"": ""data_provider_or_ai""}"
13,1,2026-04-11,action,crm_sync,2334,33,"{""workflow_run_id"": 7, ""source"": ""workflow_execution""}"
14,1,2026-04-11,data_credit,ai_research,56,33,"{""workflow_run_id"": 7, ""source"": ""data_provider_or_ai""}"
15,1,2026-05-12,action,ai_account_research,834,38,"{""workflow_run_id"": 8, ""source"": ""workflow_execution""}"
16,1,2026-05-12,data_credit,ai_research,774,38,"{""workflow_run_id"": 8, ""source"": ""data_provider_or_ai""}"
17,1,2026-04-20,action,ai_account_research,1241,43,"{""workflow_run_id"": 9, ""source"": ""workflow_execution""}"
18,1,2026-04-20,data_credit,ai_research,91,43,"{""workflow_run_id"": 9, ""source"": ""data_provider_or_ai""}"
19,2,2026-04-30,action,personalized_outbound,1062,46,"{""workflow_run_id"": 10, ""source"": ""workflow_execution""}"
20,2,2026-04-30,data_credit,ai_research,708,46,"{""workflow_run_id"": 10, ""source"": ""data_provider_or_ai""}"
21,2,2026-05-02,action,lead_enrichment,536,51,"{""workflow_run_id"": 11, ""source"": ""workflow_execution""}"
22,2,2026-05-02,data_credit,enrichment,455,51,"{""workflow_run_id"": 11, ""source"": ""data_provider_or_ai""}"
23,2,2026-04-26,action,personalized_outbound,1926,54,"{""workflow_run_id"": 12, ""source"": ""workflow_execution""}"
24,2,2026-04-26,data_credit,waterfall,182,54,"{""workflow_run_id"": 12, ""source"": ""data_provider_or_ai""}"
25,2,2026-06-03,action,ai_account_research,430,59,"{""workflow_run_id"": 13, ""source"": ""workflow_execution""}"
26,2,2026-06-03,data_credit,enrichment,161,59,"{""workflow_run_id"": 13, ""source"": ""data_provider_or_ai""}"
27,2,2026-05-03,action,ai_account_research,2053,64,"{""workflow_run_id"": 14, ""source"": ""workflow_execution""}"
28,2,2026-05-03,data_credit,ai_research,26,64,"{""workflow_run_id"": 14, ""source"": ""data_provider_or_ai""}"
29,2,2026-05-12,action,waterfall_enrichment,655,69,"{""workflow_run_id"": 15, ""source"": ""workflow_execution""}"
30,2,2026-05-12,data_credit,enrichment,492,69,"{""workflow_run_id"": 15, ""source"": ""data_provider_or_ai""}"
31,2,2026-04-10,action,ai_account_research,2644,74,"{""workflow_run_id"": 16, ""source"": ""workflow_execution""}"
32,2,2026-04-10,data_credit,enrichment,176,74,"{""workflow_run_id"": 16, ""source"": ""data_provider_or_ai""}"
33,2,2026-04-20,action,personalized_outbound,2470,79,"{""workflow_run_id"": 17, ""source"": ""workflow_execution""}"
34,2,2026-04-20,data_credit,ai_research,46,79,"{""workflow_run_id"": 17, ""source"": ""data_provider_or_ai""}"
35,2,2026-06-16,action,waterfall_enrichment,1617,82,"{""workflow_run_id"": 18, ""source"": ""workflow_execution""}"
36,2,2026-06-16,data_credit,waterfall,90,82,"{""workflow_run_id"": 18, ""source"": ""data_provider_or_ai""}"
37,2,2026-06-25,action,waterfall_enrichment,454,87,"{""workflow_run_id"": 19, ""source"": ""workflow_execution""}"
38,2,2026-06-25,data_credit,ai_research,305,87,"{""workflow_run_id"": 19, ""source"": ""data_provider_or_ai""}"
39,3,2026-04-17,action,waterfall_enrichment,2514,90,"{""workflow_run_id"": 20, ""source"": ""workflow_execution""}"
40,3,2026-04-17,data_credit,waterfall,798,90,"{""workflow_run_id"": 20, ""source"": ""data_provider_or_ai""}"
41,3,2026-05-24,action,ai_account_research,150,93,"{""workflow_run_id"": 21, ""source"": ""workflow_execution""}"
42,3,2026-05-24,data_credit,ai_research,607,93,"{""workflow_run_id"": 21, ""source"": ""data_provider_or_ai""}"
43,3,2026-05-08,action,ai_account_research,448,98,"{""workflow_run_id"": 22, ""source"": ""workflow_execution""}"
44,3,2026-05-08,data_credit,enrichment,274,98,"{""workflow_run_id"": 22, ""source"": ""data_provider_or_ai""}"
45,3,2026-05-19,action,personalized_outbound,2805,103,"{""workflow_run_id"": 23, ""source"": ""workflow_execution""}"
46,3,2026-05-19,data_credit,enrichment,103,103,"{""workflow_run_id"": 23, ""source"": ""data_provider_or_ai""}"
47,4,2026-06-05,action,crm_sync,2225,108,"{""workflow_run_id"": 24, ""source"": ""workflow_execution""}"
48,4,2026-06-05,data_credit,ai_research,687,108,"{""workflow_run_id"": 24, ""source"": ""data_provider_or_ai""}"
49,4,2026-06-02,action,waterfall_enrichment,1962,111,"{""workflow_run_id"": 25, ""source"": ""workflow_execution""}"
50,4,2026-06-02,data_credit,ai_research,110,111,"{""workflow_run_id"": 25, ""source"": ""data_provider_or_ai""}"
51,4,2026-05-30,action,waterfall_enrichment,2960,116,"{""workflow_run_id"": 26, ""source"": ""workflow_execution""}"
52,4,2026-05-30,data_credit,enrichment,516,116,"{""workflow_run_id"": 26, ""source"": ""data_provider_or_ai""}"
53,4,2026-05-01,action,ai_account_research,2184,121,"{""workflow_run_id"": 27, ""source"": ""workflow_execution""}"
54,4,2026-05-01,data_credit,ai_research,742,121,"{""workflow_run_id"": 27, ""source"": ""data_provider_or_ai""}"
55,4,2026-06-20,action,waterfall_enrichment,110,126,"{""workflow_run_id"": 28, ""source"": ""workflow_execution""}"
56,4,2026-06-20,data_credit,waterfall,309,126,"{""workflow_run_id"": 28, ""source"": ""data_provider_or_ai""}"
57,4,2026-06-05,action,waterfall_enrichment,617,131,"{""workflow_run_id"": 29, ""source"": ""workflow_execution""}"
58,4,2026-06-05,data_credit,waterfall,534,131,"{""workflow_run_id"": 29, ""source"": ""data_provider_or_ai""}"
59,4,2026-06-09,action,waterfall_enrichment,2652,136,"{""workflow_run_id"": 30, ""source"": ""workflow_execution""}"
60,4,2026-06-09,data_credit,ai_research,729,136,"{""workflow_run_id"": 30, ""source"": ""data_provider_or_ai""}"
61,4,2026-07-20,action,personalized_outbound,503,141,"{""workflow_run_id"": 31, ""source"": ""workflow_execution""}"
62,4,2026-07-20,data_credit,waterfall,798,141,"{""workflow_run_id"": 31, ""source"": ""data_provider_or_ai""}"
63,4,2026-05-10,action,crm_sync,2138,146,"{""workflow_run_id"": 32, ""source"": ""workflow_execution""}"
64,4,2026-05-10,data_credit,enrichment,617,146,"{""workflow_run_id"": 32, ""source"": ""data_provider_or_ai""}"
65,4,2026-05-27,action,waterfall_enrichment,2454,151,"{""workflow_run_id"": 33, ""source"": ""workflow_execution""}"
66,4,2026-05-27,data_credit,waterfall,322,151,"{""workflow_run_id"": 33, ""source"": ""data_provider_or_ai""}"
67,4,2026-06-04,action,waterfall_enrichment,1438,154,"{""workflow_run_id"": 34, ""source"": ""workflow_execution""}"
68,4,2026-06-04,data_credit,ai_research,785,154,"{""workflow_run_id"": 34, ""source"": ""data_provider_or_ai""}"
69,4,2026-05-20,action,personalized_outbound,2870,159,"{""workflow_run_id"": 35, ""source"": ""workflow_execution""}"
70,4,2026-05-20,data_credit,waterfall,761,159,"{""workflow_run_id"": 35, ""source"": ""data_provider_or_ai""}"
71,4,2026-06-17,action,crm_sync,2971,164,"{""workflow_run_id"": 36, ""source"": ""workflow_execution""}"
72,4,2026-06-17,data_credit,waterfall,329,164,"{""workflow_run_id"": 36, ""source"": ""data_provider_or_ai""}"
73,4,2026-06-19,action,lead_enrichment,1921,169,"{""workflow_run_id"": 37, ""source"": ""workflow_execution""}"
74,4,2026-06-19,data_credit,ai_research,261,169,"{""workflow_run_id"": 37, ""source"": ""data_provider_or_ai""}"
75,4,2026-05-10,action,crm_sync,381,174,"{""workflow_run_id"": 38, ""source"": ""workflow_execution""}"
76,4,2026-05-10,data_credit,enrichment,587,174,"{""workflow_run_id"": 38, ""source"": ""data_provider_or_ai""}"
77,4,2026-07-12,action,ai_account_research,164,179,"{""workflow_run_id"": 39, ""source"": ""workflow_execution""}"
78,4,2026-07-12,data_credit,ai_research,198,179,"{""workflow_run_id"": 39, ""source"": ""data_provider_or_ai""}"
79,4,2026-05-04,action,personalized_outbound,2910,184,"{""workflow_run_id"": 40, ""source"": ""workflow_execution""}"
80,4,2026-05-04,data_credit,ai_research,130,184,"{""workflow_run_id"": 40, ""source"": ""data_provider_or_ai""}"
81,4,2026-06-23,action,crm_sync,1035,189,"{""workflow_run_id"": 41, ""source"": ""workflow_execution""}"
82,4,2026-06-23,data_credit,ai_research,443,189,"{""workflow_run_id"": 41, ""source"": ""data_provider_or_ai""}"
83,4,2026-06-25,action,lead_enrichment,2844,194,"{""workflow_run_id"": 42, ""source"": ""workflow_execution""}"
84,4,2026-06-25,data_credit,ai_research,145,194,"{""workflow_run_id"": 42, ""source"": ""data_provider_or_ai""}"
85,4,2026-06-12,action,waterfall_enrichment,2451,199,"{""workflow_run_id"": 43, ""source"": ""workflow_execution""}"
86,4,2026-06-12,data_credit,ai_research,251,199,"{""workflow_run_id"": 43, ""source"": ""data_provider_or_ai""}"
87,4,2026-07-08,action,personalized_outbound,2272,204,"{""workflow_run_id"": 44, ""source"": ""workflow_execution""}"
88,4,2026-07-08,data_credit,ai_research,240,204,"{""workflow_run_id"": 44, ""source"": ""data_provider_or_ai""}"
89,4,2026-06-20,action,crm_sync,1796,209,"{""workflow_run_id"": 45, ""source"": ""workflow_execution""}"
90,4,2026-06-20,data_credit,enrichment,299,209,"{""workflow_run_id"": 45, ""source"": ""data_provider_or_ai""}"
91,4,2026-07-02,action,lead_enrichment,1146,214,"{""workflow_run_id"": 46, ""source"": ""workflow_execution""}"
92,4,2026-07-02,data_credit,ai_research,316,214,"{""workflow_run_id"": 46, ""source"": ""data_provider_or_ai""}"
93,4,2026-05-13,action,waterfall_enrichment,2722,219,"{""workflow_run_id"": 47, ""source"": ""workflow_execution""}"
94,4,2026-05-13,data_credit,ai_research,447,219,"{""workflow_run_id"": 47, ""source"": ""data_provider_or_ai""}"
95,4,2026-05-12,action,crm_sync,2273,224,"{""workflow_run_id"": 48, ""source"": ""workflow_execution""}"
96,4,2026-05-12,data_credit,enrichment,542,224,"{""workflow_run_id"": 48, ""source"": ""data_provider_or_ai""}"
97,4,2026-06-11,action,ai_account_research,2409,229,"{""workflow_run_id"": 49, ""source"": ""workflow_execution""}"
98,4,2026-06-11,data_credit,waterfall,798,229,"{""workflow_run_id"": 49, ""source"": ""data_provider_or_ai""}"
99,4,2026-06-24,action,personalized_outbound,403,232,"{""workflow_run_id"": 50, ""source"": ""workflow_execution""}"
100,4,2026-06-24,data_credit,ai_research,337,232,"{""workflow_run_id"": 50, ""source"": ""data_provider_or_ai""}"
101,4,2026-06-24,action,crm_sync,1416,237,"{""workflow_run_id"": 51, ""source"": ""workflow_execution""}"
102,4,2026-06-24,data_credit,ai_research,639,237,"{""workflow_run_id"": 51, ""source"": ""data_provider_or_ai""}"
103,4,2026-07-01,action,waterfall_enrichment,1258,240,"{""workflow_run_id"": 52, ""source"": ""workflow_execution""}"
104,4,2026-07-01,data_credit,ai_research,416,240,"{""workflow_run_id"": 52, ""source"": ""data_provider_or_ai""}"
105,4,2026-06-10,action,crm_sync,628,245,"{""workflow_run_id"": 53, ""source"": ""workflow_execution""}"
106,4,2026-06-10,data_credit,waterfall,629,245,"{""workflow_run_id"": 53, ""source"": ""data_provider_or_ai""}"
107,4,2026-05-08,action,crm_sync,2179,250,"{""workflow_run_id"": 54, ""source"": ""workflow_execution""}"
108,4,2026-05-08,data_credit,waterfall,572,250,"{""workflow_run_id"": 54, ""source"": ""data_provider_or_ai""}"
109,4,2026-07-04,action,personalized_outbound,1606,255,"{""workflow_run_id"": 55, ""source"": ""workflow_execution""}"
110,4,2026-07-04,data_credit,waterfall,714,255,"{""workflow_run_id"": 55, ""source"": ""data_provider_or_ai""}"
111,4,2026-06-23,action,waterfall_enrichment,703,260,"{""workflow_run_id"": 56, ""source"": ""workflow_execution""}"
112,4,2026-06-23,data_credit,enrichment,467,260,"{""workflow_run_id"": 56, ""source"": ""data_provider_or_ai""}"
113,4,2026-05-26,action,crm_sync,663,265,"{""workflow_run_id"": 57, ""source"": ""workflow_execution""}"
114,4,2026-05-26,data_credit,ai_research,59,265,"{""workflow_run_id"": 57, ""source"": ""data_provider_or_ai""}"
115,4,2026-06-27,action,waterfall_enrichment,167,270,"{""workflow_run_id"": 58, ""source"": ""workflow_execution""}"
116,4,2026-06-27,data_credit,waterfall,667,270,"{""workflow_run_id"": 58, ""source"": ""data_provider_or_ai""}"
117,4,2026-07-10,action,crm_sync,2328,275,"{""workflow_run_id"": 59, ""source"": ""workflow_execution""}"
118,4,2026-07-10,data_credit,waterfall,539,275,"{""workflow_run_id"": 59, ""source"": ""data_provider_or_ai""}"
119,4,2026-07-07,action,waterfall_enrichment,2732,280,"{""workflow_run_id"": 60, ""source"": ""workflow_execution""}"
120,4,2026-07-07,data_credit,waterfall,199,280,"{""workflow_run_id"": 60, ""source"": ""data_provider_or_ai""}"
121,4,2026-06-26,action,ai_account_research,2324,285,"{""workflow_run_id"": 61, ""source"": ""workflow_execution""}"
122,4,2026-06-26,data_credit,ai_research,504,285,"{""workflow_run_id"": 61, ""source"": ""data_provider_or_ai""}"
123,4,2026-05-02,action,crm_sync,1863,290,"{""workflow_run_id"": 62, ""source"": ""workflow_execution""}"
124,4,2026-05-02,data_credit,enrichment,636,290,"{""workflow_run_id"": 62, ""source"": ""data_provider_or_ai""}"
125,4,2026-07-06,action,lead_enrichment,227,295,"{""workflow_run_id"": 63, ""source"": ""workflow_execution""}"
126,4,2026-07-06,data_credit,waterfall,166,295,"{""workflow_run_id"": 63, ""source"": ""data_provider_or_ai""}"
127,5,2026-04-06,action,waterfall_enrichment,1018,300,"{""workflow_run_id"": 64, ""source"": ""workflow_execution""}"
128,5,2026-04-06,data_credit,enrichment,144,300,"{""workflow_run_id"": 64, ""source"": ""data_provider_or_ai""}"
129,5,2026-03-27,action,lead_enrichment,625,303,"{""workflow_run_id"": 65, ""source"": ""workflow_execution""}"
130,5,2026-03-27,data_credit,waterfall,584,303,"{""workflow_run_id"": 65, ""source"": ""data_provider_or_ai""}"
131,5,2026-05-24,action,ai_account_research,2660,306,"{""workflow_run_id"": 66, ""source"": ""workflow_execution""}"
132,5,2026-05-24,data_credit,waterfall,330,306,"{""workflow_run_id"": 66, ""source"": ""data_provider_or_ai""}"
133,5,2026-05-17,action,ai_account_research,1103,311,"{""workflow_run_id"": 67, ""source"": ""workflow_execution""}"
134,5,2026-05-17,data_credit,ai_research,721,311,"{""workflow_run_id"": 67, ""source"": ""data_provider_or_ai""}"
135,5,2026-04-17,action,lead_enrichment,534,316,"{""workflow_run_id"": 68, ""source"": ""workflow_execution""}"
136,5,2026-04-17,data_credit,enrichment,346,316,"{""workflow_run_id"": 68, ""source"": ""data_provider_or_ai""}"
137,5,2026-05-08,action,ai_account_research,468,321,"{""workflow_run_id"": 69, ""source"": ""workflow_execution""}"
138,5,2026-05-08,data_credit,waterfall,422,321,"{""workflow_run_id"": 69, ""source"": ""data_provider_or_ai""}"
139,5,2026-05-07,action,crm_sync,1682,326,"{""workflow_run_id"": 70, ""source"": ""workflow_execution""}"
140,5,2026-05-07,data_credit,ai_research,536,326,"{""workflow_run_id"": 70, ""source"": ""data_provider_or_ai""}"
141,5,2026-05-19,action,personalized_outbound,1971,329,"{""workflow_run_id"": 71, ""source"": ""workflow_execution""}"
142,5,2026-05-19,data_credit,waterfall,172,329,"{""workflow_run_id"": 71, ""source"": ""data_provider_or_ai""}"
143,5,2026-05-14,action,personalized_outbound,2918,334,"{""workflow_run_id"": 72, ""source"": ""workflow_execution""}"
144,5,2026-05-14,data_credit,enrichment,664,334,"{""workflow_run_id"": 72, ""source"": ""data_provider_or_ai""}"
145,5,2026-05-25,action,personalized_outbound,177,339,"{""workflow_run_id"": 73, ""source"": ""workflow_execution""}"
146,5,2026-05-25,data_credit,ai_research,471,339,"{""workflow_run_id"": 73, ""source"": ""data_provider_or_ai""}"
147,5,2026-05-02,action,ai_account_research,1021,344,"{""workflow_run_id"": 74, ""source"": ""workflow_execution""}"
148,5,2026-05-02,data_credit,ai_research,324,344,"{""workflow_run_id"": 74, ""source"": ""data_provider_or_ai""}"
149,5,2026-04-05,action,crm_sync,1210,349,"{""workflow_run_id"": 75, ""source"": ""workflow_execution""}"
150,5,2026-04-05,data_credit,waterfall,595,349,"{""workflow_run_id"": 75, ""source"": ""data_provider_or_ai""}"
151,5,2026-04-13,action,personalized_outbound,2055,354,"{""workflow_run_id"": 76, ""source"": ""workflow_execution""}"
152,5,2026-04-13,data_credit,enrichment,686,354,"{""workflow_run_id"": 76, ""source"": ""data_provider_or_ai""}"
153,6,2026-05-06,action,lead_enrichment,1929,359,"{""workflow_run_id"": 77, ""source"": ""workflow_execution""}"
154,6,2026-05-06,data_credit,ai_research,791,359,"{""workflow_run_id"": 77, ""source"": ""data_provider_or_ai""}"
155,6,2026-03-27,action,personalized_outbound,2716,364,"{""workflow_run_id"": 78, ""source"": ""workflow_execution""}"
156,6,2026-03-27,data_credit,ai_research,322,364,"{""workflow_run_id"": 78, ""source"": ""data_provider_or_ai""}"
157,6,2026-05-02,action,ai_account_research,352,369,"{""workflow_run_id"": 79, ""source"": ""workflow_execution""}"
158,6,2026-05-02,data_credit,waterfall,580,369,"{""workflow_run_id"": 79, ""source"": ""data_provider_or_ai""}"
159,6,2026-03-10,action,ai_account_research,640,374,"{""workflow_run_id"": 80, ""source"": ""workflow_execution""}"
160,6,2026-03-10,data_credit,ai_research,545,374,"{""workflow_run_id"": 80, ""source"": ""data_provider_or_ai""}"
161,6,2026-04-12,action,waterfall_enrichment,346,379,"{""workflow_run_id"": 81, ""source"": ""workflow_execution""}"
162,6,2026-04-12,data_credit,ai_research,90,379,"{""workflow_run_id"": 81, ""source"": ""data_provider_or_ai""}"
163,6,2026-02-17,action,ai_account_research,193,384,"{""workflow_run_id"": 82, ""source"": ""workflow_execution""}"
164,6,2026-02-17,data_credit,ai_research,325,384,"{""workflow_run_id"": 82, ""source"": ""data_provider_or_ai""}"
165,6,2026-05-10,action,personalized_outbound,1085,389,"{""workflow_run_id"": 83, ""source"": ""workflow_execution""}"
166,6,2026-05-10,data_credit,enrichment,231,389,"{""workflow_run_id"": 83, ""source"": ""data_provider_or_ai""}"
167,6,2026-02-25,action,personalized_outbound,2465,394,"{""workflow_run_id"": 84, ""source"": ""workflow_execution""}"
168,6,2026-02-25,data_credit,waterfall,632,394,"{""workflow_run_id"": 84, ""source"": ""data_provider_or_ai""}"
169,6,2026-03-26,action,ai_account_research,2248,399,"{""workflow_run_id"": 85, ""source"": ""workflow_execution""}"
170,6,2026-03-26,data_credit,waterfall,346,399,"{""workflow_run_id"": 85, ""source"": ""data_provider_or_ai""}"
171,6,2026-04-07,action,waterfall_enrichment,2270,404,"{""workflow_run_id"": 86, ""source"": ""workflow_execution""}"
172,6,2026-04-07,data_credit,ai_research,157,404,"{""workflow_run_id"": 86, ""source"": ""data_provider_or_ai""}"
173,6,2026-03-16,action,lead_enrichment,967,409,"{""workflow_run_id"": 87, ""source"": ""workflow_execution""}"
174,6,2026-03-16,data_credit,waterfall,214,409,"{""workflow_run_id"": 87, ""source"": ""data_provider_or_ai""}"
175,6,2026-02-28,action,waterfall_enrichment,932,412,"{""workflow_run_id"": 88, ""source"": ""workflow_execution""}"
176,6,2026-02-28,data_credit,ai_research,399,412,"{""workflow_run_id"": 88, ""source"": ""data_provider_or_ai""}"
177,6,2026-04-06,action,ai_account_research,1542,417,"{""workflow_run_id"": 89, ""source"": ""workflow_execution""}"
178,6,2026-04-06,data_credit,enrichment,193,417,"{""workflow_run_id"": 89, ""source"": ""data_provider_or_ai""}"
179,7,2026-05-28,action,crm_sync,1653,422,"{""workflow_run_id"": 90, ""source"": ""workflow_execution""}"
180,7,2026-05-28,data_credit,waterfall,406,422,"{""workflow_run_id"": 90, ""source"": ""data_provider_or_ai""}"
181,7,2026-05-21,action,ai_account_research,2935,427,"{""workflow_run_id"": 91, ""source"": ""workflow_execution""}"
182,7,2026-05-21,data_credit,ai_research,600,427,"{""workflow_run_id"": 91, ""source"": ""data_provider_or_ai""}"
183,7,2026-04-25,action,crm_sync,1693,430,"{""workflow_run_id"": 92, ""source"": ""workflow_execution""}"
184,7,2026-04-25,data_credit,waterfall,713,430,"{""workflow_run_id"": 92, ""source"": ""data_provider_or_ai""}"
185,7,2026-05-03,action,ai_account_research,2697,435,"{""workflow_run_id"": 93, ""source"": ""workflow_execution""}"
186,7,2026-05-03,data_credit,ai_research,299,435,"{""workflow_run_id"": 93, ""source"": ""data_provider_or_ai""}"
187,7,2026-05-23,action,waterfall_enrichment,536,440,"{""workflow_run_id"": 94, ""source"": ""workflow_execution""}"
188,7,2026-05-23,data_credit,enrichment,113,440,"{""workflow_run_id"": 94, ""source"": ""data_provider_or_ai""}"
189,7,2026-04-30,action,crm_sync,2391,445,"{""workflow_run_id"": 95, ""source"": ""workflow_execution""}"
190,7,2026-04-30,data_credit,waterfall,268,445,"{""workflow_run_id"": 95, ""source"": ""data_provider_or_ai""}"
191,7,2026-05-27,action,ai_account_research,654,450,"{""workflow_run_id"": 96, ""source"": ""workflow_execution""}"
192,7,2026-05-27,data_credit,enrichment,331,450,"{""workflow_run_id"": 96, ""source"": ""data_provider_or_ai""}"
193,7,2026-05-11,action,waterfall_enrichment,1293,455,"{""workflow_run_id"": 97, ""source"": ""workflow_execution""}"
194,7,2026-05-11,data_credit,waterfall,772,455,"{""workflow_run_id"": 97, ""source"": ""data_provider_or_ai""}"
195,7,2026-06-11,action,ai_account_research,1293,458,"{""workflow_run_id"": 98, ""source"": ""workflow_execution""}"
196,7,2026-06-11,data_credit,enrichment,729,458,"{""workflow_run_id"": 98, ""source"": ""data_provider_or_ai""}"
197,7,2026-05-13,action,crm_sync,2288,463,"{""workflow_run_id"": 99, ""source"": ""workflow_execution""}"
198,7,2026-05-13,data_credit,waterfall,538,463,"{""workflow_run_id"": 99, ""source"": ""data_provider_or_ai""}"
199,7,2026-05-14,action,crm_sync,1159,468,"{""workflow_run_id"": 100, ""source"": ""workflow_execution""}"
200,7,2026-05-14,data_credit,waterfall,247,468,"{""workflow_run_id"": 100, ""source"": ""data_provider_or_ai""}"
201,7,2026-05-27,action,personalized_outbound,680,473,"{""workflow_run_id"": 101, ""source"": ""workflow_execution""}"
202,7,2026-05-27,data_credit,ai_research,376,473,"{""workflow_run_id"": 101, ""source"": ""data_provider_or_ai""}"
203,7,2026-05-04,action,personalized_outbound,2213,478,"{""workflow_run_id"": 102, ""source"": ""workflow_execution""}"
204,7,2026-05-04,data_credit,waterfall,198,478,"{""workflow_run_id"": 102, ""source"": ""data_provider_or_ai""}"
205,7,2026-04-11,action,waterfall_enrichment,2299,483,"{""workflow_run_id"": 103, ""source"": ""workflow_execution""}"
206,7,2026-04-11,data_credit,ai_research,211,483,"{""workflow_run_id"": 103, ""source"": ""data_provider_or_ai""}"
207,7,2026-05-02,action,crm_sync,1350,488,"{""workflow_run_id"": 104, ""source"": ""workflow_execution""}"
208,7,2026-05-02,data_credit,enrichment,139,488,"{""workflow_run_id"": 104, ""source"": ""data_provider_or_ai""}"
209,7,2026-05-08,action,waterfall_enrichment,139,493,"{""workflow_run_id"": 105, ""source"": ""workflow_execution""}"
210,7,2026-05-08,data_credit,enrichment,516,493,"{""workflow_run_id"": 105, ""source"": ""data_provider_or_ai""}"
211,7,2026-04-15,action,personalized_outbound,1973,498,"{""workflow_run_id"": 106, ""source"": ""workflow_execution""}"
212,7,2026-04-15,data_credit,waterfall,599,498,"{""workflow_run_id"": 106, ""source"": ""data_provider_or_ai""}"
213,7,2026-05-24,action,personalized_outbound,2777,503,"{""workflow_run_id"": 107, ""source"": ""workflow_execution""}"
214,7,2026-05-24,data_credit,enrichment,789,503,"{""workflow_run_id"": 107, ""source"": ""data_provider_or_ai""}"
215,7,2026-04-29,action,waterfall_enrichment,1251,506,"{""workflow_run_id"": 108, ""source"": ""workflow_execution""}"
216,7,2026-04-29,data_credit,waterfall,631,506,"{""workflow_run_id"": 108, ""source"": ""data_provider_or_ai""}"
217,7,2026-04-12,action,crm_sync,1419,509,"{""workflow_run_id"": 109, ""source"": ""workflow_execution""}"
218,7,2026-04-12,data_credit,waterfall,273,509,"{""workflow_run_id"": 109, ""source"": ""data_provider_or_ai""}"
219,7,2026-05-11,action,crm_sync,1440,514,"{""workflow_run_id"": 110, ""source"": ""workflow_execution""}"
220,7,2026-05-11,data_credit,enrichment,615,514,"{""workflow_run_id"": 110, ""source"": ""data_provider_or_ai""}"
221,7,2026-04-02,action,crm_sync,298,517,"{""workflow_run_id"": 111, ""source"": ""workflow_execution""}"
222,7,2026-04-02,data_credit,enrichment,67,517,"{""workflow_run_id"": 111, ""source"": ""data_provider_or_ai""}"
223,7,2026-06-10,action,lead_enrichment,2821,522,"{""workflow_run_id"": 112, ""source"": ""workflow_execution""}"
224,7,2026-06-10,data_credit,enrichment,684,522,"{""workflow_run_id"": 112, ""source"": ""data_provider_or_ai""}"
225,7,2026-03-28,action,ai_account_research,2942,527,"{""workflow_run_id"": 113, ""source"": ""workflow_execution""}"
226,7,2026-03-28,data_credit,ai_research,155,527,"{""workflow_run_id"": 113, ""source"": ""data_provider_or_ai""}"
227,7,2026-03-31,action,lead_enrichment,2672,532,"{""workflow_run_id"": 114, ""source"": ""workflow_execution""}"
228,7,2026-03-31,data_credit,enrichment,786,532,"{""workflow_run_id"": 114, ""source"": ""data_provider_or_ai""}"
229,7,2026-05-13,action,ai_account_research,2585,537,"{""workflow_run_id"": 115, ""source"": ""workflow_execution""}"
230,7,2026-05-13,data_credit,enrichment,541,537,"{""workflow_run_id"": 115, ""source"": ""data_provider_or_ai""}"
231,7,2026-05-11,action,ai_account_research,2428,542,"{""workflow_run_id"": 116, ""source"": ""workflow_execution""}"
232,7,2026-05-11,data_credit,ai_research,450,542,"{""workflow_run_id"": 116, ""source"": ""data_provider_or_ai""}"
233,7,2026-05-30,action,waterfall_enrichment,1273,547,"{""workflow_run_id"": 117, ""source"": ""workflow_execution""}"
234,7,2026-05-30,data_credit,waterfall,663,547,"{""workflow_run_id"": 117, ""source"": ""data_provider_or_ai""}"
235,7,2026-05-25,action,waterfall_enrichment,453,552,"{""workflow_run_id"": 118, ""source"": ""workflow_execution""}"
236,7,2026-05-25,data_credit,enrichment,464,552,"{""workflow_run_id"": 118, ""source"": ""data_provider_or_ai""}"
237,7,2026-05-19,action,crm_sync,220,557,"{""workflow_run_id"": 119, ""source"": ""workflow_execution""}"
238,7,2026-05-19,data_credit,ai_research,363,557,"{""workflow_run_id"": 119, ""source"": ""data_provider_or_ai""}"
239,7,2026-04-25,action,personalized_outbound,150,562,"{""workflow_run_id"": 120, ""source"": ""workflow_execution""}"
240,7,2026-04-25,data_credit,enrichment,270,562,"{""workflow_run_id"": 120, ""source"": ""data_provider_or_ai""}"
241,7,2026-05-21,action,ai_account_research,2857,567,"{""workflow_run_id"": 121, ""source"": ""workflow_execution""}"
242,7,2026-05-21,data_credit,enrichment,73,567,"{""workflow_run_id"": 121, ""source"": ""data_provider_or_ai""}"
243,7,2026-04-19,action,lead_enrichment,1608,572,"{""workflow_run_id"": 122, ""source"": ""workflow_execution""}"
244,7,2026-04-19,data_credit,ai_research,625,572,"{""workflow_run_id"": 122, ""source"": ""data_provider_or_ai""}"
245,7,2026-04-16,action,ai_account_research,2115,575,"{""workflow_run_id"": 123, ""source"": ""workflow_execution""}"
246,7,2026-04-16,data_credit,enrichment,81,575,"{""workflow_run_id"": 123, ""source"": ""data_provider_or_ai""}"
247,7,2026-04-26,action,ai_account_research,1881,580,"{""workflow_run_id"": 124, ""source"": ""workflow_execution""}"
248,7,2026-04-26,data_credit,enrichment,698,580,"{""workflow_run_id"": 124, ""source"": ""data_provider_or_ai""}"
249,7,2026-04-21,action,crm_sync,2008,585,"{""workflow_run_id"": 125, ""source"": ""workflow_execution""}"
250,7,2026-04-21,data_credit,ai_research,341,585,"{""workflow_run_id"": 125, ""source"": ""data_provider_or_ai""}"
251,7,2026-04-06,action,ai_account_research,2873,590,"{""workflow_run_id"": 126, ""source"": ""workflow_execution""}"
252,7,2026-04-06,data_credit,ai_research,326,590,"{""workflow_run_id"": 126, ""source"": ""data_provider_or_ai""}"
253,8,2026-05-03,action,crm_sync,2355,593,"{""workflow_run_id"": 127, ""source"": ""workflow_execution""}"
254,8,2026-05-03,data_credit,enrichment,510,593,"{""workflow_run_id"": 127, ""source"": ""data_provider_or_ai""}"
255,8,2026-04-28,action,waterfall_enrichment,339,598,"{""workflow_run_id"": 128, ""source"": ""workflow_execution""}"
256,8,2026-04-28,data_credit,waterfall,503,598,"{""workflow_run_id"": 128, ""source"": ""data_provider_or_ai""}"
257,8,2026-06-01,action,ai_account_research,2116,603,"{""workflow_run_id"": 129, ""source"": ""workflow_execution""}"
258,8,2026-06-01,data_credit,ai_research,575,603,"{""workflow_run_id"": 129, ""source"": ""data_provider_or_ai""}"
259,8,2026-05-09,action,lead_enrichment,2500,608,"{""workflow_run_id"": 130, ""source"": ""workflow_execution""}"
260,8,2026-05-09,data_credit,ai_research,123,608,"{""workflow_run_id"": 130, ""source"": ""data_provider_or_ai""}"
261,8,2026-05-25,action,ai_account_research,1456,613,"{""workflow_run_id"": 131, ""source"": ""workflow_execution""}"
262,8,2026-05-25,data_credit,enrichment,783,613,"{""workflow_run_id"": 131, ""source"": ""data_provider_or_ai""}"
263,8,2026-05-17,action,ai_account_research,1818,616,"{""workflow_run_id"": 132, ""source"": ""workflow_execution""}"
264,8,2026-05-17,data_credit,ai_research,190,616,"{""workflow_run_id"": 132, ""source"": ""data_provider_or_ai""}"
265,8,2026-06-19,action,personalized_outbound,2340,621,"{""workflow_run_id"": 133, ""source"": ""workflow_execution""}"
266,8,2026-06-19,data_credit,ai_research,115,621,"{""workflow_run_id"": 133, ""source"": ""data_provider_or_ai""}"
267,8,2026-07-02,action,lead_enrichment,2805,624,"{""workflow_run_id"": 134, ""source"": ""workflow_execution""}"
268,8,2026-07-02,data_credit,ai_research,308,624,"{""workflow_run_id"": 134, ""source"": ""data_provider_or_ai""}"
269,8,2026-05-17,action,personalized_outbound,2807,629,"{""workflow_run_id"": 135, ""source"": ""workflow_execution""}"
270,8,2026-05-17,data_credit,enrichment,291,629,"{""workflow_run_id"": 135, ""source"": ""data_provider_or_ai""}"
271,8,2026-07-08,action,crm_sync,1685,634,"{""workflow_run_id"": 136, ""source"": ""workflow_execution""}"
272,8,2026-07-08,data_credit,ai_research,555,634,"{""workflow_run_id"": 136, ""source"": ""data_provider_or_ai""}"
273,8,2026-06-24,action,waterfall_enrichment,420,637,"{""workflow_run_id"": 137, ""source"": ""workflow_execution""}"
274,8,2026-06-24,data_credit,ai_research,719,637,"{""workflow_run_id"": 137, ""source"": ""data_provider_or_ai""}"
275,8,2026-05-12,action,personalized_outbound,1508,642,"{""workflow_run_id"": 138, ""source"": ""workflow_execution""}"
276,8,2026-05-12,data_credit,ai_research,440,642,"{""workflow_run_id"": 138, ""source"": ""data_provider_or_ai""}"
277,8,2026-06-05,action,personalized_outbound,2951,647,"{""workflow_run_id"": 139, ""source"": ""workflow_execution""}"
278,8,2026-06-05,data_credit,enrichment,721,647,"{""workflow_run_id"": 139, ""source"": ""data_provider_or_ai""}"
279,8,2026-05-16,action,waterfall_enrichment,811,652,"{""workflow_run_id"": 140, ""source"": ""workflow_execution""}"
280,8,2026-05-16,data_credit,enrichment,217,652,"{""workflow_run_id"": 140, ""source"": ""data_provider_or_ai""}"
281,8,2026-04-24,action,lead_enrichment,1532,657,"{""workflow_run_id"": 141, ""source"": ""workflow_execution""}"
282,8,2026-04-24,data_credit,enrichment,372,657,"{""workflow_run_id"": 141, ""source"": ""data_provider_or_ai""}"
283,8,2026-05-20,action,lead_enrichment,641,660,"{""workflow_run_id"": 142, ""source"": ""workflow_execution""}"
284,8,2026-05-20,data_credit,enrichment,682,660,"{""workflow_run_id"": 142, ""source"": ""data_provider_or_ai""}"
285,8,2026-07-02,action,crm_sync,2073,665,"{""workflow_run_id"": 143, ""source"": ""workflow_execution""}"
286,8,2026-07-02,data_credit,ai_research,85,665,"{""workflow_run_id"": 143, ""source"": ""data_provider_or_ai""}"
287,8,2026-05-22,action,crm_sync,1690,670,"{""workflow_run_id"": 144, ""source"": ""workflow_execution""}"
288,8,2026-05-22,data_credit,enrichment,774,670,"{""workflow_run_id"": 144, ""source"": ""data_provider_or_ai""}"
289,9,2026-07-17,action,personalized_outbound,2097,675,"{""workflow_run_id"": 145, ""source"": ""workflow_execution""}"
290,9,2026-07-17,data_credit,waterfall,360,675,"{""workflow_run_id"": 145, ""source"": ""data_provider_or_ai""}"
291,9,2026-05-19,action,lead_enrichment,2275,680,"{""workflow_run_id"": 146, ""source"": ""workflow_execution""}"
292,9,2026-05-19,data_credit,enrichment,215,680,"{""workflow_run_id"": 146, ""source"": ""data_provider_or_ai""}"
293,9,2026-07-22,action,ai_account_research,1483,685,"{""workflow_run_id"": 147, ""source"": ""workflow_execution""}"
294,9,2026-07-22,data_credit,waterfall,464,685,"{""workflow_run_id"": 147, ""source"": ""data_provider_or_ai""}"
295,9,2026-05-14,action,waterfall_enrichment,1147,688,"{""workflow_run_id"": 148, ""source"": ""workflow_execution""}"
296,9,2026-05-14,data_credit,waterfall,567,688,"{""workflow_run_id"": 148, ""source"": ""data_provider_or_ai""}"
297,9,2026-05-03,action,lead_enrichment,2195,691,"{""workflow_run_id"": 149, ""source"": ""workflow_execution""}"
298,9,2026-05-03,data_credit,waterfall,756,691,"{""workflow_run_id"": 149, ""source"": ""data_provider_or_ai""}"
299,9,2026-05-12,action,lead_enrichment,2851,696,"{""workflow_run_id"": 150, ""source"": ""workflow_execution""}"
300,9,2026-05-12,data_credit,enrichment,111,696,"{""workflow_run_id"": 150, ""source"": ""data_provider_or_ai""}"
301,9,2026-07-09,action,lead_enrichment,1575,701,"{""workflow_run_id"": 151, ""source"": ""workflow_execution""}"
302,9,2026-07-09,data_credit,ai_research,713,701,"{""workflow_run_id"": 151, ""source"": ""data_provider_or_ai""}"
303,9,2026-06-20,action,lead_enrichment,1741,706,"{""workflow_run_id"": 152, ""source"": ""workflow_execution""}"
304,9,2026-06-20,data_credit,ai_research,429,706,"{""workflow_run_id"": 152, ""source"": ""data_provider_or_ai""}"
305,9,2026-05-31,action,waterfall_enrichment,1171,711,"{""workflow_run_id"": 153, ""source"": ""workflow_execution""}"
306,9,2026-05-31,data_credit,ai_research,690,711,"{""workflow_run_id"": 153, ""source"": ""data_provider_or_ai""}"
307,9,2026-04-28,action,personalized_outbound,1086,716,"{""workflow_run_id"": 154, ""source"": ""workflow_execution""}"
308,9,2026-04-28,data_credit,ai_research,358,716,"{""workflow_run_id"": 154, ""source"": ""data_provider_or_ai""}"
309,9,2026-05-03,action,waterfall_enrichment,2403,721,"{""workflow_run_id"": 155, ""source"": ""workflow_execution""}"
310,9,2026-05-03,data_credit,waterfall,231,721,"{""workflow_run_id"": 155, ""source"": ""data_provider_or_ai""}"
311,9,2026-07-21,action,crm_sync,2602,724,"{""workflow_run_id"": 156, ""source"": ""workflow_execution""}"
312,9,2026-07-21,data_credit,enrichment,220,724,"{""workflow_run_id"": 156, ""source"": ""data_provider_or_ai""}"
313,9,2026-05-12,action,waterfall_enrichment,2182,729,"{""workflow_run_id"": 157, ""source"": ""workflow_execution""}"
314,9,2026-05-12,data_credit,waterfall,201,729,"{""workflow_run_id"": 157, ""source"": ""data_provider_or_ai""}"
315,9,2026-07-10,action,ai_account_research,2854,734,"{""workflow_run_id"": 158, ""source"": ""workflow_execution""}"
316,9,2026-07-10,data_credit,waterfall,155,734,"{""workflow_run_id"": 158, ""source"": ""data_provider_or_ai""}"
317,9,2026-07-19,action,crm_sync,918,739,"{""workflow_run_id"": 159, ""source"": ""workflow_execution""}"
318,9,2026-07-19,data_credit,enrichment,293,739,"{""workflow_run_id"": 159, ""source"": ""data_provider_or_ai""}"
319,9,2026-06-02,action,lead_enrichment,2641,744,"{""workflow_run_id"": 160, ""source"": ""workflow_execution""}"
320,9,2026-06-02,data_credit,enrichment,473,744,"{""workflow_run_id"": 160, ""source"": ""data_provider_or_ai""}"
321,9,2026-07-17,action,crm_sync,759,749,"{""workflow_run_id"": 161, ""source"": ""workflow_execution""}"
322,9,2026-07-17,data_credit,ai_research,618,749,"{""workflow_run_id"": 161, ""source"": ""data_provider_or_ai""}"
323,9,2026-04-27,action,ai_account_research,1006,754,"{""workflow_run_id"": 162, ""source"": ""workflow_execution""}"
324,9,2026-04-27,data_credit,waterfall,238,754,"{""workflow_run_id"": 162, ""source"": ""data_provider_or_ai""}"
325,9,2026-06-08,action,ai_account_research,1925,759,"{""workflow_run_id"": 163, ""source"": ""workflow_execution""}"
326,9,2026-06-08,data_credit,enrichment,518,759,"{""workflow_run_id"": 163, ""source"": ""data_provider_or_ai""}"
327,10,2026-04-26,action,ai_account_research,1287,764,"{""workflow_run_id"": 164, ""source"": ""workflow_execution""}"
328,10,2026-04-26,data_credit,ai_research,722,764,"{""workflow_run_id"": 164, ""source"": ""data_provider_or_ai""}"
329,10,2026-07-08,action,waterfall_enrichment,2300,769,"{""workflow_run_id"": 165, ""source"": ""workflow_execution""}"
330,10,2026-07-08,data_credit,enrichment,580,769,"{""workflow_run_id"": 165, ""source"": ""data_provider_or_ai""}"
331,10,2026-05-31,action,crm_sync,2740,774,"{""workflow_run_id"": 166, ""source"": ""workflow_execution""}"
332,10,2026-05-31,data_credit,enrichment,582,774,"{""workflow_run_id"": 166, ""source"": ""data_provider_or_ai""}"
333,10,2026-05-29,action,lead_enrichment,2416,779,"{""workflow_run_id"": 167, ""source"": ""workflow_execution""}"
334,10,2026-05-29,data_credit,ai_research,600,779,"{""workflow_run_id"": 167, ""source"": ""data_provider_or_ai""}"
335,10,2026-06-01,action,crm_sync,2666,784,"{""workflow_run_id"": 168, ""source"": ""workflow_execution""}"
336,10,2026-06-01,data_credit,waterfall,98,784,"{""workflow_run_id"": 168, ""source"": ""data_provider_or_ai""}"
337,10,2026-05-01,action,personalized_outbound,1725,789,"{""workflow_run_id"": 169, ""source"": ""workflow_execution""}"
338,10,2026-05-01,data_credit,waterfall,392,789,"{""workflow_run_id"": 169, ""source"": ""data_provider_or_ai""}"
339,10,2026-04-23,action,personalized_outbound,1182,794,"{""workflow_run_id"": 170, ""source"": ""workflow_execution""}"
340,10,2026-04-23,data_credit,enrichment,398,794,"{""workflow_run_id"": 170, ""source"": ""data_provider_or_ai""}"
341,10,2026-04-27,action,crm_sync,2215,799,"{""workflow_run_id"": 171, ""source"": ""workflow_execution""}"
342,10,2026-04-27,data_credit,ai_research,435,799,"{""workflow_run_id"": 171, ""source"": ""data_provider_or_ai""}"
343,10,2026-06-05,action,personalized_outbound,1783,802,"{""workflow_run_id"": 172, ""source"": ""workflow_execution""}"
344,10,2026-06-05,data_credit,enrichment,42,802,"{""workflow_run_id"": 172, ""source"": ""data_provider_or_ai""}"
345,10,2026-04-27,action,ai_account_research,2486,807,"{""workflow_run_id"": 173, ""source"": ""workflow_execution""}"
346,10,2026-04-27,data_credit,waterfall,206,807,"{""workflow_run_id"": 173, ""source"": ""data_provider_or_ai""}"
347,10,2026-07-15,action,crm_sync,2618,812,"{""workflow_run_id"": 174, ""source"": ""workflow_execution""}"
348,10,2026-07-15,data_credit,enrichment,634,812,"{""workflow_run_id"": 174, ""source"": ""data_provider_or_ai""}"
349,11,2026-03-08,action,personalized_outbound,2182,817,"{""workflow_run_id"": 175, ""source"": ""workflow_execution""}"
350,11,2026-03-08,data_credit,ai_research,430,817,"{""workflow_run_id"": 175, ""source"": ""data_provider_or_ai""}"
351,11,2026-04-14,action,lead_enrichment,817,822,"{""workflow_run_id"": 176, ""source"": ""workflow_execution""}"
352,11,2026-04-14,data_credit,ai_research,675,822,"{""workflow_run_id"": 176, ""source"": ""data_provider_or_ai""}"
353,11,2026-03-31,action,personalized_outbound,455,827,"{""workflow_run_id"": 177, ""source"": ""workflow_execution""}"
354,11,2026-03-31,data_credit,ai_research,302,827,"{""workflow_run_id"": 177, ""source"": ""data_provider_or_ai""}"
355,11,2026-03-20,action,personalized_outbound,1767,832,"{""workflow_run_id"": 178, ""source"": ""workflow_execution""}"
356,11,2026-03-20,data_credit,enrichment,538,832,"{""workflow_run_id"": 178, ""source"": ""data_provider_or_ai""}"
357,11,2026-04-15,action,crm_sync,1667,837,"{""workflow_run_id"": 179, ""source"": ""workflow_execution""}"
358,11,2026-04-15,data_credit,enrichment,668,837,"{""workflow_run_id"": 179, ""source"": ""data_provider_or_ai""}"
359,11,2026-04-30,action,crm_sync,2051,842,"{""workflow_run_id"": 180, ""source"": ""workflow_execution""}"
360,11,2026-04-30,data_credit,ai_research,341,842,"{""workflow_run_id"": 180, ""source"": ""data_provider_or_ai""}"
361,11,2026-03-02,action,ai_account_research,2614,847,"{""workflow_run_id"": 181, ""source"": ""workflow_execution""}"
362,11,2026-03-02,data_credit,waterfall,26,847,"{""workflow_run_id"": 181, ""source"": ""data_provider_or_ai""}"
363,11,2026-02-08,action,personalized_outbound,2911,852,"{""workflow_run_id"": 182, ""source"": ""workflow_execution""}"
364,11,2026-02-08,data_credit,ai_research,198,852,"{""workflow_run_id"": 182, ""source"": ""data_provider_or_ai""}"
365,11,2026-02-18,action,crm_sync,1836,857,"{""workflow_run_id"": 183, ""source"": ""workflow_execution""}"
366,11,2026-02-18,data_credit,ai_research,235,857,"{""workflow_run_id"": 183, ""source"": ""data_provider_or_ai""}"
367,11,2026-05-03,action,waterfall_enrichment,903,862,"{""workflow_run_id"": 184, ""source"": ""workflow_execution""}"
368,11,2026-05-03,data_credit,waterfall,169,862,"{""workflow_run_id"": 184, ""source"": ""data_provider_or_ai""}"
369,12,2026-04-11,action,personalized_outbound,2504,867,"{""workflow_run_id"": 185, ""source"": ""workflow_execution""}"
370,12,2026-04-11,data_credit,ai_research,553,867,"{""workflow_run_id"": 185, ""source"": ""data_provider_or_ai""}"
371,12,2026-04-06,action,lead_enrichment,2246,872,"{""workflow_run_id"": 186, ""source"": ""workflow_execution""}"
372,12,2026-04-06,data_credit,enrichment,105,872,"{""workflow_run_id"": 186, ""source"": ""data_provider_or_ai""}"
373,12,2026-03-18,action,waterfall_enrichment,2346,877,"{""workflow_run_id"": 187, ""source"": ""workflow_execution""}"
374,12,2026-03-18,data_credit,enrichment,475,877,"{""workflow_run_id"": 187, ""source"": ""data_provider_or_ai""}"
375,12,2026-05-13,action,personalized_outbound,1508,882,"{""workflow_run_id"": 188, ""source"": ""workflow_execution""}"
376,12,2026-05-13,data_credit,ai_research,313,882,"{""workflow_run_id"": 188, ""source"": ""data_provider_or_ai""}"
377,12,2026-04-22,action,waterfall_enrichment,2661,887,"{""workflow_run_id"": 189, ""source"": ""workflow_execution""}"
378,12,2026-04-22,data_credit,waterfall,265,887,"{""workflow_run_id"": 189, ""source"": ""data_provider_or_ai""}"
379,12,2026-05-02,action,crm_sync,1413,892,"{""workflow_run_id"": 190, ""source"": ""workflow_execution""}"
380,12,2026-05-02,data_credit,enrichment,39,892,"{""workflow_run_id"": 190, ""source"": ""data_provider_or_ai""}"
381,12,2026-02-19,action,lead_enrichment,2141,897,"{""workflow_run_id"": 191, ""source"": ""workflow_execution""}"
382,12,2026-02-19,data_credit,ai_research,400,897,"{""workflow_run_id"": 191, ""source"": ""data_provider_or_ai""}"
383,12,2026-05-13,action,lead_enrichment,1914,902,"{""workflow_run_id"": 192, ""source"": ""workflow_execution""}"
384,12,2026-05-13,data_credit,waterfall,273,902,"{""workflow_run_id"": 192, ""source"": ""data_provider_or_ai""}"
385,12,2026-02-17,action,lead_enrichment,1137,907,"{""workflow_run_id"": 193, ""source"": ""workflow_execution""}"
386,12,2026-02-17,data_credit,waterfall,512,907,"{""workflow_run_id"": 193, ""source"": ""data_provider_or_ai""}"
387,12,2026-03-23,action,lead_enrichment,2919,912,"{""workflow_run_id"": 194, ""source"": ""workflow_execution""}"
388,12,2026-03-23,data_credit,enrichment,630,912,"{""workflow_run_id"": 194, ""source"": ""data_provider_or_ai""}"
389,12,2026-04-01,action,ai_account_research,1896,917,"{""workflow_run_id"": 195, ""source"": ""workflow_execution""}"
390,12,2026-04-01,data_credit,enrichment,770,917,"{""workflow_run_id"": 195, ""source"": ""data_provider_or_ai""}"
391,12,2026-02-15,action,ai_account_research,2318,922,"{""workflow_run_id"": 196, ""source"": ""workflow_execution""}"
392,12,2026-02-15,data_credit,ai_research,395,922,"{""workflow_run_id"": 196, ""source"": ""data_provider_or_ai""}"
393,12,2026-02-13,action,waterfall_enrichment,2246,927,"{""workflow_run_id"": 197, ""source"": ""workflow_execution""}"
394,12,2026-02-13,data_credit,ai_research,719,927,"{""workflow_run_id"": 197, ""source"": ""data_provider_or_ai""}"
395,12,2026-04-24,action,crm_sync,2438,932,"{""workflow_run_id"": 198, ""source"": ""workflow_execution""}"
396,12,2026-04-24,data_credit,ai_research,677,932,"{""workflow_run_id"": 198, ""source"": ""data_provider_or_ai""}"
397,12,2026-05-08,action,personalized_outbound,2385,937,"{""workflow_run_id"": 199, ""source"": ""workflow_execution""}"
398,12,2026-05-08,data_credit,ai_research,781,937,"{""workflow_run_id"": 199, ""source"": ""data_provider_or_ai""}"
399,12,2026-04-01,action,personalized_outbound,2790,942,"{""workflow_run_id"": 200, ""source"": ""workflow_execution""}"
400,12,2026-04-01,data_credit,waterfall,274,942,"{""workflow_run_id"": 200, ""source"": ""data_provider_or_ai""}"
401,12,2026-05-04,action,personalized_outbound,1788,947,"{""workflow_run_id"": 201, ""source"": ""workflow_execution""}"
402,12,2026-05-04,data_credit,ai_research,668,947,"{""workflow_run_id"": 201, ""source"": ""data_provider_or_ai""}"
403,12,2026-03-26,action,personalized_outbound,188,952,"{""workflow_run_id"": 202, ""source"": ""workflow_execution""}"
404,12,2026-03-26,data_credit,ai_research,726,952,"{""workflow_run_id"": 202, ""source"": ""data_provider_or_ai""}"
405,12,2026-04-24,action,personalized_outbound,2076,957,"{""workflow_run_id"": 203, ""source"": ""workflow_execution""}"
406,12,2026-04-24,data_credit,ai_research,197,957,"{""workflow_run_id"": 203, ""source"": ""data_provider_or_ai""}"
407,12,2026-05-12,action,lead_enrichment,2247,962,"{""workflow_run_id"": 204, ""source"": ""workflow_execution""}"
408,12,2026-05-12,data_credit,ai_research,62,962,"{""workflow_run_id"": 204, ""source"": ""data_provider_or_ai""}"
409,12,2026-04-23,action,personalized_outbound,438,967,"{""workflow_run_id"": 205, ""source"": ""workflow_execution""}"
410,12,2026-04-23,data_credit,waterfall,507,967,"{""workflow_run_id"": 205, ""source"": ""data_provider_or_ai""}"
411,12,2026-02-19,action,lead_enrichment,1834,972,"{""workflow_run_id"": 206, ""source"": ""workflow_execution""}"
412,12,2026-02-19,data_credit,ai_research,394,972,"{""workflow_run_id"": 206, ""source"": ""data_provider_or_ai""}"
413,12,2026-03-09,action,lead_enrichment,323,977,"{""workflow_run_id"": 207, ""source"": ""workflow_execution""}"
414,12,2026-03-09,data_credit,waterfall,268,977,"{""workflow_run_id"": 207, ""source"": ""data_provider_or_ai""}"
415,12,2026-03-03,action,crm_sync,2487,982,"{""workflow_run_id"": 208, ""source"": ""workflow_execution""}"
416,12,2026-03-03,data_credit,waterfall,699,982,"{""workflow_run_id"": 208, ""source"": ""data_provider_or_ai""}"
417,12,2026-02-18,action,crm_sync,507,987,"{""workflow_run_id"": 209, ""source"": ""workflow_execution""}"
418,12,2026-02-18,data_credit,ai_research,343,987,"{""workflow_run_id"": 209, ""source"": ""data_provider_or_ai""}"
419,12,2026-04-30,action,ai_account_research,353,992,"{""workflow_run_id"": 210, ""source"": ""workflow_execution""}"
420,12,2026-04-30,data_credit,ai_research,660,992,"{""workflow_run_id"": 210, ""source"": ""data_provider_or_ai""}"
421,12,2026-04-03,action,lead_enrichment,1379,995,"{""workflow_run_id"": 211, ""source"": ""workflow_execution""}"
422,12,2026-04-03,data_credit,ai_research,639,995,"{""workflow_run_id"": 211, ""source"": ""data_provider_or_ai""}"
423,12,2026-04-11,action,ai_account_research,1342,1000,"{""workflow_run_id"": 212, ""source"": ""workflow_execution""}"
424,12,2026-04-11,data_credit,waterfall,473,1000,"{""workflow_run_id"": 212, ""source"": ""data_provider_or_ai""}"
425,12,2026-05-05,action,ai_account_research,2576,1005,"{""workflow_run_id"": 213, ""source"": ""workflow_execution""}"
426,12,2026-05-05,data_credit,waterfall,500,1005,"{""workflow_run_id"": 213, ""source"": ""data_provider_or_ai""}"
427,12,2026-05-07,action,waterfall_enrichment,937,1010,"{""workflow_run_id"": 214, ""source"": ""workflow_execution""}"
428,12,2026-05-07,data_credit,enrichment,87,1010,"{""workflow_run_id"": 214, ""source"": ""data_provider_or_ai""}"
429,12,2026-04-10,action,crm_sync,2224,1015,"{""workflow_run_id"": 215, ""source"": ""workflow_execution""}"
430,12,2026-04-10,data_credit,ai_research,570,1015,"{""workflow_run_id"": 215, ""source"": ""data_provider_or_ai""}"
431,12,2026-02-18,action,lead_enrichment,1793,1020,"{""workflow_run_id"": 216, ""source"": ""workflow_execution""}"
432,12,2026-02-18,data_credit,ai_research,351,1020,"{""workflow_run_id"": 216, ""source"": ""data_provider_or_ai""}"
433,12,2026-02-16,action,ai_account_research,449,1025,"{""workflow_run_id"": 217, ""source"": ""workflow_execution""}"
434,12,2026-02-16,data_credit,waterfall,556,1025,"{""workflow_run_id"": 217, ""source"": ""data_provider_or_ai""}"
435,13,2026-03-24,action,personalized_outbound,2832,1030,"{""workflow_run_id"": 218, ""source"": ""workflow_execution""}"
436,13,2026-03-24,data_credit,waterfall,611,1030,"{""workflow_run_id"": 218, ""source"": ""data_provider_or_ai""}"
437,13,2026-03-04,action,lead_enrichment,377,1033,"{""workflow_run_id"": 219, ""source"": ""workflow_execution""}"
438,13,2026-03-04,data_credit,ai_research,796,1033,"{""workflow_run_id"": 219, ""source"": ""data_provider_or_ai""}"
439,13,2026-04-05,action,ai_account_research,2081,1038,"{""workflow_run_id"": 220, ""source"": ""workflow_execution""}"
440,13,2026-04-05,data_credit,waterfall,761,1038,"{""workflow_run_id"": 220, ""source"": ""data_provider_or_ai""}"
441,13,2026-04-12,action,crm_sync,2004,1041,"{""workflow_run_id"": 221, ""source"": ""workflow_execution""}"
442,13,2026-04-12,data_credit,enrichment,660,1041,"{""workflow_run_id"": 221, ""source"": ""data_provider_or_ai""}"
443,13,2026-02-20,action,waterfall_enrichment,1722,1046,"{""workflow_run_id"": 222, ""source"": ""workflow_execution""}"
444,13,2026-02-20,data_credit,waterfall,761,1046,"{""workflow_run_id"": 222, ""source"": ""data_provider_or_ai""}"
445,13,2026-04-13,action,ai_account_research,1326,1049,"{""workflow_run_id"": 223, ""source"": ""workflow_execution""}"
446,13,2026-04-13,data_credit,waterfall,598,1049,"{""workflow_run_id"": 223, ""source"": ""data_provider_or_ai""}"
447,13,2026-04-21,action,lead_enrichment,1951,1054,"{""workflow_run_id"": 224, ""source"": ""workflow_execution""}"
448,13,2026-04-21,data_credit,enrichment,329,1054,"{""workflow_run_id"": 224, ""source"": ""data_provider_or_ai""}"
449,13,2026-04-02,action,crm_sync,502,1059,"{""workflow_run_id"": 225, ""source"": ""workflow_execution""}"
450,13,2026-04-02,data_credit,waterfall,548,1059,"{""workflow_run_id"": 225, ""source"": ""data_provider_or_ai""}"
451,13,2026-02-10,action,waterfall_enrichment,1407,1064,"{""workflow_run_id"": 226, ""source"": ""workflow_execution""}"
452,13,2026-02-10,data_credit,waterfall,471,1064,"{""workflow_run_id"": 226, ""source"": ""data_provider_or_ai""}"
453,13,2026-02-09,action,crm_sync,307,1069,"{""workflow_run_id"": 227, ""source"": ""workflow_execution""}"
454,13,2026-02-09,data_credit,enrichment,153,1069,"{""workflow_run_id"": 227, ""source"": ""data_provider_or_ai""}"
455,13,2026-03-26,action,lead_enrichment,1371,1074,"{""workflow_run_id"": 228, ""source"": ""workflow_execution""}"
456,13,2026-03-26,data_credit,waterfall,720,1074,"{""workflow_run_id"": 228, ""source"": ""data_provider_or_ai""}"
457,13,2026-03-25,action,ai_account_research,1761,1079,"{""workflow_run_id"": 229, ""source"": ""workflow_execution""}"
458,13,2026-03-25,data_credit,enrichment,751,1079,"{""workflow_run_id"": 229, ""source"": ""data_provider_or_ai""}"
459,13,2026-03-07,action,crm_sync,808,1084,"{""workflow_run_id"": 230, ""source"": ""workflow_execution""}"
460,13,2026-03-07,data_credit,waterfall,698,1084,"{""workflow_run_id"": 230, ""source"": ""data_provider_or_ai""}"
461,14,2026-05-21,action,personalized_outbound,355,1089,"{""workflow_run_id"": 231, ""source"": ""workflow_execution""}"
462,14,2026-05-21,data_credit,waterfall,398,1089,"{""workflow_run_id"": 231, ""source"": ""data_provider_or_ai""}"
463,14,2026-03-31,action,crm_sync,1281,1094,"{""workflow_run_id"": 232, ""source"": ""workflow_execution""}"
464,14,2026-03-31,data_credit,enrichment,706,1094,"{""workflow_run_id"": 232, ""source"": ""data_provider_or_ai""}"
465,14,2026-04-11,action,lead_enrichment,861,1099,"{""workflow_run_id"": 233, ""source"": ""workflow_execution""}"
466,14,2026-04-11,data_credit,waterfall,454,1099,"{""workflow_run_id"": 233, ""source"": ""data_provider_or_ai""}"
467,14,2026-03-25,action,ai_account_research,2256,1104,"{""workflow_run_id"": 234, ""source"": ""workflow_execution""}"
468,14,2026-03-25,data_credit,ai_research,788,1104,"{""workflow_run_id"": 234, ""source"": ""data_provider_or_ai""}"
469,14,2026-05-23,action,personalized_outbound,351,1109,"{""workflow_run_id"": 235, ""source"": ""workflow_execution""}"
470,14,2026-05-23,data_credit,ai_research,664,1109,"{""workflow_run_id"": 235, ""source"": ""data_provider_or_ai""}"
471,14,2026-06-07,action,crm_sync,2799,1114,"{""workflow_run_id"": 236, ""source"": ""workflow_execution""}"
472,14,2026-06-07,data_credit,ai_research,477,1114,"{""workflow_run_id"": 236, ""source"": ""data_provider_or_ai""}"
473,14,2026-04-16,action,ai_account_research,2466,1117,"{""workflow_run_id"": 237, ""source"": ""workflow_execution""}"
474,14,2026-04-16,data_credit,ai_research,771,1117,"{""workflow_run_id"": 237, ""source"": ""data_provider_or_ai""}"
475,14,2026-03-31,action,lead_enrichment,2276,1122,"{""workflow_run_id"": 238, ""source"": ""workflow_execution""}"
476,14,2026-03-31,data_credit,ai_research,672,1122,"{""workflow_run_id"": 238, ""source"": ""data_provider_or_ai""}"
477,15,2026-04-11,action,ai_account_research,3000,1127,"{""workflow_run_id"": 239, ""source"": ""workflow_execution""}"
478,15,2026-04-11,data_credit,enrichment,142,1127,"{""workflow_run_id"": 239, ""source"": ""data_provider_or_ai""}"
479,15,2026-06-14,action,personalized_outbound,2935,1132,"{""workflow_run_id"": 240, ""source"": ""workflow_execution""}"
480,15,2026-06-14,data_credit,ai_research,703,1132,"{""workflow_run_id"": 240, ""source"": ""data_provider_or_ai""}"
481,15,2026-04-30,action,crm_sync,2614,1135,"{""workflow_run_id"": 241, ""source"": ""workflow_execution""}"
482,15,2026-04-30,data_credit,enrichment,678,1135,"{""workflow_run_id"": 241, ""source"": ""data_provider_or_ai""}"
483,15,2026-05-24,action,lead_enrichment,2453,1140,"{""workflow_run_id"": 242, ""source"": ""workflow_execution""}"
484,15,2026-05-24,data_credit,waterfall,23,1140,"{""workflow_run_id"": 242, ""source"": ""data_provider_or_ai""}"
485,15,2026-05-30,action,lead_enrichment,1287,1145,"{""workflow_run_id"": 243, ""source"": ""workflow_execution""}"
486,15,2026-05-30,data_credit,enrichment,683,1145,"{""workflow_run_id"": 243, ""source"": ""data_provider_or_ai""}"
487,15,2026-04-20,action,waterfall_enrichment,2103,1150,"{""workflow_run_id"": 244, ""source"": ""workflow_execution""}"
488,15,2026-04-20,data_credit,enrichment,418,1150,"{""workflow_run_id"": 244, ""source"": ""data_provider_or_ai""}"
489,15,2026-06-06,action,personalized_outbound,2778,1155,"{""workflow_run_id"": 245, ""source"": ""workflow_execution""}"
490,15,2026-06-06,data_credit,ai_research,39,1155,"{""workflow_run_id"": 245, ""source"": ""data_provider_or_ai""}"
491,15,2026-06-16,action,ai_account_research,1845,1160,"{""workflow_run_id"": 246, ""source"": ""workflow_execution""}"
492,15,2026-06-16,data_credit,waterfall,365,1160,"{""workflow_run_id"": 246, ""source"": ""data_provider_or_ai""}"
493,15,2026-06-23,action,personalized_outbound,2952,1165,"{""workflow_run_id"": 247, ""source"": ""workflow_execution""}"
494,15,2026-06-23,data_credit,waterfall,398,1165,"{""workflow_run_id"": 247, ""source"": ""data_provider_or_ai""}"
495,15,2026-04-19,action,personalized_outbound,2242,1170,"{""workflow_run_id"": 248, ""source"": ""workflow_execution""}"
496,15,2026-04-19,data_credit,ai_research,481,1170,"{""workflow_run_id"": 248, ""source"": ""data_provider_or_ai""}"
497,15,2026-04-28,action,lead_enrichment,1232,1175,"{""workflow_run_id"": 249, ""source"": ""workflow_execution""}"
498,15,2026-04-28,data_credit,enrichment,74,1175,"{""workflow_run_id"": 249, ""source"": ""data_provider_or_ai""}"
499,15,2026-04-12,action,waterfall_enrichment,2086,1180,"{""workflow_run_id"": 250, ""source"": ""workflow_execution""}"
500,15,2026-04-12,data_credit,enrichment,547,1180,"{""workflow_run_id"": 250, ""source"": ""data_provider_or_ai""}"
501,15,2026-04-07,action,waterfall_enrichment,1003,1185,"{""workflow_run_id"": 251, ""source"": ""workflow_execution""}"
502,15,2026-04-07,data_credit,ai_research,95,1185,"{""workflow_run_id"": 251, ""source"": ""data_provider_or_ai""}"
503,15,2026-06-11,action,waterfall_enrichment,801,1190,"{""workflow_run_id"": 252, ""source"": ""workflow_execution""}"
504,15,2026-06-11,data_credit,ai_research,798,1190,"{""workflow_run_id"": 252, ""source"": ""data_provider_or_ai""}"
505,16,2026-04-12,action,lead_enrichment,857,1195,"{""workflow_run_id"": 253, ""source"": ""workflow_execution""}"
506,16,2026-04-12,data_credit,waterfall,399,1195,"{""workflow_run_id"": 253, ""source"": ""data_provider_or_ai""}"
507,16,2026-04-26,action,lead_enrichment,1668,1200,"{""workflow_run_id"": 254, ""source"": ""workflow_execution""}"
508,16,2026-04-26,data_credit,ai_research,394,1200,"{""workflow_run_id"": 254, ""source"": ""data_provider_or_ai""}"
509,16,2026-05-16,action,ai_account_research,1544,1205,"{""workflow_run_id"": 255, ""source"": ""workflow_execution""}"
510,16,2026-05-16,data_credit,waterfall,293,1205,"{""workflow_run_id"": 255, ""source"": ""data_provider_or_ai""}"
511,16,2026-05-24,action,lead_enrichment,1281,1210,"{""workflow_run_id"": 256, ""source"": ""workflow_execution""}"
512,16,2026-05-24,data_credit,enrichment,98,1210,"{""workflow_run_id"": 256, ""source"": ""data_provider_or_ai""}"
513,16,2026-03-19,action,ai_account_research,190,1215,"{""workflow_run_id"": 257, ""source"": ""workflow_execution""}"
514,16,2026-03-19,data_credit,waterfall,257,1215,"{""workflow_run_id"": 257, ""source"": ""data_provider_or_ai""}"
515,16,2026-05-19,action,crm_sync,707,1220,"{""workflow_run_id"": 258, ""source"": ""workflow_execution""}"
516,16,2026-05-19,data_credit,ai_research,381,1220,"{""workflow_run_id"": 258, ""source"": ""data_provider_or_ai""}"
517,16,2026-04-25,action,ai_account_research,940,1225,"{""workflow_run_id"": 259, ""source"": ""workflow_execution""}"
518,16,2026-04-25,data_credit,waterfall,595,1225,"{""workflow_run_id"": 259, ""source"": ""data_provider_or_ai""}"
519,16,2026-03-02,action,crm_sync,1411,1230,"{""workflow_run_id"": 260, ""source"": ""workflow_execution""}"
520,16,2026-03-02,data_credit,enrichment,179,1230,"{""workflow_run_id"": 260, ""source"": ""data_provider_or_ai""}"
521,17,2026-03-18,action,personalized_outbound,1919,1235,"{""workflow_run_id"": 261, ""source"": ""workflow_execution""}"
522,17,2026-03-18,data_credit,ai_research,779,1235,"{""workflow_run_id"": 261, ""source"": ""data_provider_or_ai""}"
523,17,2026-04-19,action,waterfall_enrichment,2376,1240,"{""workflow_run_id"": 262, ""source"": ""workflow_execution""}"
524,17,2026-04-19,data_credit,waterfall,493,1240,"{""workflow_run_id"": 262, ""source"": ""data_provider_or_ai""}"
525,17,2026-05-05,action,ai_account_research,2778,1243,"{""workflow_run_id"": 263, ""source"": ""workflow_execution""}"
526,17,2026-05-05,data_credit,ai_research,701,1243,"{""workflow_run_id"": 263, ""source"": ""data_provider_or_ai""}"
527,17,2026-04-16,action,ai_account_research,698,1248,"{""workflow_run_id"": 264, ""source"": ""workflow_execution""}"
528,17,2026-04-16,data_credit,ai_research,347,1248,"{""workflow_run_id"": 264, ""source"": ""data_provider_or_ai""}"
529,17,2026-05-21,action,lead_enrichment,1421,1253,"{""workflow_run_id"": 265, ""source"": ""workflow_execution""}"
530,17,2026-05-21,data_credit,waterfall,343,1253,"{""workflow_run_id"": 265, ""source"": ""data_provider_or_ai""}"
531,17,2026-04-01,action,crm_sync,1809,1258,"{""workflow_run_id"": 266, ""source"": ""workflow_execution""}"
532,17,2026-04-01,data_credit,enrichment,491,1258,"{""workflow_run_id"": 266, ""source"": ""data_provider_or_ai""}"
533,17,2026-03-08,action,lead_enrichment,633,1263,"{""workflow_run_id"": 267, ""source"": ""workflow_execution""}"
534,17,2026-03-08,data_credit,ai_research,100,1263,"{""workflow_run_id"": 267, ""source"": ""data_provider_or_ai""}"
535,17,2026-05-21,action,lead_enrichment,587,1266,"{""workflow_run_id"": 268, ""source"": ""workflow_execution""}"
536,17,2026-05-21,data_credit,enrichment,279,1266,"{""workflow_run_id"": 268, ""source"": ""data_provider_or_ai""}"
537,17,2026-03-02,action,lead_enrichment,1542,1271,"{""workflow_run_id"": 269, ""source"": ""workflow_execution""}"
538,17,2026-03-02,data_credit,waterfall,184,1271,"{""workflow_run_id"": 269, ""source"": ""data_provider_or_ai""}"
539,17,2026-05-11,action,lead_enrichment,2959,1276,"{""workflow_run_id"": 270, ""source"": ""workflow_execution""}"
540,17,2026-05-11,data_credit,enrichment,623,1276,"{""workflow_run_id"": 270, ""source"": ""data_provider_or_ai""}"
541,17,2026-04-19,action,ai_account_research,1261,1279,"{""workflow_run_id"": 271, ""source"": ""workflow_execution""}"
542,17,2026-04-19,data_credit,waterfall,487,1279,"{""workflow_run_id"": 271, ""source"": ""data_provider_or_ai""}"
543,17,2026-04-02,action,waterfall_enrichment,2518,1282,"{""workflow_run_id"": 272, ""source"": ""workflow_execution""}"
544,17,2026-04-02,data_credit,waterfall,124,1282,"{""workflow_run_id"": 272, ""source"": ""data_provider_or_ai""}"
545,18,2026-07-05,action,waterfall_enrichment,2139,1285,"{""workflow_run_id"": 273, ""source"": ""workflow_execution""}"
546,18,2026-07-05,data_credit,waterfall,522,1285,"{""workflow_run_id"": 273, ""source"": ""data_provider_or_ai""}"
547,18,2026-05-13,action,personalized_outbound,548,1290,"{""workflow_run_id"": 274, ""source"": ""workflow_execution""}"
548,18,2026-05-13,data_credit,waterfall,602,1290,"{""workflow_run_id"": 274, ""source"": ""data_provider_or_ai""}"
549,18,2026-06-11,action,personalized_outbound,2870,1293,"{""workflow_run_id"": 275, ""source"": ""workflow_execution""}"
550,18,2026-06-11,data_credit,ai_research,381,1293,"{""workflow_run_id"": 275, ""source"": ""data_provider_or_ai""}"
551,18,2026-05-21,action,lead_enrichment,795,1298,"{""workflow_run_id"": 276, ""source"": ""workflow_execution""}"
552,18,2026-05-21,data_credit,waterfall,40,1298,"{""workflow_run_id"": 276, ""source"": ""data_provider_or_ai""}"
553,18,2026-05-21,action,waterfall_enrichment,500,1301,"{""workflow_run_id"": 277, ""source"": ""workflow_execution""}"
554,18,2026-05-21,data_credit,enrichment,520,1301,"{""workflow_run_id"": 277, ""source"": ""data_provider_or_ai""}"
555,18,2026-07-07,action,waterfall_enrichment,2524,1306,"{""workflow_run_id"": 278, ""source"": ""workflow_execution""}"
556,18,2026-07-07,data_credit,ai_research,364,1306,"{""workflow_run_id"": 278, ""source"": ""data_provider_or_ai""}"
557,18,2026-04-18,action,waterfall_enrichment,2671,1309,"{""workflow_run_id"": 279, ""source"": ""workflow_execution""}"
558,18,2026-04-18,data_credit,waterfall,740,1309,"{""workflow_run_id"": 279, ""source"": ""data_provider_or_ai""}"
559,18,2026-05-03,action,waterfall_enrichment,1275,1312,"{""workflow_run_id"": 280, ""source"": ""workflow_execution""}"
560,18,2026-05-03,data_credit,enrichment,681,1312,"{""workflow_run_id"": 280, ""source"": ""data_provider_or_ai""}"
561,19,2026-06-10,action,ai_account_research,1586,1317,"{""workflow_run_id"": 281, ""source"": ""workflow_execution""}"
562,19,2026-06-10,data_credit,waterfall,506,1317,"{""workflow_run_id"": 281, ""source"": ""data_provider_or_ai""}"
563,19,2026-06-08,action,personalized_outbound,1064,1322,"{""workflow_run_id"": 282, ""source"": ""workflow_execution""}"
564,19,2026-06-08,data_credit,enrichment,324,1322,"{""workflow_run_id"": 282, ""source"": ""data_provider_or_ai""}"
565,19,2026-05-12,action,waterfall_enrichment,1438,1327,"{""workflow_run_id"": 283, ""source"": ""workflow_execution""}"
566,19,2026-05-12,data_credit,waterfall,484,1327,"{""workflow_run_id"": 283, ""source"": ""data_provider_or_ai""}"
567,19,2026-04-25,action,ai_account_research,2059,1332,"{""workflow_run_id"": 284, ""source"": ""workflow_execution""}"
568,19,2026-04-25,data_credit,enrichment,772,1332,"{""workflow_run_id"": 284, ""source"": ""data_provider_or_ai""}"
569,19,2026-05-25,action,crm_sync,1742,1337,"{""workflow_run_id"": 285, ""source"": ""workflow_execution""}"
570,19,2026-05-25,data_credit,ai_research,652,1337,"{""workflow_run_id"": 285, ""source"": ""data_provider_or_ai""}"
571,19,2026-07-07,action,crm_sync,1259,1342,"{""workflow_run_id"": 286, ""source"": ""workflow_execution""}"
572,19,2026-07-07,data_credit,waterfall,764,1342,"{""workflow_run_id"": 286, ""source"": ""data_provider_or_ai""}"
573,19,2026-05-16,action,ai_account_research,2381,1347,"{""workflow_run_id"": 287, ""source"": ""workflow_execution""}"
574,19,2026-05-16,data_credit,enrichment,80,1347,"{""workflow_run_id"": 287, ""source"": ""data_provider_or_ai""}"
575,19,2026-06-03,action,crm_sync,1399,1352,"{""workflow_run_id"": 288, ""source"": ""workflow_execution""}"
576,19,2026-06-03,data_credit,waterfall,747,1352,"{""workflow_run_id"": 288, ""source"": ""data_provider_or_ai""}"
577,19,2026-06-16,action,crm_sync,873,1357,"{""workflow_run_id"": 289, ""source"": ""workflow_execution""}"
578,19,2026-06-16,data_credit,enrichment,172,1357,"{""workflow_run_id"": 289, ""source"": ""data_provider_or_ai""}"
579,19,2026-05-21,action,crm_sync,2490,1362,"{""workflow_run_id"": 290, ""source"": ""workflow_execution""}"
580,19,2026-05-21,data_credit,waterfall,24,1362,"{""workflow_run_id"": 290, ""source"": ""data_provider_or_ai""}"
581,19,2026-07-04,action,lead_enrichment,729,1367,"{""workflow_run_id"": 291, ""source"": ""workflow_execution""}"
582,19,2026-07-04,data_credit,enrichment,49,1367,"{""workflow_run_id"": 291, ""source"": ""data_provider_or_ai""}"
583,19,2026-06-19,action,waterfall_enrichment,829,1372,"{""workflow_run_id"": 292, ""source"": ""workflow_execution""}"
584,19,2026-06-19,data_credit,ai_research,265,1372,"{""workflow_run_id"": 292, ""source"": ""data_provider_or_ai""}"
585,19,2026-05-03,action,ai_account_research,493,1375,"{""workflow_run_id"": 293, ""source"": ""workflow_execution""}"
586,19,2026-05-03,data_credit,waterfall,396,1375,"{""workflow_run_id"": 293, ""source"": ""data_provider_or_ai""}"
587,19,2026-05-17,action,waterfall_enrichment,2752,1380,"{""workflow_run_id"": 294, ""source"": ""workflow_execution""}"
588,19,2026-05-17,data_credit,waterfall,722,1380,"{""workflow_run_id"": 294, ""source"": ""data_provider_or_ai""}"
589,19,2026-05-11,action,personalized_outbound,2428,1385,"{""workflow_run_id"": 295, ""source"": ""workflow_execution""}"
590,19,2026-05-11,data_credit,waterfall,68,1385,"{""workflow_run_id"": 295, ""source"": ""data_provider_or_ai""}"
591,20,2026-05-11,action,waterfall_enrichment,165,1390,"{""workflow_run_id"": 296, ""source"": ""workflow_execution""}"
592,20,2026-05-11,data_credit,enrichment,732,1390,"{""workflow_run_id"": 296, ""source"": ""data_provider_or_ai""}"
593,20,2026-03-20,action,ai_account_research,2432,1395,"{""workflow_run_id"": 297, ""source"": ""workflow_execution""}"
594,20,2026-03-20,data_credit,enrichment,421,1395,"{""workflow_run_id"": 297, ""source"": ""data_provider_or_ai""}"
595,20,2026-04-28,action,waterfall_enrichment,2650,1400,"{""workflow_run_id"": 298, ""source"": ""workflow_execution""}"
596,20,2026-04-28,data_credit,ai_research,681,1400,"{""workflow_run_id"": 298, ""source"": ""data_provider_or_ai""}"
597,20,2026-05-13,action,ai_account_research,809,1405,"{""workflow_run_id"": 299, ""source"": ""workflow_execution""}"
598,20,2026-05-13,data_credit,enrichment,224,1405,"{""workflow_run_id"": 299, ""source"": ""data_provider_or_ai""}"
599,20,2026-06-02,action,waterfall_enrichment,2629,1410,"{""workflow_run_id"": 300, ""source"": ""workflow_execution""}"
600,20,2026-06-02,data_credit,enrichment,252,1410,"{""workflow_run_id"": 300, ""source"": ""data_provider_or_ai""}"
601,20,2026-05-27,action,crm_sync,1296,1415,"{""workflow_run_id"": 301, ""source"": ""workflow_execution""}"
602,20,2026-05-27,data_credit,ai_research,745,1415,"{""workflow_run_id"": 301, ""source"": ""data_provider_or_ai""}"
603,20,2026-05-20,action,lead_enrichment,1274,1420,"{""workflow_run_id"": 302, ""source"": ""workflow_execution""}"
604,20,2026-05-20,data_credit,enrichment,537,1420,"{""workflow_run_id"": 302, ""source"": ""data_provider_or_ai""}"
605,21,2026-06-18,action,personalized_outbound,1262,1423,"{""workflow_run_id"": 303, ""source"": ""workflow_execution""}"
606,21,2026-06-18,data_credit,enrichment,238,1423,"{""workflow_run_id"": 303, ""source"": ""data_provider_or_ai""}"
607,21,2026-06-30,action,crm_sync,607,1428,"{""workflow_run_id"": 304, ""source"": ""workflow_execution""}"
608,21,2026-06-30,data_credit,waterfall,68,1428,"{""workflow_run_id"": 304, ""source"": ""data_provider_or_ai""}"
609,21,2026-05-11,action,lead_enrichment,435,1433,"{""workflow_run_id"": 305, ""source"": ""workflow_execution""}"
610,21,2026-05-11,data_credit,enrichment,114,1433,"{""workflow_run_id"": 305, ""source"": ""data_provider_or_ai""}"
611,21,2026-06-19,action,ai_account_research,233,1438,"{""workflow_run_id"": 306, ""source"": ""workflow_execution""}"
612,21,2026-06-19,data_credit,enrichment,784,1438,"{""workflow_run_id"": 306, ""source"": ""data_provider_or_ai""}"
613,21,2026-07-06,action,lead_enrichment,682,1441,"{""workflow_run_id"": 307, ""source"": ""workflow_execution""}"
614,21,2026-07-06,data_credit,ai_research,623,1441,"{""workflow_run_id"": 307, ""source"": ""data_provider_or_ai""}"
615,21,2026-05-02,action,crm_sync,710,1446,"{""workflow_run_id"": 308, ""source"": ""workflow_execution""}"
616,21,2026-05-02,data_credit,ai_research,765,1446,"{""workflow_run_id"": 308, ""source"": ""data_provider_or_ai""}"
617,21,2026-05-07,action,personalized_outbound,2737,1451,"{""workflow_run_id"": 309, ""source"": ""workflow_execution""}"
618,21,2026-05-07,data_credit,enrichment,592,1451,"{""workflow_run_id"": 309, ""source"": ""data_provider_or_ai""}"
619,21,2026-05-20,action,lead_enrichment,2585,1456,"{""workflow_run_id"": 310, ""source"": ""workflow_execution""}"
620,21,2026-05-20,data_credit,ai_research,348,1456,"{""workflow_run_id"": 310, ""source"": ""data_provider_or_ai""}"
621,21,2026-07-10,action,lead_enrichment,1268,1461,"{""workflow_run_id"": 311, ""source"": ""workflow_execution""}"
622,21,2026-07-10,data_credit,enrichment,167,1461,"{""workflow_run_id"": 311, ""source"": ""data_provider_or_ai""}"
623,21,2026-05-28,action,crm_sync,2119,1466,"{""workflow_run_id"": 312, ""source"": ""workflow_execution""}"
624,21,2026-05-28,data_credit,waterfall,540,1466,"{""workflow_run_id"": 312, ""source"": ""data_provider_or_ai""}"
625,22,2026-02-23,action,personalized_outbound,963,1471,"{""workflow_run_id"": 313, ""source"": ""workflow_execution""}"
626,22,2026-02-23,data_credit,waterfall,645,1471,"{""workflow_run_id"": 313, ""source"": ""data_provider_or_ai""}"
627,22,2026-04-04,action,crm_sync,2952,1476,"{""workflow_run_id"": 314, ""source"": ""workflow_execution""}"
628,22,2026-04-04,data_credit,ai_research,740,1476,"{""workflow_run_id"": 314, ""source"": ""data_provider_or_ai""}"
629,22,2026-04-14,action,lead_enrichment,1251,1481,"{""workflow_run_id"": 315, ""source"": ""workflow_execution""}"
630,22,2026-04-14,data_credit,waterfall,716,1481,"{""workflow_run_id"": 315, ""source"": ""data_provider_or_ai""}"
631,22,2026-04-09,action,personalized_outbound,367,1486,"{""workflow_run_id"": 316, ""source"": ""workflow_execution""}"
632,22,2026-04-09,data_credit,enrichment,622,1486,"{""workflow_run_id"": 316, ""source"": ""data_provider_or_ai""}"
633,22,2026-03-03,action,personalized_outbound,2011,1491,"{""workflow_run_id"": 317, ""source"": ""workflow_execution""}"
634,22,2026-03-03,data_credit,ai_research,527,1491,"{""workflow_run_id"": 317, ""source"": ""data_provider_or_ai""}"
635,22,2026-04-30,action,ai_account_research,1123,1496,"{""workflow_run_id"": 318, ""source"": ""workflow_execution""}"
636,22,2026-04-30,data_credit,enrichment,221,1496,"{""workflow_run_id"": 318, ""source"": ""data_provider_or_ai""}"
637,22,2026-04-06,action,lead_enrichment,1069,1501,"{""workflow_run_id"": 319, ""source"": ""workflow_execution""}"
638,22,2026-04-06,data_credit,waterfall,94,1501,"{""workflow_run_id"": 319, ""source"": ""data_provider_or_ai""}"
639,22,2026-05-13,action,waterfall_enrichment,369,1506,"{""workflow_run_id"": 320, ""source"": ""workflow_execution""}"
640,22,2026-05-13,data_credit,waterfall,124,1506,"{""workflow_run_id"": 320, ""source"": ""data_provider_or_ai""}"
641,22,2026-03-02,action,waterfall_enrichment,1959,1511,"{""workflow_run_id"": 321, ""source"": ""workflow_execution""}"
642,22,2026-03-02,data_credit,ai_research,549,1511,"{""workflow_run_id"": 321, ""source"": ""data_provider_or_ai""}"
643,22,2026-05-09,action,lead_enrichment,2494,1516,"{""workflow_run_id"": 322, ""source"": ""workflow_execution""}"
644,22,2026-05-09,data_credit,waterfall,466,1516,"{""workflow_run_id"": 322, ""source"": ""data_provider_or_ai""}"
645,22,2026-05-17,action,personalized_outbound,1828,1521,"{""workflow_run_id"": 323, ""source"": ""workflow_execution""}"
646,22,2026-05-17,data_credit,enrichment,372,1521,"{""workflow_run_id"": 323, ""source"": ""data_provider_or_ai""}"
647,22,2026-03-20,action,lead_enrichment,1457,1524,"{""workflow_run_id"": 324, ""source"": ""workflow_execution""}"
648,22,2026-03-20,data_credit,ai_research,777,1524,"{""workflow_run_id"": 324, ""source"": ""data_provider_or_ai""}"
649,22,2026-03-21,action,lead_enrichment,813,1529,"{""workflow_run_id"": 325, ""source"": ""workflow_execution""}"
650,22,2026-03-21,data_credit,ai_research,244,1529,"{""workflow_run_id"": 325, ""source"": ""data_provider_or_ai""}"
651,22,2026-03-17,action,ai_account_research,1968,1534,"{""workflow_run_id"": 326, ""source"": ""workflow_execution""}"
652,22,2026-03-17,data_credit,ai_research,265,1534,"{""workflow_run_id"": 326, ""source"": ""data_provider_or_ai""}"
653,22,2026-04-11,action,personalized_outbound,1112,1539,"{""workflow_run_id"": 327, ""source"": ""workflow_execution""}"
654,22,2026-04-11,data_credit,waterfall,74,1539,"{""workflow_run_id"": 327, ""source"": ""data_provider_or_ai""}"
655,22,2026-03-30,action,personalized_outbound,2001,1544,"{""workflow_run_id"": 328, ""source"": ""workflow_execution""}"
656,22,2026-03-30,data_credit,ai_research,203,1544,"{""workflow_run_id"": 328, ""source"": ""data_provider_or_ai""}"
657,22,2026-04-11,action,waterfall_enrichment,2440,1549,"{""workflow_run_id"": 329, ""source"": ""workflow_execution""}"
658,22,2026-04-11,data_credit,ai_research,180,1549,"{""workflow_run_id"": 329, ""source"": ""data_provider_or_ai""}"
659,22,2026-03-27,action,lead_enrichment,1057,1554,"{""workflow_run_id"": 330, ""source"": ""workflow_execution""}"
660,22,2026-03-27,data_credit,waterfall,291,1554,"{""workflow_run_id"": 330, ""source"": ""data_provider_or_ai""}"
661,22,2026-03-04,action,crm_sync,2899,1557,"{""workflow_run_id"": 331, ""source"": ""workflow_execution""}"
662,22,2026-03-04,data_credit,enrichment,301,1557,"{""workflow_run_id"": 331, ""source"": ""data_provider_or_ai""}"
663,23,2026-04-25,action,ai_account_research,1700,1562,"{""workflow_run_id"": 332, ""source"": ""workflow_execution""}"
664,23,2026-04-25,data_credit,waterfall,85,1562,"{""workflow_run_id"": 332, ""source"": ""data_provider_or_ai""}"
665,23,2026-03-21,action,crm_sync,1292,1567,"{""workflow_run_id"": 333, ""source"": ""workflow_execution""}"
666,23,2026-03-21,data_credit,waterfall,695,1567,"{""workflow_run_id"": 333, ""source"": ""data_provider_or_ai""}"
667,23,2026-02-08,action,personalized_outbound,2506,1572,"{""workflow_run_id"": 334, ""source"": ""workflow_execution""}"
668,23,2026-02-08,data_credit,waterfall,227,1572,"{""workflow_run_id"": 334, ""source"": ""data_provider_or_ai""}"
669,23,2026-04-28,action,lead_enrichment,2630,1577,"{""workflow_run_id"": 335, ""source"": ""workflow_execution""}"
670,23,2026-04-28,data_credit,ai_research,770,1577,"{""workflow_run_id"": 335, ""source"": ""data_provider_or_ai""}"
671,23,2026-03-30,action,ai_account_research,2166,1580,"{""workflow_run_id"": 336, ""source"": ""workflow_execution""}"
672,23,2026-03-30,data_credit,ai_research,353,1580,"{""workflow_run_id"": 336, ""source"": ""data_provider_or_ai""}"
673,23,2026-03-29,action,personalized_outbound,2085,1585,"{""workflow_run_id"": 337, ""source"": ""workflow_execution""}"
674,23,2026-03-29,data_credit,enrichment,492,1585,"{""workflow_run_id"": 337, ""source"": ""data_provider_or_ai""}"
675,23,2026-02-10,action,waterfall_enrichment,987,1590,"{""workflow_run_id"": 338, ""source"": ""workflow_execution""}"
676,23,2026-02-10,data_credit,enrichment,751,1590,"{""workflow_run_id"": 338, ""source"": ""data_provider_or_ai""}"
677,23,2026-04-27,action,lead_enrichment,2885,1595,"{""workflow_run_id"": 339, ""source"": ""workflow_execution""}"
678,23,2026-04-27,data_credit,enrichment,705,1595,"{""workflow_run_id"": 339, ""source"": ""data_provider_or_ai""}"
679,23,2026-02-28,action,ai_account_research,1979,1600,"{""workflow_run_id"": 340, ""source"": ""workflow_execution""}"
680,23,2026-02-28,data_credit,enrichment,245,1600,"{""workflow_run_id"": 340, ""source"": ""data_provider_or_ai""}"
681,23,2026-04-25,action,personalized_outbound,2702,1605,"{""workflow_run_id"": 341, ""source"": ""workflow_execution""}"
682,23,2026-04-25,data_credit,waterfall,799,1605,"{""workflow_run_id"": 341, ""source"": ""data_provider_or_ai""}"
683,23,2026-03-12,action,lead_enrichment,1068,1610,"{""workflow_run_id"": 342, ""source"": ""workflow_execution""}"
684,23,2026-03-12,data_credit,ai_research,775,1610,"{""workflow_run_id"": 342, ""source"": ""data_provider_or_ai""}"
685,23,2026-03-03,action,ai_account_research,1400,1615,"{""workflow_run_id"": 343, ""source"": ""workflow_execution""}"
686,23,2026-03-03,data_credit,enrichment,679,1615,"{""workflow_run_id"": 343, ""source"": ""data_provider_or_ai""}"
687,23,2026-04-07,action,crm_sync,1417,1618,"{""workflow_run_id"": 344, ""source"": ""workflow_execution""}"
688,23,2026-04-07,data_credit,ai_research,207,1618,"{""workflow_run_id"": 344, ""source"": ""data_provider_or_ai""}"
689,23,2026-04-21,action,waterfall_enrichment,822,1623,"{""workflow_run_id"": 345, ""source"": ""workflow_execution""}"
690,23,2026-04-21,data_credit,enrichment,640,1623,"{""workflow_run_id"": 345, ""source"": ""data_provider_or_ai""}"
691,23,2026-03-10,action,ai_account_research,725,1628,"{""workflow_run_id"": 346, ""source"": ""workflow_execution""}"
692,23,2026-03-10,data_credit,waterfall,586,1628,"{""workflow_run_id"": 346, ""source"": ""data_provider_or_ai""}"
693,23,2026-02-22,action,crm_sync,1628,1633,"{""workflow_run_id"": 347, ""source"": ""workflow_execution""}"
694,23,2026-02-22,data_credit,ai_research,413,1633,"{""workflow_run_id"": 347, ""source"": ""data_provider_or_ai""}"
695,23,2026-03-11,action,lead_enrichment,2994,1636,"{""workflow_run_id"": 348, ""source"": ""workflow_execution""}"
696,23,2026-03-11,data_credit,enrichment,712,1636,"{""workflow_run_id"": 348, ""source"": ""data_provider_or_ai""}"
697,23,2026-04-30,action,crm_sync,2797,1641,"{""workflow_run_id"": 349, ""source"": ""workflow_execution""}"
698,23,2026-04-30,data_credit,waterfall,411,1641,"{""workflow_run_id"": 349, ""source"": ""data_provider_or_ai""}"
699,24,2026-06-11,action,lead_enrichment,350,1644,"{""workflow_run_id"": 350, ""source"": ""workflow_execution""}"
700,24,2026-06-11,data_credit,enrichment,292,1644,"{""workflow_run_id"": 350, ""source"": ""data_provider_or_ai""}"
701,24,2026-07-10,action,lead_enrichment,2601,1647,"{""workflow_run_id"": 351, ""source"": ""workflow_execution""}"
702,24,2026-07-10,data_credit,ai_research,78,1647,"{""workflow_run_id"": 351, ""source"": ""data_provider_or_ai""}"
703,24,2026-05-28,action,waterfall_enrichment,168,1652,"{""workflow_run_id"": 352, ""source"": ""workflow_execution""}"
704,24,2026-05-28,data_credit,ai_research,668,1652,"{""workflow_run_id"": 352, ""source"": ""data_provider_or_ai""}"
705,24,2026-04-21,action,waterfall_enrichment,1676,1655,"{""workflow_run_id"": 353, ""source"": ""workflow_execution""}"
706,24,2026-04-21,data_credit,waterfall,320,1655,"{""workflow_run_id"": 353, ""source"": ""data_provider_or_ai""}"
707,24,2026-05-10,action,personalized_outbound,756,1660,"{""workflow_run_id"": 354, ""source"": ""workflow_execution""}"
708,24,2026-05-10,data_credit,ai_research,354,1660,"{""workflow_run_id"": 354, ""source"": ""data_provider_or_ai""}"
709,24,2026-05-21,action,waterfall_enrichment,465,1663,"{""workflow_run_id"": 355, ""source"": ""workflow_execution""}"
710,24,2026-05-21,data_credit,waterfall,368,1663,"{""workflow_run_id"": 355, ""source"": ""data_provider_or_ai""}"
711,24,2026-06-30,action,lead_enrichment,2882,1666,"{""workflow_run_id"": 356, ""source"": ""workflow_execution""}"
712,24,2026-06-30,data_credit,waterfall,149,1666,"{""workflow_run_id"": 356, ""source"": ""data_provider_or_ai""}"
713,25,2026-02-10,action,waterfall_enrichment,959,1671,"{""workflow_run_id"": 357, ""source"": ""workflow_execution""}"
714,25,2026-02-10,data_credit,waterfall,243,1671,"{""workflow_run_id"": 357, ""source"": ""data_provider_or_ai""}"
715,25,2026-03-05,action,crm_sync,2211,1674,"{""workflow_run_id"": 358, ""source"": ""workflow_execution""}"
716,25,2026-03-05,data_credit,ai_research,685,1674,"{""workflow_run_id"": 358, ""source"": ""data_provider_or_ai""}"
717,25,2026-04-24,action,waterfall_enrichment,591,1677,"{""workflow_run_id"": 359, ""source"": ""workflow_execution""}"
718,25,2026-04-24,data_credit,enrichment,139,1677,"{""workflow_run_id"": 359, ""source"": ""data_provider_or_ai""}"
719,26,2026-04-13,action,ai_account_research,1542,1682,"{""workflow_run_id"": 360, ""source"": ""workflow_execution""}"
720,26,2026-04-13,data_credit,waterfall,640,1682,"{""workflow_run_id"": 360, ""source"": ""data_provider_or_ai""}"
721,26,2026-06-12,action,lead_enrichment,1968,1687,"{""workflow_run_id"": 361, ""source"": ""workflow_execution""}"
722,26,2026-06-12,data_credit,ai_research,105,1687,"{""workflow_run_id"": 361, ""source"": ""data_provider_or_ai""}"
723,26,2026-07-03,action,ai_account_research,2901,1690,"{""workflow_run_id"": 362, ""source"": ""workflow_execution""}"
724,26,2026-07-03,data_credit,ai_research,581,1690,"{""workflow_run_id"": 362, ""source"": ""data_provider_or_ai""}"
725,26,2026-04-16,action,crm_sync,2511,1695,"{""workflow_run_id"": 363, ""source"": ""workflow_execution""}"
726,26,2026-04-16,data_credit,enrichment,521,1695,"{""workflow_run_id"": 363, ""source"": ""data_provider_or_ai""}"
727,26,2026-06-14,action,crm_sync,2994,1700,"{""workflow_run_id"": 364, ""source"": ""workflow_execution""}"
728,26,2026-06-14,data_credit,enrichment,488,1700,"{""workflow_run_id"": 364, ""source"": ""data_provider_or_ai""}"
729,26,2026-06-03,action,personalized_outbound,143,1703,"{""workflow_run_id"": 365, ""source"": ""workflow_execution""}"
730,26,2026-06-03,data_credit,waterfall,454,1703,"{""workflow_run_id"": 365, ""source"": ""data_provider_or_ai""}"
731,26,2026-06-12,action,waterfall_enrichment,1021,1708,"{""workflow_run_id"": 366, ""source"": ""workflow_execution""}"
732,26,2026-06-12,data_credit,enrichment,199,1708,"{""workflow_run_id"": 366, ""source"": ""data_provider_or_ai""}"
733,27,2026-01-17,action,crm_sync,876,1713,"{""workflow_run_id"": 367, ""source"": ""workflow_execution""}"
734,27,2026-01-17,data_credit,enrichment,311,1713,"{""workflow_run_id"": 367, ""source"": ""data_provider_or_ai""}"
735,27,2026-01-19,action,crm_sync,737,1718,"{""workflow_run_id"": 368, ""source"": ""workflow_execution""}"
736,27,2026-01-19,data_credit,waterfall,372,1718,"{""workflow_run_id"": 368, ""source"": ""data_provider_or_ai""}"
737,27,2026-01-03,action,lead_enrichment,2971,1721,"{""workflow_run_id"": 369, ""source"": ""workflow_execution""}"
738,27,2026-01-03,data_credit,waterfall,273,1721,"{""workflow_run_id"": 369, ""source"": ""data_provider_or_ai""}"
739,27,2026-02-25,action,lead_enrichment,308,1724,"{""workflow_run_id"": 370, ""source"": ""workflow_execution""}"
740,27,2026-02-25,data_credit,ai_research,409,1724,"{""workflow_run_id"": 370, ""source"": ""data_provider_or_ai""}"
741,27,2026-03-10,action,ai_account_research,1812,1727,"{""workflow_run_id"": 371, ""source"": ""workflow_execution""}"
742,27,2026-03-10,data_credit,ai_research,272,1727,"{""workflow_run_id"": 371, ""source"": ""data_provider_or_ai""}"
743,27,2026-01-08,action,lead_enrichment,1580,1732,"{""workflow_run_id"": 372, ""source"": ""workflow_execution""}"
744,27,2026-01-08,data_credit,waterfall,780,1732,"{""workflow_run_id"": 372, ""source"": ""data_provider_or_ai""}"
745,27,2026-03-10,action,crm_sync,2042,1737,"{""workflow_run_id"": 373, ""source"": ""workflow_execution""}"
746,27,2026-03-10,data_credit,enrichment,799,1737,"{""workflow_run_id"": 373, ""source"": ""data_provider_or_ai""}"
747,28,2026-01-28,action,crm_sync,1245,1742,"{""workflow_run_id"": 374, ""source"": ""workflow_execution""}"
748,28,2026-01-28,data_credit,ai_research,200,1742,"{""workflow_run_id"": 374, ""source"": ""data_provider_or_ai""}"
749,28,2026-01-04,action,personalized_outbound,1981,1747,"{""workflow_run_id"": 375, ""source"": ""workflow_execution""}"
750,28,2026-01-04,data_credit,enrichment,209,1747,"{""workflow_run_id"": 375, ""source"": ""data_provider_or_ai""}"
751,28,2026-01-26,action,ai_account_research,148,1752,"{""workflow_run_id"": 376, ""source"": ""workflow_execution""}"
752,28,2026-01-26,data_credit,enrichment,637,1752,"{""workflow_run_id"": 376, ""source"": ""data_provider_or_ai""}"
753,28,2026-02-19,action,lead_enrichment,928,1757,"{""workflow_run_id"": 377, ""source"": ""workflow_execution""}"
754,28,2026-02-19,data_credit,ai_research,162,1757,"{""workflow_run_id"": 377, ""source"": ""data_provider_or_ai""}"
755,28,2026-03-15,action,ai_account_research,1801,1762,"{""workflow_run_id"": 378, ""source"": ""workflow_execution""}"
756,28,2026-03-15,data_credit,enrichment,165,1762,"{""workflow_run_id"": 378, ""source"": ""data_provider_or_ai""}"
757,28,2026-01-30,action,waterfall_enrichment,584,1767,"{""workflow_run_id"": 379, ""source"": ""workflow_execution""}"
758,28,2026-01-30,data_credit,enrichment,389,1767,"{""workflow_run_id"": 379, ""source"": ""data_provider_or_ai""}"
759,28,2026-01-07,action,waterfall_enrichment,412,1772,"{""workflow_run_id"": 380, ""source"": ""workflow_execution""}"
760,28,2026-01-07,data_credit,enrichment,22,1772,"{""workflow_run_id"": 380, ""source"": ""data_provider_or_ai""}"
761,28,2026-03-26,action,waterfall_enrichment,2778,1777,"{""workflow_run_id"": 381, ""source"": ""workflow_execution""}"
762,28,2026-03-26,data_credit,ai_research,271,1777,"{""workflow_run_id"": 381, ""source"": ""data_provider_or_ai""}"
763,28,2026-02-24,action,personalized_outbound,670,1782,"{""workflow_run_id"": 382, ""source"": ""workflow_execution""}"
764,28,2026-02-24,data_credit,ai_research,321,1782,"{""workflow_run_id"": 382, ""source"": ""data_provider_or_ai""}"
765,29,2026-04-20,action,ai_account_research,2574,1787,"{""workflow_run_id"": 383, ""source"": ""workflow_execution""}"
766,29,2026-04-20,data_credit,enrichment,789,1787,"{""workflow_run_id"": 383, ""source"": ""data_provider_or_ai""}"
767,30,2026-02-25,action,personalized_outbound,2978,1792,"{""workflow_run_id"": 384, ""source"": ""workflow_execution""}"
768,30,2026-02-25,data_credit,enrichment,710,1792,"{""workflow_run_id"": 384, ""source"": ""data_provider_or_ai""}"
769,30,2026-03-09,action,personalized_outbound,2891,1795,"{""workflow_run_id"": 385, ""source"": ""workflow_execution""}"
770,30,2026-03-09,data_credit,enrichment,689,1795,"{""workflow_run_id"": 385, ""source"": ""data_provider_or_ai""}"
771,30,2026-02-15,action,personalized_outbound,2341,1800,"{""workflow_run_id"": 386, ""source"": ""workflow_execution""}"
772,30,2026-02-15,data_credit,ai_research,109,1800,"{""workflow_run_id"": 386, ""source"": ""data_provider_or_ai""}"
773,30,2026-02-07,action,crm_sync,262,1805,"{""workflow_run_id"": 387, ""source"": ""workflow_execution""}"
774,30,2026-02-07,data_credit,ai_research,392,1805,"{""workflow_run_id"": 387, ""source"": ""data_provider_or_ai""}"
775,30,2026-03-18,action,ai_account_research,274,1808,"{""workflow_run_id"": 388, ""source"": ""workflow_execution""}"
776,30,2026-03-18,data_credit,waterfall,655,1808,"{""workflow_run_id"": 388, ""source"": ""data_provider_or_ai""}"
777,30,2026-02-02,action,personalized_outbound,917,1811,"{""workflow_run_id"": 389, ""source"": ""workflow_execution""}"
778,30,2026-02-02,data_credit,ai_research,431,1811,"{""workflow_run_id"": 389, ""source"": ""data_provider_or_ai""}"
779,31,2026-04-29,action,ai_account_research,2938,1816,"{""workflow_run_id"": 390, ""source"": ""workflow_execution""}"
780,31,2026-04-29,data_credit,ai_research,604,1816,"{""workflow_run_id"": 390, ""source"": ""data_provider_or_ai""}"
781,31,2026-03-04,action,personalized_outbound,115,1821,"{""workflow_run_id"": 391, ""source"": ""workflow_execution""}"
782,31,2026-03-04,data_credit,enrichment,481,1821,"{""workflow_run_id"": 391, ""source"": ""data_provider_or_ai""}"
783,31,2026-05-23,action,personalized_outbound,166,1826,"{""workflow_run_id"": 392, ""source"": ""workflow_execution""}"
784,31,2026-05-23,data_credit,ai_research,329,1826,"{""workflow_run_id"": 392, ""source"": ""data_provider_or_ai""}"
785,31,2026-05-06,action,waterfall_enrichment,2801,1831,"{""workflow_run_id"": 393, ""source"": ""workflow_execution""}"
786,31,2026-05-06,data_credit,waterfall,725,1831,"{""workflow_run_id"": 393, ""source"": ""data_provider_or_ai""}"
787,31,2026-04-27,action,personalized_outbound,2655,1836,"{""workflow_run_id"": 394, ""source"": ""workflow_execution""}"
788,31,2026-04-27,data_credit,enrichment,577,1836,"{""workflow_run_id"": 394, ""source"": ""data_provider_or_ai""}"
789,31,2026-05-23,action,lead_enrichment,1196,1841,"{""workflow_run_id"": 395, ""source"": ""workflow_execution""}"
790,31,2026-05-23,data_credit,ai_research,694,1841,"{""workflow_run_id"": 395, ""source"": ""data_provider_or_ai""}"
791,31,2026-04-11,action,waterfall_enrichment,798,1844,"{""workflow_run_id"": 396, ""source"": ""workflow_execution""}"
792,31,2026-04-11,data_credit,ai_research,605,1844,"{""workflow_run_id"": 396, ""source"": ""data_provider_or_ai""}"
793,31,2026-04-02,action,ai_account_research,1046,1847,"{""workflow_run_id"": 397, ""source"": ""workflow_execution""}"
794,31,2026-04-02,data_credit,waterfall,121,1847,"{""workflow_run_id"": 397, ""source"": ""data_provider_or_ai""}"
795,31,2026-03-19,action,personalized_outbound,422,1852,"{""workflow_run_id"": 398, ""source"": ""workflow_execution""}"
796,31,2026-03-19,data_credit,ai_research,605,1852,"{""workflow_run_id"": 398, ""source"": ""data_provider_or_ai""}"
797,31,2026-03-06,action,waterfall_enrichment,2669,1857,"{""workflow_run_id"": 399, ""source"": ""workflow_execution""}"
798,31,2026-03-06,data_credit,waterfall,43,1857,"{""workflow_run_id"": 399, ""source"": ""data_provider_or_ai""}"
799,31,2026-05-16,action,waterfall_enrichment,512,1862,"{""workflow_run_id"": 400, ""source"": ""workflow_execution""}"
800,31,2026-05-16,data_credit,enrichment,522,1862,"{""workflow_run_id"": 400, ""source"": ""data_provider_or_ai""}"
801,31,2026-04-24,action,lead_enrichment,1520,1867,"{""workflow_run_id"": 401, ""source"": ""workflow_execution""}"
802,31,2026-04-24,data_credit,waterfall,515,1867,"{""workflow_run_id"": 401, ""source"": ""data_provider_or_ai""}"
803,31,2026-05-18,action,personalized_outbound,2932,1872,"{""workflow_run_id"": 402, ""source"": ""workflow_execution""}"
804,31,2026-05-18,data_credit,ai_research,149,1872,"{""workflow_run_id"": 402, ""source"": ""data_provider_or_ai""}"
805,31,2026-04-07,action,lead_enrichment,2542,1877,"{""workflow_run_id"": 403, ""source"": ""workflow_execution""}"
806,31,2026-04-07,data_credit,ai_research,785,1877,"{""workflow_run_id"": 403, ""source"": ""data_provider_or_ai""}"
807,31,2026-04-12,action,waterfall_enrichment,1858,1882,"{""workflow_run_id"": 404, ""source"": ""workflow_execution""}"
808,31,2026-04-12,data_credit,ai_research,210,1882,"{""workflow_run_id"": 404, ""source"": ""data_provider_or_ai""}"
809,31,2026-04-03,action,crm_sync,2259,1887,"{""workflow_run_id"": 405, ""source"": ""workflow_execution""}"
810,31,2026-04-03,data_credit,enrichment,242,1887,"{""workflow_run_id"": 405, ""source"": ""data_provider_or_ai""}"
811,31,2026-05-13,action,lead_enrichment,588,1892,"{""workflow_run_id"": 406, ""source"": ""workflow_execution""}"
812,31,2026-05-13,data_credit,ai_research,147,1892,"{""workflow_run_id"": 406, ""source"": ""data_provider_or_ai""}"
813,31,2026-03-24,action,waterfall_enrichment,260,1897,"{""workflow_run_id"": 407, ""source"": ""workflow_execution""}"
814,31,2026-03-24,data_credit,waterfall,365,1897,"{""workflow_run_id"": 407, ""source"": ""data_provider_or_ai""}"
815,31,2026-03-05,action,waterfall_enrichment,1017,1902,"{""workflow_run_id"": 408, ""source"": ""workflow_execution""}"
816,31,2026-03-05,data_credit,enrichment,68,1902,"{""workflow_run_id"": 408, ""source"": ""data_provider_or_ai""}"
817,31,2026-03-20,action,waterfall_enrichment,2917,1905,"{""workflow_run_id"": 409, ""source"": ""workflow_execution""}"
818,31,2026-03-20,data_credit,ai_research,647,1905,"{""workflow_run_id"": 409, ""source"": ""data_provider_or_ai""}"
819,31,2026-04-06,action,ai_account_research,439,1910,"{""workflow_run_id"": 410, ""source"": ""workflow_execution""}"
820,31,2026-04-06,data_credit,waterfall,381,1910,"{""workflow_run_id"": 410, ""source"": ""data_provider_or_ai""}"
821,31,2026-04-03,action,ai_account_research,1377,1915,"{""workflow_run_id"": 411, ""source"": ""workflow_execution""}"
822,31,2026-04-03,data_credit,ai_research,745,1915,"{""workflow_run_id"": 411, ""source"": ""data_provider_or_ai""}"
823,31,2026-05-25,action,lead_enrichment,703,1920,"{""workflow_run_id"": 412, ""source"": ""workflow_execution""}"
824,31,2026-05-25,data_credit,enrichment,492,1920,"{""workflow_run_id"": 412, ""source"": ""data_provider_or_ai""}"
825,31,2026-03-17,action,waterfall_enrichment,1466,1925,"{""workflow_run_id"": 413, ""source"": ""workflow_execution""}"
826,31,2026-03-17,data_credit,ai_research,74,1925,"{""workflow_run_id"": 413, ""source"": ""data_provider_or_ai""}"
827,31,2026-04-06,action,waterfall_enrichment,2456,1930,"{""workflow_run_id"": 414, ""source"": ""workflow_execution""}"
828,31,2026-04-06,data_credit,enrichment,292,1930,"{""workflow_run_id"": 414, ""source"": ""data_provider_or_ai""}"
829,31,2026-03-11,action,ai_account_research,858,1935,"{""workflow_run_id"": 415, ""source"": ""workflow_execution""}"
830,31,2026-03-11,data_credit,waterfall,535,1935,"{""workflow_run_id"": 415, ""source"": ""data_provider_or_ai""}"
831,31,2026-05-21,action,ai_account_research,415,1940,"{""workflow_run_id"": 416, ""source"": ""workflow_execution""}"
832,31,2026-05-21,data_credit,waterfall,194,1940,"{""workflow_run_id"": 416, ""source"": ""data_provider_or_ai""}"
833,31,2026-03-04,action,waterfall_enrichment,785,1945,"{""workflow_run_id"": 417, ""source"": ""workflow_execution""}"
834,31,2026-03-04,data_credit,enrichment,793,1945,"{""workflow_run_id"": 417, ""source"": ""data_provider_or_ai""}"
835,31,2026-03-15,action,crm_sync,2908,1950,"{""workflow_run_id"": 418, ""source"": ""workflow_execution""}"
836,31,2026-03-15,data_credit,waterfall,551,1950,"{""workflow_run_id"": 418, ""source"": ""data_provider_or_ai""}"
837,31,2026-05-23,action,waterfall_enrichment,2881,1955,"{""workflow_run_id"": 419, ""source"": ""workflow_execution""}"
838,31,2026-05-23,data_credit,ai_research,377,1955,"{""workflow_run_id"": 419, ""source"": ""data_provider_or_ai""}"
839,31,2026-04-22,action,crm_sync,1281,1960,"{""workflow_run_id"": 420, ""source"": ""workflow_execution""}"
840,31,2026-04-22,data_credit,enrichment,132,1960,"{""workflow_run_id"": 420, ""source"": ""data_provider_or_ai""}"
841,31,2026-05-05,action,ai_account_research,1352,1965,"{""workflow_run_id"": 421, ""source"": ""workflow_execution""}"
842,31,2026-05-05,data_credit,ai_research,25,1965,"{""workflow_run_id"": 421, ""source"": ""data_provider_or_ai""}"
843,31,2026-04-17,action,lead_enrichment,1291,1970,"{""workflow_run_id"": 422, ""source"": ""workflow_execution""}"
844,31,2026-04-17,data_credit,enrichment,244,1970,"{""workflow_run_id"": 422, ""source"": ""data_provider_or_ai""}"
845,31,2026-05-02,action,waterfall_enrichment,2421,1975,"{""workflow_run_id"": 423, ""source"": ""workflow_execution""}"
846,31,2026-05-02,data_credit,ai_research,663,1975,"{""workflow_run_id"": 423, ""source"": ""data_provider_or_ai""}"
847,31,2026-05-11,action,waterfall_enrichment,2619,1980,"{""workflow_run_id"": 424, ""source"": ""workflow_execution""}"
848,31,2026-05-11,data_credit,enrichment,329,1980,"{""workflow_run_id"": 424, ""source"": ""data_provider_or_ai""}"
849,31,2026-05-16,action,personalized_outbound,322,1985,"{""workflow_run_id"": 425, ""source"": ""workflow_execution""}"
850,31,2026-05-16,data_credit,enrichment,106,1985,"{""workflow_run_id"": 425, ""source"": ""data_provider_or_ai""}"
851,31,2026-04-06,action,lead_enrichment,1015,1988,"{""workflow_run_id"": 426, ""source"": ""workflow_execution""}"
852,31,2026-04-06,data_credit,waterfall,711,1988,"{""workflow_run_id"": 426, ""source"": ""data_provider_or_ai""}"
853,31,2026-03-22,action,lead_enrichment,200,1993,"{""workflow_run_id"": 427, ""source"": ""workflow_execution""}"
854,31,2026-03-22,data_credit,ai_research,537,1993,"{""workflow_run_id"": 427, ""source"": ""data_provider_or_ai""}"
855,31,2026-04-22,action,crm_sync,2965,1996,"{""workflow_run_id"": 428, ""source"": ""workflow_execution""}"
856,31,2026-04-22,data_credit,enrichment,579,1996,"{""workflow_run_id"": 428, ""source"": ""data_provider_or_ai""}"
857,31,2026-05-02,action,lead_enrichment,1972,2001,"{""workflow_run_id"": 429, ""source"": ""workflow_execution""}"
858,31,2026-05-02,data_credit,waterfall,143,2001,"{""workflow_run_id"": 429, ""source"": ""data_provider_or_ai""}"
859,32,2026-01-11,action,waterfall_enrichment,376,2006,"{""workflow_run_id"": 430, ""source"": ""workflow_execution""}"
860,32,2026-01-11,data_credit,enrichment,66,2006,"{""workflow_run_id"": 430, ""source"": ""data_provider_or_ai""}"
861,32,2026-01-23,action,lead_enrichment,540,2011,"{""workflow_run_id"": 431, ""source"": ""workflow_execution""}"
862,32,2026-01-23,data_credit,ai_research,735,2011,"{""workflow_run_id"": 431, ""source"": ""data_provider_or_ai""}"
863,32,2026-02-20,action,personalized_outbound,675,2014,"{""workflow_run_id"": 432, ""source"": ""workflow_execution""}"
864,32,2026-02-20,data_credit,ai_research,25,2014,"{""workflow_run_id"": 432, ""source"": ""data_provider_or_ai""}"
865,32,2026-02-24,action,lead_enrichment,2633,2019,"{""workflow_run_id"": 433, ""source"": ""workflow_execution""}"
866,32,2026-02-24,data_credit,enrichment,592,2019,"{""workflow_run_id"": 433, ""source"": ""data_provider_or_ai""}"
867,32,2026-01-11,action,waterfall_enrichment,1699,2024,"{""workflow_run_id"": 434, ""source"": ""workflow_execution""}"
868,32,2026-01-11,data_credit,ai_research,740,2024,"{""workflow_run_id"": 434, ""source"": ""data_provider_or_ai""}"
869,32,2026-01-11,action,crm_sync,1450,2027,"{""workflow_run_id"": 435, ""source"": ""workflow_execution""}"
870,32,2026-01-11,data_credit,waterfall,795,2027,"{""workflow_run_id"": 435, ""source"": ""data_provider_or_ai""}"
871,32,2026-01-10,action,personalized_outbound,270,2032,"{""workflow_run_id"": 436, ""source"": ""workflow_execution""}"
872,32,2026-01-10,data_credit,enrichment,126,2032,"{""workflow_run_id"": 436, ""source"": ""data_provider_or_ai""}"
873,32,2026-03-07,action,crm_sync,583,2037,"{""workflow_run_id"": 437, ""source"": ""workflow_execution""}"
874,32,2026-03-07,data_credit,ai_research,650,2037,"{""workflow_run_id"": 437, ""source"": ""data_provider_or_ai""}"
875,32,2026-02-17,action,lead_enrichment,619,2042,"{""workflow_run_id"": 438, ""source"": ""workflow_execution""}"
876,32,2026-02-17,data_credit,enrichment,469,2042,"{""workflow_run_id"": 438, ""source"": ""data_provider_or_ai""}"
877,32,2026-02-08,action,personalized_outbound,2988,2047,"{""workflow_run_id"": 439, ""source"": ""workflow_execution""}"
878,32,2026-02-08,data_credit,ai_research,772,2047,"{""workflow_run_id"": 439, ""source"": ""data_provider_or_ai""}"
879,32,2026-01-31,action,crm_sync,1245,2052,"{""workflow_run_id"": 440, ""source"": ""workflow_execution""}"
880,32,2026-01-31,data_credit,enrichment,100,2052,"{""workflow_run_id"": 440, ""source"": ""data_provider_or_ai""}"
881,32,2026-01-20,action,ai_account_research,2143,2055,"{""workflow_run_id"": 441, ""source"": ""workflow_execution""}"
882,32,2026-01-20,data_credit,ai_research,54,2055,"{""workflow_run_id"": 441, ""source"": ""data_provider_or_ai""}"
883,33,2026-02-24,action,crm_sync,1482,2058,"{""workflow_run_id"": 442, ""source"": ""workflow_execution""}"
884,33,2026-02-24,data_credit,ai_research,604,2058,"{""workflow_run_id"": 442, ""source"": ""data_provider_or_ai""}"
885,33,2026-01-10,action,crm_sync,1232,2063,"{""workflow_run_id"": 443, ""source"": ""workflow_execution""}"
886,33,2026-01-10,data_credit,waterfall,644,2063,"{""workflow_run_id"": 443, ""source"": ""data_provider_or_ai""}"
887,33,2026-02-15,action,crm_sync,2475,2068,"{""workflow_run_id"": 444, ""source"": ""workflow_execution""}"
888,33,2026-02-15,data_credit,enrichment,344,2068,"{""workflow_run_id"": 444, ""source"": ""data_provider_or_ai""}"
889,33,2026-03-17,action,crm_sync,2889,2073,"{""workflow_run_id"": 445, ""source"": ""workflow_execution""}"
890,33,2026-03-17,data_credit,enrichment,445,2073,"{""workflow_run_id"": 445, ""source"": ""data_provider_or_ai""}"
891,33,2026-03-29,action,ai_account_research,1651,2076,"{""workflow_run_id"": 446, ""source"": ""workflow_execution""}"
892,33,2026-03-29,data_credit,enrichment,616,2076,"{""workflow_run_id"": 446, ""source"": ""data_provider_or_ai""}"
893,33,2026-03-31,action,lead_enrichment,2800,2081,"{""workflow_run_id"": 447, ""source"": ""workflow_execution""}"
894,33,2026-03-31,data_credit,waterfall,557,2081,"{""workflow_run_id"": 447, ""source"": ""data_provider_or_ai""}"
895,33,2026-03-03,action,personalized_outbound,2395,2086,"{""workflow_run_id"": 448, ""source"": ""workflow_execution""}"
896,33,2026-03-03,data_credit,enrichment,537,2086,"{""workflow_run_id"": 448, ""source"": ""data_provider_or_ai""}"
897,33,2026-02-21,action,ai_account_research,1773,2091,"{""workflow_run_id"": 449, ""source"": ""workflow_execution""}"
898,33,2026-02-21,data_credit,waterfall,451,2091,"{""workflow_run_id"": 449, ""source"": ""data_provider_or_ai""}"
899,33,2026-01-24,action,ai_account_research,1551,2096,"{""workflow_run_id"": 450, ""source"": ""workflow_execution""}"
900,33,2026-01-24,data_credit,ai_research,150,2096,"{""workflow_run_id"": 450, ""source"": ""data_provider_or_ai""}"
901,33,2026-04-05,action,crm_sync,2683,2101,"{""workflow_run_id"": 451, ""source"": ""workflow_execution""}"
902,33,2026-04-05,data_credit,waterfall,480,2101,"{""workflow_run_id"": 451, ""source"": ""data_provider_or_ai""}"
903,33,2026-03-02,action,ai_account_research,1497,2104,"{""workflow_run_id"": 452, ""source"": ""workflow_execution""}"
904,33,2026-03-02,data_credit,waterfall,69,2104,"{""workflow_run_id"": 452, ""source"": ""data_provider_or_ai""}"
905,33,2026-03-13,action,personalized_outbound,1279,2109,"{""workflow_run_id"": 453, ""source"": ""workflow_execution""}"
906,33,2026-03-13,data_credit,ai_research,300,2109,"{""workflow_run_id"": 453, ""source"": ""data_provider_or_ai""}"
907,33,2026-03-03,action,crm_sync,2100,2112,"{""workflow_run_id"": 454, ""source"": ""workflow_execution""}"
908,33,2026-03-03,data_credit,ai_research,46,2112,"{""workflow_run_id"": 454, ""source"": ""data_provider_or_ai""}"
909,33,2026-02-01,action,personalized_outbound,2120,2115,"{""workflow_run_id"": 455, ""source"": ""workflow_execution""}"
910,33,2026-02-01,data_credit,enrichment,289,2115,"{""workflow_run_id"": 455, ""source"": ""data_provider_or_ai""}"
911,34,2026-05-24,action,waterfall_enrichment,1812,2120,"{""workflow_run_id"": 456, ""source"": ""workflow_execution""}"
912,34,2026-05-24,data_credit,ai_research,724,2120,"{""workflow_run_id"": 456, ""source"": ""data_provider_or_ai""}"
913,34,2026-06-09,action,ai_account_research,1310,2125,"{""workflow_run_id"": 457, ""source"": ""workflow_execution""}"
914,34,2026-06-09,data_credit,enrichment,118,2125,"{""workflow_run_id"": 457, ""source"": ""data_provider_or_ai""}"
915,34,2026-04-06,action,crm_sync,2954,2128,"{""workflow_run_id"": 458, ""source"": ""workflow_execution""}"
916,34,2026-04-06,data_credit,waterfall,427,2128,"{""workflow_run_id"": 458, ""source"": ""data_provider_or_ai""}"
917,34,2026-04-08,action,waterfall_enrichment,2088,2131,"{""workflow_run_id"": 459, ""source"": ""workflow_execution""}"
918,34,2026-04-08,data_credit,enrichment,765,2131,"{""workflow_run_id"": 459, ""source"": ""data_provider_or_ai""}"
919,34,2026-05-05,action,crm_sync,2986,2134,"{""workflow_run_id"": 460, ""source"": ""workflow_execution""}"
920,34,2026-05-05,data_credit,ai_research,361,2134,"{""workflow_run_id"": 460, ""source"": ""data_provider_or_ai""}"
921,34,2026-06-01,action,personalized_outbound,1118,2139,"{""workflow_run_id"": 461, ""source"": ""workflow_execution""}"
922,34,2026-06-01,data_credit,enrichment,33,2139,"{""workflow_run_id"": 461, ""source"": ""data_provider_or_ai""}"
923,34,2026-03-25,action,lead_enrichment,402,2142,"{""workflow_run_id"": 462, ""source"": ""workflow_execution""}"
924,34,2026-03-25,data_credit,waterfall,536,2142,"{""workflow_run_id"": 462, ""source"": ""data_provider_or_ai""}"
925,34,2026-05-15,action,personalized_outbound,1182,2147,"{""workflow_run_id"": 463, ""source"": ""workflow_execution""}"
926,34,2026-05-15,data_credit,waterfall,691,2147,"{""workflow_run_id"": 463, ""source"": ""data_provider_or_ai""}"
927,35,2026-03-09,action,crm_sync,621,2152,"{""workflow_run_id"": 464, ""source"": ""workflow_execution""}"
928,35,2026-03-09,data_credit,enrichment,795,2152,"{""workflow_run_id"": 464, ""source"": ""data_provider_or_ai""}"
929,35,2026-01-25,action,ai_account_research,1305,2157,"{""workflow_run_id"": 465, ""source"": ""workflow_execution""}"
930,35,2026-01-25,data_credit,waterfall,757,2157,"{""workflow_run_id"": 465, ""source"": ""data_provider_or_ai""}"
931,35,2026-02-08,action,crm_sync,140,2162,"{""workflow_run_id"": 466, ""source"": ""workflow_execution""}"
932,35,2026-02-08,data_credit,ai_research,345,2162,"{""workflow_run_id"": 466, ""source"": ""data_provider_or_ai""}"
933,35,2026-01-27,action,lead_enrichment,1604,2167,"{""workflow_run_id"": 467, ""source"": ""workflow_execution""}"
934,35,2026-01-27,data_credit,ai_research,659,2167,"{""workflow_run_id"": 467, ""source"": ""data_provider_or_ai""}"
935,35,2026-02-06,action,ai_account_research,2622,2172,"{""workflow_run_id"": 468, ""source"": ""workflow_execution""}"
936,35,2026-02-06,data_credit,ai_research,704,2172,"{""workflow_run_id"": 468, ""source"": ""data_provider_or_ai""}"
937,35,2026-01-31,action,ai_account_research,580,2177,"{""workflow_run_id"": 469, ""source"": ""workflow_execution""}"
938,35,2026-01-31,data_credit,waterfall,266,2177,"{""workflow_run_id"": 469, ""source"": ""data_provider_or_ai""}"
939,36,2026-04-20,action,personalized_outbound,2028,2182,"{""workflow_run_id"": 470, ""source"": ""workflow_execution""}"
940,36,2026-04-20,data_credit,waterfall,642,2182,"{""workflow_run_id"": 470, ""source"": ""data_provider_or_ai""}"
941,36,2026-05-02,action,personalized_outbound,2328,2187,"{""workflow_run_id"": 471, ""source"": ""workflow_execution""}"
942,36,2026-05-02,data_credit,enrichment,304,2187,"{""workflow_run_id"": 471, ""source"": ""data_provider_or_ai""}"
943,36,2026-05-27,action,crm_sync,2592,2192,"{""workflow_run_id"": 472, ""source"": ""workflow_execution""}"
944,36,2026-05-27,data_credit,waterfall,223,2192,"{""workflow_run_id"": 472, ""source"": ""data_provider_or_ai""}"
945,36,2026-05-08,action,lead_enrichment,470,2197,"{""workflow_run_id"": 473, ""source"": ""workflow_execution""}"
946,36,2026-05-08,data_credit,waterfall,206,2197,"{""workflow_run_id"": 473, ""source"": ""data_provider_or_ai""}"
947,36,2026-03-16,action,lead_enrichment,1653,2202,"{""workflow_run_id"": 474, ""source"": ""workflow_execution""}"
948,36,2026-03-16,data_credit,ai_research,742,2202,"{""workflow_run_id"": 474, ""source"": ""data_provider_or_ai""}"
949,36,2026-03-27,action,crm_sync,2429,2207,"{""workflow_run_id"": 475, ""source"": ""workflow_execution""}"
950,36,2026-03-27,data_credit,waterfall,235,2207,"{""workflow_run_id"": 475, ""source"": ""data_provider_or_ai""}"
951,36,2026-04-29,action,crm_sync,2046,2212,"{""workflow_run_id"": 476, ""source"": ""workflow_execution""}"
952,36,2026-04-29,data_credit,ai_research,163,2212,"{""workflow_run_id"": 476, ""source"": ""data_provider_or_ai""}"
953,36,2026-05-19,action,waterfall_enrichment,2339,2217,"{""workflow_run_id"": 477, ""source"": ""workflow_execution""}"
954,36,2026-05-19,data_credit,enrichment,210,2217,"{""workflow_run_id"": 477, ""source"": ""data_provider_or_ai""}"
955,36,2026-04-30,action,personalized_outbound,2529,2222,"{""workflow_run_id"": 478, ""source"": ""workflow_execution""}"
956,36,2026-04-30,data_credit,enrichment,49,2222,"{""workflow_run_id"": 478, ""source"": ""data_provider_or_ai""}"
957,36,2026-05-09,action,personalized_outbound,804,2225,"{""workflow_run_id"": 479, ""source"": ""workflow_execution""}"
958,36,2026-05-09,data_credit,ai_research,328,2225,"{""workflow_run_id"": 479, ""source"": ""data_provider_or_ai""}"
959,36,2026-03-15,action,ai_account_research,626,2230,"{""workflow_run_id"": 480, ""source"": ""workflow_execution""}"
960,36,2026-03-15,data_credit,enrichment,345,2230,"{""workflow_run_id"": 480, ""source"": ""data_provider_or_ai""}"
961,36,2026-04-25,action,crm_sync,1611,2235,"{""workflow_run_id"": 481, ""source"": ""workflow_execution""}"
962,36,2026-04-25,data_credit,ai_research,390,2235,"{""workflow_run_id"": 481, ""source"": ""data_provider_or_ai""}"
963,36,2026-05-08,action,personalized_outbound,1684,2240,"{""workflow_run_id"": 482, ""source"": ""workflow_execution""}"
964,36,2026-05-08,data_credit,ai_research,711,2240,"{""workflow_run_id"": 482, ""source"": ""data_provider_or_ai""}"
965,37,2026-03-12,action,ai_account_research,1253,2245,"{""workflow_run_id"": 483, ""source"": ""workflow_execution""}"
966,37,2026-03-12,data_credit,enrichment,60,2245,"{""workflow_run_id"": 483, ""source"": ""data_provider_or_ai""}"
967,37,2026-03-06,action,personalized_outbound,2276,2250,"{""workflow_run_id"": 484, ""source"": ""workflow_execution""}"
968,37,2026-03-06,data_credit,ai_research,776,2250,"{""workflow_run_id"": 484, ""source"": ""data_provider_or_ai""}"
969,37,2026-02-03,action,lead_enrichment,1437,2255,"{""workflow_run_id"": 485, ""source"": ""workflow_execution""}"
970,37,2026-02-03,data_credit,enrichment,401,2255,"{""workflow_run_id"": 485, ""source"": ""data_provider_or_ai""}"
971,37,2026-01-21,action,lead_enrichment,576,2258,"{""workflow_run_id"": 486, ""source"": ""workflow_execution""}"
972,37,2026-01-21,data_credit,waterfall,216,2258,"{""workflow_run_id"": 486, ""source"": ""data_provider_or_ai""}"
973,37,2026-02-05,action,personalized_outbound,1797,2261,"{""workflow_run_id"": 487, ""source"": ""workflow_execution""}"
974,37,2026-02-05,data_credit,enrichment,692,2261,"{""workflow_run_id"": 487, ""source"": ""data_provider_or_ai""}"
975,37,2026-02-07,action,crm_sync,2538,2264,"{""workflow_run_id"": 488, ""source"": ""workflow_execution""}"
976,37,2026-02-07,data_credit,waterfall,356,2264,"{""workflow_run_id"": 488, ""source"": ""data_provider_or_ai""}"
977,38,2026-01-14,action,personalized_outbound,1285,2267,"{""workflow_run_id"": 489, ""source"": ""workflow_execution""}"
978,38,2026-01-14,data_credit,enrichment,202,2267,"{""workflow_run_id"": 489, ""source"": ""data_provider_or_ai""}"
979,38,2026-03-04,action,ai_account_research,2899,2272,"{""workflow_run_id"": 490, ""source"": ""workflow_execution""}"
980,38,2026-03-04,data_credit,ai_research,120,2272,"{""workflow_run_id"": 490, ""source"": ""data_provider_or_ai""}"
981,38,2026-03-27,action,waterfall_enrichment,1431,2277,"{""workflow_run_id"": 491, ""source"": ""workflow_execution""}"
982,38,2026-03-27,data_credit,enrichment,644,2277,"{""workflow_run_id"": 491, ""source"": ""data_provider_or_ai""}"
983,38,2026-02-02,action,lead_enrichment,1980,2282,"{""workflow_run_id"": 492, ""source"": ""workflow_execution""}"
984,38,2026-02-02,data_credit,waterfall,270,2282,"{""workflow_run_id"": 492, ""source"": ""data_provider_or_ai""}"
985,38,2026-03-30,action,ai_account_research,2069,2285,"{""workflow_run_id"": 493, ""source"": ""workflow_execution""}"
986,38,2026-03-30,data_credit,enrichment,763,2285,"{""workflow_run_id"": 493, ""source"": ""data_provider_or_ai""}"
987,38,2026-02-18,action,lead_enrichment,960,2290,"{""workflow_run_id"": 494, ""source"": ""workflow_execution""}"
988,38,2026-02-18,data_credit,enrichment,290,2290,"{""workflow_run_id"": 494, ""source"": ""data_provider_or_ai""}"
989,38,2026-02-23,action,waterfall_enrichment,1292,2295,"{""workflow_run_id"": 495, ""source"": ""workflow_execution""}"
990,38,2026-02-23,data_credit,waterfall,334,2295,"{""workflow_run_id"": 495, ""source"": ""data_provider_or_ai""}"
991,38,2026-02-01,action,waterfall_enrichment,2183,2300,"{""workflow_run_id"": 496, ""source"": ""workflow_execution""}"
992,38,2026-02-01,data_credit,waterfall,783,2300,"{""workflow_run_id"": 496, ""source"": ""data_provider_or_ai""}"
993,38,2026-03-04,action,ai_account_research,2592,2305,"{""workflow_run_id"": 497, ""source"": ""workflow_execution""}"
994,38,2026-03-04,data_credit,enrichment,766,2305,"{""workflow_run_id"": 497, ""source"": ""data_provider_or_ai""}"
995,38,2026-04-05,action,waterfall_enrichment,2290,2310,"{""workflow_run_id"": 498, ""source"": ""workflow_execution""}"
996,38,2026-04-05,data_credit,waterfall,779,2310,"{""workflow_run_id"": 498, ""source"": ""data_provider_or_ai""}"
997,38,2026-01-22,action,personalized_outbound,642,2315,"{""workflow_run_id"": 499, ""source"": ""workflow_execution""}"
998,38,2026-01-22,data_credit,ai_research,555,2315,"{""workflow_run_id"": 499, ""source"": ""data_provider_or_ai""}"
999,38,2026-01-19,action,personalized_outbound,2514,2320,"{""workflow_run_id"": 500, ""source"": ""workflow_execution""}"
1000,38,2026-01-19,data_credit,waterfall,240,2320,"{""workflow_run_id"": 500, ""source"": ""data_provider_or_ai""}"
1001,38,2026-03-15,action,personalized_outbound,2279,2325,"{""workflow_run_id"": 501, ""source"": ""workflow_execution""}"
1002,38,2026-03-15,data_credit,ai_research,274,2325,"{""workflow_run_id"": 501, ""source"": ""data_provider_or_ai""}"
1003,38,2026-02-16,action,crm_sync,973,2330,"{""workflow_run_id"": 502, ""source"": ""workflow_execution""}"
1004,38,2026-02-16,data_credit,waterfall,334,2330,"{""workflow_run_id"": 502, ""source"": ""data_provider_or_ai""}"
1005,38,2026-02-20,action,waterfall_enrichment,1203,2333,"{""workflow_run_id"": 503, ""source"": ""workflow_execution""}"
1006,38,2026-02-20,data_credit,ai_research,254,2333,"{""workflow_run_id"": 503, ""source"": ""data_provider_or_ai""}"
1007,38,2026-03-13,action,crm_sync,179,2336,"{""workflow_run_id"": 504, ""source"": ""workflow_execution""}"
1008,38,2026-03-13,data_credit,enrichment,741,2336,"{""workflow_run_id"": 504, ""source"": ""data_provider_or_ai""}"
1009,38,2026-02-07,action,crm_sync,1095,2341,"{""workflow_run_id"": 505, ""source"": ""workflow_execution""}"
1010,38,2026-02-07,data_credit,ai_research,184,2341,"{""workflow_run_id"": 505, ""source"": ""data_provider_or_ai""}"
1011,38,2026-03-14,action,lead_enrichment,1613,2346,"{""workflow_run_id"": 506, ""source"": ""workflow_execution""}"
1012,38,2026-03-14,data_credit,ai_research,468,2346,"{""workflow_run_id"": 506, ""source"": ""data_provider_or_ai""}"
1013,39,2026-03-07,action,waterfall_enrichment,1629,2349,"{""workflow_run_id"": 507, ""source"": ""workflow_execution""}"
1014,39,2026-03-07,data_credit,waterfall,36,2349,"{""workflow_run_id"": 507, ""source"": ""data_provider_or_ai""}"
1015,39,2026-04-08,action,crm_sync,459,2352,"{""workflow_run_id"": 508, ""source"": ""workflow_execution""}"
1016,39,2026-04-08,data_credit,ai_research,607,2352,"{""workflow_run_id"": 508, ""source"": ""data_provider_or_ai""}"
1017,39,2026-05-01,action,lead_enrichment,2936,2355,"{""workflow_run_id"": 509, ""source"": ""workflow_execution""}"
1018,39,2026-05-01,data_credit,ai_research,777,2355,"{""workflow_run_id"": 509, ""source"": ""data_provider_or_ai""}"
1019,39,2026-02-14,action,lead_enrichment,2462,2358,"{""workflow_run_id"": 510, ""source"": ""workflow_execution""}"
1020,39,2026-02-14,data_credit,enrichment,176,2358,"{""workflow_run_id"": 510, ""source"": ""data_provider_or_ai""}"
1021,40,2026-02-19,action,crm_sync,1225,2363,"{""workflow_run_id"": 511, ""source"": ""workflow_execution""}"
1022,40,2026-02-19,data_credit,waterfall,767,2363,"{""workflow_run_id"": 511, ""source"": ""data_provider_or_ai""}"
1023,40,2026-03-06,action,ai_account_research,1622,2368,"{""workflow_run_id"": 512, ""source"": ""workflow_execution""}"
1024,40,2026-03-06,data_credit,ai_research,652,2368,"{""workflow_run_id"": 512, ""source"": ""data_provider_or_ai""}"
1025,40,2026-02-13,action,personalized_outbound,2027,2373,"{""workflow_run_id"": 513, ""source"": ""workflow_execution""}"
1026,40,2026-02-13,data_credit,waterfall,55,2373,"{""workflow_run_id"": 513, ""source"": ""data_provider_or_ai""}"
1027,40,2026-02-11,action,waterfall_enrichment,625,2378,"{""workflow_run_id"": 514, ""source"": ""workflow_execution""}"
1028,40,2026-02-11,data_credit,waterfall,350,2378,"{""workflow_run_id"": 514, ""source"": ""data_provider_or_ai""}"
1029,40,2026-04-03,action,lead_enrichment,1126,2381,"{""workflow_run_id"": 515, ""source"": ""workflow_execution""}"
1030,40,2026-04-03,data_credit,waterfall,209,2381,"{""workflow_run_id"": 515, ""source"": ""data_provider_or_ai""}"
1031,40,2026-04-18,action,waterfall_enrichment,910,2386,"{""workflow_run_id"": 516, ""source"": ""workflow_execution""}"
1032,40,2026-04-18,data_credit,enrichment,206,2386,"{""workflow_run_id"": 516, ""source"": ""data_provider_or_ai""}"
1033,40,2026-02-11,action,ai_account_research,1244,2391,"{""workflow_run_id"": 517, ""source"": ""workflow_execution""}"
1034,40,2026-02-11,data_credit,waterfall,691,2391,"{""workflow_run_id"": 517, ""source"": ""data_provider_or_ai""}"
1035,40,2026-03-08,action,ai_account_research,1596,2394,"{""workflow_run_id"": 518, ""source"": ""workflow_execution""}"
1036,40,2026-03-08,data_credit,waterfall,456,2394,"{""workflow_run_id"": 518, ""source"": ""data_provider_or_ai""}"
1037,40,2026-01-27,action,ai_account_research,680,2399,"{""workflow_run_id"": 519, ""source"": ""workflow_execution""}"
1038,40,2026-01-27,data_credit,enrichment,716,2399,"{""workflow_run_id"": 519, ""source"": ""data_provider_or_ai""}"
1039,40,2026-01-26,action,crm_sync,2597,2404,"{""workflow_run_id"": 520, ""source"": ""workflow_execution""}"
1040,40,2026-01-26,data_credit,enrichment,454,2404,"{""workflow_run_id"": 520, ""source"": ""data_provider_or_ai""}"
1041,40,2026-02-28,action,waterfall_enrichment,2069,2407,"{""workflow_run_id"": 521, ""source"": ""workflow_execution""}"
1042,40,2026-02-28,data_credit,enrichment,184,2407,"{""workflow_run_id"": 521, ""source"": ""data_provider_or_ai""}"
1043,40,2026-03-15,action,waterfall_enrichment,520,2412,"{""workflow_run_id"": 522, ""source"": ""workflow_execution""}"
1044,40,2026-03-15,data_credit,waterfall,663,2412,"{""workflow_run_id"": 522, ""source"": ""data_provider_or_ai""}"
1045,40,2026-03-25,action,crm_sync,1088,2417,"{""workflow_run_id"": 523, ""source"": ""workflow_execution""}"
1046,40,2026-03-25,data_credit,ai_research,700,2417,"{""workflow_run_id"": 523, ""source"": ""data_provider_or_ai""}"
1047,40,2026-04-23,action,lead_enrichment,2826,2422,"{""workflow_run_id"": 524, ""source"": ""workflow_execution""}"
1048,40,2026-04-23,data_credit,enrichment,292,2422,"{""workflow_run_id"": 524, ""source"": ""data_provider_or_ai""}"
1049,40,2026-03-27,action,personalized_outbound,2476,2427,"{""workflow_run_id"": 525, ""source"": ""workflow_execution""}"
1050,40,2026-03-27,data_credit,waterfall,708,2427,"{""workflow_run_id"": 525, ""source"": ""data_provider_or_ai""}"
1051,40,2026-04-11,action,lead_enrichment,2897,2432,"{""workflow_run_id"": 526, ""source"": ""workflow_execution""}"
1052,40,2026-04-11,data_credit,ai_research,372,2432,"{""workflow_run_id"": 526, ""source"": ""data_provider_or_ai""}"
1053,40,2026-02-24,action,lead_enrichment,1032,2437,"{""workflow_run_id"": 527, ""source"": ""workflow_execution""}"
1054,40,2026-02-24,data_credit,ai_research,344,2437,"{""workflow_run_id"": 527, ""source"": ""data_provider_or_ai""}"
1055,40,2026-02-05,action,waterfall_enrichment,1313,2442,"{""workflow_run_id"": 528, ""source"": ""workflow_execution""}"
1056,40,2026-02-05,data_credit,waterfall,794,2442,"{""workflow_run_id"": 528, ""source"": ""data_provider_or_ai""}"
1057,40,2026-04-02,action,lead_enrichment,1426,2447,"{""workflow_run_id"": 529, ""source"": ""workflow_execution""}"
1058,40,2026-04-02,data_credit,ai_research,250,2447,"{""workflow_run_id"": 529, ""source"": ""data_provider_or_ai""}"
1059,40,2026-01-29,action,crm_sync,2378,2452,"{""workflow_run_id"": 530, ""source"": ""workflow_execution""}"
1060,40,2026-01-29,data_credit,waterfall,584,2452,"{""workflow_run_id"": 530, ""source"": ""data_provider_or_ai""}"
1061,40,2026-02-17,action,personalized_outbound,2304,2457,"{""workflow_run_id"": 531, ""source"": ""workflow_execution""}"
1062,40,2026-02-17,data_credit,enrichment,612,2457,"{""workflow_run_id"": 531, ""source"": ""data_provider_or_ai""}"
1063,40,2026-02-05,action,waterfall_enrichment,1886,2460,"{""workflow_run_id"": 532, ""source"": ""workflow_execution""}"
1064,40,2026-02-05,data_credit,enrichment,86,2460,"{""workflow_run_id"": 532, ""source"": ""data_provider_or_ai""}"
1065,40,2026-01-26,action,lead_enrichment,1369,2465,"{""workflow_run_id"": 533, ""source"": ""workflow_execution""}"
1066,40,2026-01-26,data_credit,waterfall,571,2465,"{""workflow_run_id"": 533, ""source"": ""data_provider_or_ai""}"
1067,40,2026-04-20,action,personalized_outbound,390,2470,"{""workflow_run_id"": 534, ""source"": ""workflow_execution""}"
1068,40,2026-04-20,data_credit,enrichment,648,2470,"{""workflow_run_id"": 534, ""source"": ""data_provider_or_ai""}"
1069,41,2026-02-12,action,personalized_outbound,827,2473,"{""workflow_run_id"": 535, ""source"": ""workflow_execution""}"
1070,41,2026-02-12,data_credit,enrichment,539,2473,"{""workflow_run_id"": 535, ""source"": ""data_provider_or_ai""}"
1071,41,2026-03-01,action,personalized_outbound,1597,2478,"{""workflow_run_id"": 536, ""source"": ""workflow_execution""}"
1072,41,2026-03-01,data_credit,enrichment,164,2478,"{""workflow_run_id"": 536, ""source"": ""data_provider_or_ai""}"
1073,41,2026-03-07,action,lead_enrichment,2597,2481,"{""workflow_run_id"": 537, ""source"": ""workflow_execution""}"
1074,41,2026-03-07,data_credit,ai_research,418,2481,"{""workflow_run_id"": 537, ""source"": ""data_provider_or_ai""}"
1075,41,2026-03-08,action,lead_enrichment,2902,2484,"{""workflow_run_id"": 538, ""source"": ""workflow_execution""}"
1076,41,2026-03-08,data_credit,waterfall,464,2484,"{""workflow_run_id"": 538, ""source"": ""data_provider_or_ai""}"
1077,41,2026-03-10,action,personalized_outbound,576,2487,"{""workflow_run_id"": 539, ""source"": ""workflow_execution""}"
1078,41,2026-03-10,data_credit,enrichment,317,2487,"{""workflow_run_id"": 539, ""source"": ""data_provider_or_ai""}"
1079,41,2026-02-03,action,crm_sync,141,2490,"{""workflow_run_id"": 540, ""source"": ""workflow_execution""}"
1080,41,2026-02-03,data_credit,ai_research,445,2490,"{""workflow_run_id"": 540, ""source"": ""data_provider_or_ai""}"
1081,41,2026-02-21,action,ai_account_research,2296,2493,"{""workflow_run_id"": 541, ""source"": ""workflow_execution""}"
1082,41,2026-02-21,data_credit,ai_research,313,2493,"{""workflow_run_id"": 541, ""source"": ""data_provider_or_ai""}"
1083,41,2026-03-17,action,lead_enrichment,1910,2498,"{""workflow_run_id"": 542, ""source"": ""workflow_execution""}"
1084,41,2026-03-17,data_credit,enrichment,631,2498,"{""workflow_run_id"": 542, ""source"": ""data_provider_or_ai""}"
1085,41,2026-03-29,action,ai_account_research,1897,2501,"{""workflow_run_id"": 543, ""source"": ""workflow_execution""}"
1086,41,2026-03-29,data_credit,ai_research,45,2501,"{""workflow_run_id"": 543, ""source"": ""data_provider_or_ai""}"
1087,41,2026-01-12,action,personalized_outbound,257,2506,"{""workflow_run_id"": 544, ""source"": ""workflow_execution""}"
1088,41,2026-01-12,data_credit,enrichment,166,2506,"{""workflow_run_id"": 544, ""source"": ""data_provider_or_ai""}"
1089,41,2026-04-01,action,lead_enrichment,727,2511,"{""workflow_run_id"": 545, ""source"": ""workflow_execution""}"
1090,41,2026-04-01,data_credit,waterfall,485,2511,"{""workflow_run_id"": 545, ""source"": ""data_provider_or_ai""}"
1091,41,2026-02-19,action,ai_account_research,1747,2516,"{""workflow_run_id"": 546, ""source"": ""workflow_execution""}"
1092,41,2026-02-19,data_credit,waterfall,148,2516,"{""workflow_run_id"": 546, ""source"": ""data_provider_or_ai""}"
1093,42,2026-06-08,action,waterfall_enrichment,367,2521,"{""workflow_run_id"": 547, ""source"": ""workflow_execution""}"
1094,42,2026-06-08,data_credit,enrichment,107,2521,"{""workflow_run_id"": 547, ""source"": ""data_provider_or_ai""}"
1095,42,2026-04-04,action,crm_sync,515,2526,"{""workflow_run_id"": 548, ""source"": ""workflow_execution""}"
1096,42,2026-04-04,data_credit,enrichment,595,2526,"{""workflow_run_id"": 548, ""source"": ""data_provider_or_ai""}"
1097,42,2026-04-22,action,personalized_outbound,2114,2531,"{""workflow_run_id"": 549, ""source"": ""workflow_execution""}"
1098,42,2026-04-22,data_credit,waterfall,707,2531,"{""workflow_run_id"": 549, ""source"": ""data_provider_or_ai""}"
1099,42,2026-05-17,action,lead_enrichment,792,2536,"{""workflow_run_id"": 550, ""source"": ""workflow_execution""}"
1100,42,2026-05-17,data_credit,ai_research,393,2536,"{""workflow_run_id"": 550, ""source"": ""data_provider_or_ai""}"
1101,42,2026-04-27,action,personalized_outbound,1339,2541,"{""workflow_run_id"": 551, ""source"": ""workflow_execution""}"
1102,42,2026-04-27,data_credit,enrichment,409,2541,"{""workflow_run_id"": 551, ""source"": ""data_provider_or_ai""}"
1103,42,2026-06-02,action,crm_sync,538,2546,"{""workflow_run_id"": 552, ""source"": ""workflow_execution""}"
1104,42,2026-06-02,data_credit,enrichment,268,2546,"{""workflow_run_id"": 552, ""source"": ""data_provider_or_ai""}"
1105,42,2026-04-25,action,personalized_outbound,2908,2551,"{""workflow_run_id"": 553, ""source"": ""workflow_execution""}"
1106,42,2026-04-25,data_credit,enrichment,258,2551,"{""workflow_run_id"": 553, ""source"": ""data_provider_or_ai""}"
1107,42,2026-04-09,action,crm_sync,870,2556,"{""workflow_run_id"": 554, ""source"": ""workflow_execution""}"
1108,42,2026-04-09,data_credit,ai_research,211,2556,"{""workflow_run_id"": 554, ""source"": ""data_provider_or_ai""}"
1109,42,2026-05-02,action,personalized_outbound,352,2561,"{""workflow_run_id"": 555, ""source"": ""workflow_execution""}"
1110,42,2026-05-02,data_credit,ai_research,84,2561,"{""workflow_run_id"": 555, ""source"": ""data_provider_or_ai""}"
1111,42,2026-05-17,action,personalized_outbound,1617,2566,"{""workflow_run_id"": 556, ""source"": ""workflow_execution""}"
1112,42,2026-05-17,data_credit,ai_research,531,2566,"{""workflow_run_id"": 556, ""source"": ""data_provider_or_ai""}"
1113,42,2026-06-04,action,ai_account_research,1879,2571,"{""workflow_run_id"": 557, ""source"": ""workflow_execution""}"
1114,42,2026-06-04,data_credit,enrichment,697,2571,"{""workflow_run_id"": 557, ""source"": ""data_provider_or_ai""}"
1115,42,2026-04-22,action,ai_account_research,754,2574,"{""workflow_run_id"": 558, ""source"": ""workflow_execution""}"
1116,42,2026-04-22,data_credit,waterfall,519,2574,"{""workflow_run_id"": 558, ""source"": ""data_provider_or_ai""}"
1117,42,2026-04-10,action,lead_enrichment,2415,2577,"{""workflow_run_id"": 559, ""source"": ""workflow_execution""}"
1118,42,2026-04-10,data_credit,enrichment,504,2577,"{""workflow_run_id"": 559, ""source"": ""data_provider_or_ai""}"
1119,42,2026-04-05,action,ai_account_research,2407,2582,"{""workflow_run_id"": 560, ""source"": ""workflow_execution""}"
1120,42,2026-04-05,data_credit,enrichment,501,2582,"{""workflow_run_id"": 560, ""source"": ""data_provider_or_ai""}"
1121,42,2026-05-13,action,waterfall_enrichment,1217,2587,"{""workflow_run_id"": 561, ""source"": ""workflow_execution""}"
1122,42,2026-05-13,data_credit,ai_research,347,2587,"{""workflow_run_id"": 561, ""source"": ""data_provider_or_ai""}"
1123,42,2026-05-13,action,ai_account_research,1929,2592,"{""workflow_run_id"": 562, ""source"": ""workflow_execution""}"
1124,42,2026-05-13,data_credit,ai_research,660,2592,"{""workflow_run_id"": 562, ""source"": ""data_provider_or_ai""}"
1125,42,2026-06-13,action,crm_sync,680,2597,"{""workflow_run_id"": 563, ""source"": ""workflow_execution""}"
1126,42,2026-06-13,data_credit,waterfall,342,2597,"{""workflow_run_id"": 563, ""source"": ""data_provider_or_ai""}"
1127,42,2026-05-21,action,waterfall_enrichment,673,2602,"{""workflow_run_id"": 564, ""source"": ""workflow_execution""}"
1128,42,2026-05-21,data_credit,enrichment,175,2602,"{""workflow_run_id"": 564, ""source"": ""data_provider_or_ai""}"
1129,42,2026-06-08,action,ai_account_research,751,2605,"{""workflow_run_id"": 565, ""source"": ""workflow_execution""}"
1130,42,2026-06-08,data_credit,ai_research,138,2605,"{""workflow_run_id"": 565, ""source"": ""data_provider_or_ai""}"
1131,42,2026-05-02,action,personalized_outbound,2116,2610,"{""workflow_run_id"": 566, ""source"": ""workflow_execution""}"
1132,42,2026-05-02,data_credit,waterfall,44,2610,"{""workflow_run_id"": 566, ""source"": ""data_provider_or_ai""}"
1133,42,2026-07-01,action,lead_enrichment,754,2615,"{""workflow_run_id"": 567, ""source"": ""workflow_execution""}"
1134,42,2026-07-01,data_credit,waterfall,226,2615,"{""workflow_run_id"": 567, ""source"": ""data_provider_or_ai""}"
1135,42,2026-05-05,action,crm_sync,2925,2620,"{""workflow_run_id"": 568, ""source"": ""workflow_execution""}"
1136,42,2026-05-05,data_credit,enrichment,710,2620,"{""workflow_run_id"": 568, ""source"": ""data_provider_or_ai""}"
1137,42,2026-06-17,action,waterfall_enrichment,1975,2625,"{""workflow_run_id"": 569, ""source"": ""workflow_execution""}"
1138,42,2026-06-17,data_credit,waterfall,420,2625,"{""workflow_run_id"": 569, ""source"": ""data_provider_or_ai""}"
1139,42,2026-04-24,action,personalized_outbound,2745,2630,"{""workflow_run_id"": 570, ""source"": ""workflow_execution""}"
1140,42,2026-04-24,data_credit,ai_research,215,2630,"{""workflow_run_id"": 570, ""source"": ""data_provider_or_ai""}"
1141,42,2026-05-20,action,lead_enrichment,561,2635,"{""workflow_run_id"": 571, ""source"": ""workflow_execution""}"
1142,42,2026-05-20,data_credit,waterfall,108,2635,"{""workflow_run_id"": 571, ""source"": ""data_provider_or_ai""}"
1143,42,2026-05-03,action,personalized_outbound,1253,2640,"{""workflow_run_id"": 572, ""source"": ""workflow_execution""}"
1144,42,2026-05-03,data_credit,ai_research,756,2640,"{""workflow_run_id"": 572, ""source"": ""data_provider_or_ai""}"
1145,42,2026-04-28,action,crm_sync,2330,2645,"{""workflow_run_id"": 573, ""source"": ""workflow_execution""}"
1146,42,2026-04-28,data_credit,ai_research,187,2645,"{""workflow_run_id"": 573, ""source"": ""data_provider_or_ai""}"
1147,42,2026-06-26,action,personalized_outbound,2308,2650,"{""workflow_run_id"": 574, ""source"": ""workflow_execution""}"
1148,42,2026-06-26,data_credit,enrichment,716,2650,"{""workflow_run_id"": 574, ""source"": ""data_provider_or_ai""}"
1149,42,2026-04-08,action,ai_account_research,1143,2655,"{""workflow_run_id"": 575, ""source"": ""workflow_execution""}"
1150,42,2026-04-08,data_credit,waterfall,583,2655,"{""workflow_run_id"": 575, ""source"": ""data_provider_or_ai""}"
1151,42,2026-04-24,action,crm_sync,1090,2660,"{""workflow_run_id"": 576, ""source"": ""workflow_execution""}"
1152,42,2026-04-24,data_credit,ai_research,793,2660,"{""workflow_run_id"": 576, ""source"": ""data_provider_or_ai""}"
1153,43,2026-05-07,action,ai_account_research,2905,2665,"{""workflow_run_id"": 577, ""source"": ""workflow_execution""}"
1154,43,2026-05-07,data_credit,enrichment,522,2665,"{""workflow_run_id"": 577, ""source"": ""data_provider_or_ai""}"
1155,43,2026-05-17,action,lead_enrichment,2022,2668,"{""workflow_run_id"": 578, ""source"": ""workflow_execution""}"
1156,43,2026-05-17,data_credit,ai_research,55,2668,"{""workflow_run_id"": 578, ""source"": ""data_provider_or_ai""}"
1157,43,2026-05-08,action,waterfall_enrichment,766,2671,"{""workflow_run_id"": 579, ""source"": ""workflow_execution""}"
1158,43,2026-05-08,data_credit,ai_research,60,2671,"{""workflow_run_id"": 579, ""source"": ""data_provider_or_ai""}"
1159,43,2026-06-14,action,ai_account_research,640,2676,"{""workflow_run_id"": 580, ""source"": ""workflow_execution""}"
1160,43,2026-06-14,data_credit,waterfall,778,2676,"{""workflow_run_id"": 580, ""source"": ""data_provider_or_ai""}"
1161,43,2026-06-10,action,crm_sync,595,2681,"{""workflow_run_id"": 581, ""source"": ""workflow_execution""}"
1162,43,2026-06-10,data_credit,enrichment,44,2681,"{""workflow_run_id"": 581, ""source"": ""data_provider_or_ai""}"
1163,43,2026-04-10,action,ai_account_research,2973,2686,"{""workflow_run_id"": 582, ""source"": ""workflow_execution""}"
1164,43,2026-04-10,data_credit,enrichment,420,2686,"{""workflow_run_id"": 582, ""source"": ""data_provider_or_ai""}"
1165,43,2026-05-16,action,lead_enrichment,2832,2691,"{""workflow_run_id"": 583, ""source"": ""workflow_execution""}"
1166,43,2026-05-16,data_credit,waterfall,150,2691,"{""workflow_run_id"": 583, ""source"": ""data_provider_or_ai""}"
1167,43,2026-04-17,action,waterfall_enrichment,621,2694,"{""workflow_run_id"": 584, ""source"": ""workflow_execution""}"
1168,43,2026-04-17,data_credit,waterfall,510,2694,"{""workflow_run_id"": 584, ""source"": ""data_provider_or_ai""}"
1169,43,2026-06-03,action,ai_account_research,1613,2699,"{""workflow_run_id"": 585, ""source"": ""workflow_execution""}"
1170,43,2026-06-03,data_credit,ai_research,304,2699,"{""workflow_run_id"": 585, ""source"": ""data_provider_or_ai""}"
1171,43,2026-05-04,action,crm_sync,1283,2704,"{""workflow_run_id"": 586, ""source"": ""workflow_execution""}"
1172,43,2026-05-04,data_credit,waterfall,628,2704,"{""workflow_run_id"": 586, ""source"": ""data_provider_or_ai""}"
1173,43,2026-04-28,action,crm_sync,2482,2707,"{""workflow_run_id"": 587, ""source"": ""workflow_execution""}"
1174,43,2026-04-28,data_credit,enrichment,552,2707,"{""workflow_run_id"": 587, ""source"": ""data_provider_or_ai""}"
1175,43,2026-04-14,action,crm_sync,113,2712,"{""workflow_run_id"": 588, ""source"": ""workflow_execution""}"
1176,43,2026-04-14,data_credit,enrichment,88,2712,"{""workflow_run_id"": 588, ""source"": ""data_provider_or_ai""}"
1177,43,2026-05-01,action,personalized_outbound,2292,2717,"{""workflow_run_id"": 589, ""source"": ""workflow_execution""}"
1178,43,2026-05-01,data_credit,enrichment,294,2717,"{""workflow_run_id"": 589, ""source"": ""data_provider_or_ai""}"
1179,43,2026-04-11,action,ai_account_research,1068,2722,"{""workflow_run_id"": 590, ""source"": ""workflow_execution""}"
1180,43,2026-04-11,data_credit,enrichment,175,2722,"{""workflow_run_id"": 590, ""source"": ""data_provider_or_ai""}"
1181,43,2026-06-08,action,ai_account_research,1091,2727,"{""workflow_run_id"": 591, ""source"": ""workflow_execution""}"
1182,43,2026-06-08,data_credit,waterfall,490,2727,"{""workflow_run_id"": 591, ""source"": ""data_provider_or_ai""}"
1183,44,2026-03-19,action,personalized_outbound,189,2732,"{""workflow_run_id"": 592, ""source"": ""workflow_execution""}"
1184,44,2026-03-19,data_credit,waterfall,418,2732,"{""workflow_run_id"": 592, ""source"": ""data_provider_or_ai""}"
1185,44,2026-03-16,action,waterfall_enrichment,1036,2737,"{""workflow_run_id"": 593, ""source"": ""workflow_execution""}"
1186,44,2026-03-16,data_credit,waterfall,112,2737,"{""workflow_run_id"": 593, ""source"": ""data_provider_or_ai""}"
1187,44,2026-02-20,action,personalized_outbound,787,2742,"{""workflow_run_id"": 594, ""source"": ""workflow_execution""}"
1188,44,2026-02-20,data_credit,enrichment,261,2742,"{""workflow_run_id"": 594, ""source"": ""data_provider_or_ai""}"
1189,44,2026-02-25,action,lead_enrichment,2151,2747,"{""workflow_run_id"": 595, ""source"": ""workflow_execution""}"
1190,44,2026-02-25,data_credit,enrichment,536,2747,"{""workflow_run_id"": 595, ""source"": ""data_provider_or_ai""}"
1191,44,2026-03-22,action,waterfall_enrichment,656,2752,"{""workflow_run_id"": 596, ""source"": ""workflow_execution""}"
1192,44,2026-03-22,data_credit,ai_research,20,2752,"{""workflow_run_id"": 596, ""source"": ""data_provider_or_ai""}"
1193,44,2026-03-30,action,waterfall_enrichment,1388,2755,"{""workflow_run_id"": 597, ""source"": ""workflow_execution""}"
1194,44,2026-03-30,data_credit,enrichment,518,2755,"{""workflow_run_id"": 597, ""source"": ""data_provider_or_ai""}"
1195,44,2026-02-02,action,ai_account_research,1997,2760,"{""workflow_run_id"": 598, ""source"": ""workflow_execution""}"
1196,44,2026-02-02,data_credit,ai_research,153,2760,"{""workflow_run_id"": 598, ""source"": ""data_provider_or_ai""}"
1197,44,2026-02-06,action,lead_enrichment,514,2763,"{""workflow_run_id"": 599, ""source"": ""workflow_execution""}"
1198,44,2026-02-06,data_credit,waterfall,169,2763,"{""workflow_run_id"": 599, ""source"": ""data_provider_or_ai""}"
1199,44,2026-04-12,action,personalized_outbound,248,2768,"{""workflow_run_id"": 600, ""source"": ""workflow_execution""}"
1200,44,2026-04-12,data_credit,waterfall,702,2768,"{""workflow_run_id"": 600, ""source"": ""data_provider_or_ai""}"
1201,45,2026-02-25,action,ai_account_research,1454,2771,"{""workflow_run_id"": 601, ""source"": ""workflow_execution""}"
1202,45,2026-02-25,data_credit,waterfall,666,2771,"{""workflow_run_id"": 601, ""source"": ""data_provider_or_ai""}"
1203,45,2026-03-12,action,personalized_outbound,1015,2776,"{""workflow_run_id"": 602, ""source"": ""workflow_execution""}"
1204,45,2026-03-12,data_credit,enrichment,244,2776,"{""workflow_run_id"": 602, ""source"": ""data_provider_or_ai""}"
1205,45,2026-03-30,action,lead_enrichment,730,2781,"{""workflow_run_id"": 603, ""source"": ""workflow_execution""}"
1206,45,2026-03-30,data_credit,ai_research,444,2781,"{""workflow_run_id"": 603, ""source"": ""data_provider_or_ai""}"
1207,45,2026-02-02,action,lead_enrichment,2549,2784,"{""workflow_run_id"": 604, ""source"": ""workflow_execution""}"
1208,45,2026-02-02,data_credit,waterfall,354,2784,"{""workflow_run_id"": 604, ""source"": ""data_provider_or_ai""}"
1209,45,2026-03-19,action,lead_enrichment,2880,2789,"{""workflow_run_id"": 605, ""source"": ""workflow_execution""}"
1210,45,2026-03-19,data_credit,waterfall,722,2789,"{""workflow_run_id"": 605, ""source"": ""data_provider_or_ai""}"
1211,45,2026-03-16,action,lead_enrichment,2108,2794,"{""workflow_run_id"": 606, ""source"": ""workflow_execution""}"
1212,45,2026-03-16,data_credit,ai_research,130,2794,"{""workflow_run_id"": 606, ""source"": ""data_provider_or_ai""}"
1213,45,2026-04-15,action,personalized_outbound,2823,2799,"{""workflow_run_id"": 607, ""source"": ""workflow_execution""}"
1214,45,2026-04-15,data_credit,waterfall,186,2799,"{""workflow_run_id"": 607, ""source"": ""data_provider_or_ai""}"
1215,45,2026-03-31,action,personalized_outbound,1938,2804,"{""workflow_run_id"": 608, ""source"": ""workflow_execution""}"
1216,45,2026-03-31,data_credit,enrichment,149,2804,"{""workflow_run_id"": 608, ""source"": ""data_provider_or_ai""}"
1217,45,2026-02-08,action,crm_sync,1132,2809,"{""workflow_run_id"": 609, ""source"": ""workflow_execution""}"
1218,45,2026-02-08,data_credit,enrichment,418,2809,"{""workflow_run_id"": 609, ""source"": ""data_provider_or_ai""}"
1219,45,2026-04-03,action,waterfall_enrichment,674,2814,"{""workflow_run_id"": 610, ""source"": ""workflow_execution""}"
1220,45,2026-04-03,data_credit,waterfall,265,2814,"{""workflow_run_id"": 610, ""source"": ""data_provider_or_ai""}"
1221,45,2026-04-17,action,ai_account_research,1700,2817,"{""workflow_run_id"": 611, ""source"": ""workflow_execution""}"
1222,45,2026-04-17,data_credit,waterfall,561,2817,"{""workflow_run_id"": 611, ""source"": ""data_provider_or_ai""}"
1223,45,2026-04-18,action,lead_enrichment,1329,2822,"{""workflow_run_id"": 612, ""source"": ""workflow_execution""}"
1224,45,2026-04-18,data_credit,enrichment,687,2822,"{""workflow_run_id"": 612, ""source"": ""data_provider_or_ai""}"
1225,45,2026-02-28,action,crm_sync,2155,2825,"{""workflow_run_id"": 613, ""source"": ""workflow_execution""}"
1226,45,2026-02-28,data_credit,waterfall,770,2825,"{""workflow_run_id"": 613, ""source"": ""data_provider_or_ai""}"
1227,45,2026-03-10,action,lead_enrichment,1157,2830,"{""workflow_run_id"": 614, ""source"": ""workflow_execution""}"
1228,45,2026-03-10,data_credit,waterfall,193,2830,"{""workflow_run_id"": 614, ""source"": ""data_provider_or_ai""}"
1229,45,2026-03-08,action,ai_account_research,1081,2835,"{""workflow_run_id"": 615, ""source"": ""workflow_execution""}"
1230,45,2026-03-08,data_credit,ai_research,87,2835,"{""workflow_run_id"": 615, ""source"": ""data_provider_or_ai""}"
1231,45,2026-02-21,action,crm_sync,1688,2840,"{""workflow_run_id"": 616, ""source"": ""workflow_execution""}"
1232,45,2026-02-21,data_credit,waterfall,213,2840,"{""workflow_run_id"": 616, ""source"": ""data_provider_or_ai""}"
1233,45,2026-03-03,action,personalized_outbound,969,2845,"{""workflow_run_id"": 617, ""source"": ""workflow_execution""}"
1234,45,2026-03-03,data_credit,enrichment,191,2845,"{""workflow_run_id"": 617, ""source"": ""data_provider_or_ai""}"
1235,45,2026-04-19,action,personalized_outbound,170,2850,"{""workflow_run_id"": 618, ""source"": ""workflow_execution""}"
1236,45,2026-04-19,data_credit,ai_research,700,2850,"{""workflow_run_id"": 618, ""source"": ""data_provider_or_ai""}"
1237,45,2026-04-23,action,lead_enrichment,590,2855,"{""workflow_run_id"": 619, ""source"": ""workflow_execution""}"
1238,45,2026-04-23,data_credit,enrichment,659,2855,"{""workflow_run_id"": 619, ""source"": ""data_provider_or_ai""}"
1239,45,2026-04-21,action,personalized_outbound,1766,2860,"{""workflow_run_id"": 620, ""source"": ""workflow_execution""}"
1240,45,2026-04-21,data_credit,enrichment,43,2860,"{""workflow_run_id"": 620, ""source"": ""data_provider_or_ai""}"
1241,45,2026-03-07,action,lead_enrichment,1232,2865,"{""workflow_run_id"": 621, ""source"": ""workflow_execution""}"
1242,45,2026-03-07,data_credit,waterfall,338,2865,"{""workflow_run_id"": 621, ""source"": ""data_provider_or_ai""}"
1243,45,2026-04-09,action,personalized_outbound,537,2870,"{""workflow_run_id"": 622, ""source"": ""workflow_execution""}"
1244,45,2026-04-09,data_credit,enrichment,508,2870,"{""workflow_run_id"": 622, ""source"": ""data_provider_or_ai""}"
1245,45,2026-03-31,action,personalized_outbound,3000,2875,"{""workflow_run_id"": 623, ""source"": ""workflow_execution""}"
1246,45,2026-03-31,data_credit,enrichment,149,2875,"{""workflow_run_id"": 623, ""source"": ""data_provider_or_ai""}"
1247,45,2026-04-27,action,waterfall_enrichment,1510,2880,"{""workflow_run_id"": 624, ""source"": ""workflow_execution""}"
1248,45,2026-04-27,data_credit,ai_research,159,2880,"{""workflow_run_id"": 624, ""source"": ""data_provider_or_ai""}"
1249,45,2026-04-15,action,crm_sync,1119,2883,"{""workflow_run_id"": 625, ""source"": ""workflow_execution""}"
1250,45,2026-04-15,data_credit,waterfall,155,2883,"{""workflow_run_id"": 625, ""source"": ""data_provider_or_ai""}"
1251,45,2026-02-04,action,lead_enrichment,2754,2886,"{""workflow_run_id"": 626, ""source"": ""workflow_execution""}"
1252,45,2026-02-04,data_credit,ai_research,146,2886,"{""workflow_run_id"": 626, ""source"": ""data_provider_or_ai""}"
1253,46,2026-03-28,action,personalized_outbound,2359,2889,"{""workflow_run_id"": 627, ""source"": ""workflow_execution""}"
1254,46,2026-03-28,data_credit,waterfall,541,2889,"{""workflow_run_id"": 627, ""source"": ""data_provider_or_ai""}"
1255,46,2026-04-14,action,crm_sync,2613,2894,"{""workflow_run_id"": 628, ""source"": ""workflow_execution""}"
1256,46,2026-04-14,data_credit,waterfall,608,2894,"{""workflow_run_id"": 628, ""source"": ""data_provider_or_ai""}"
1257,46,2026-04-19,action,personalized_outbound,493,2899,"{""workflow_run_id"": 629, ""source"": ""workflow_execution""}"
1258,46,2026-04-19,data_credit,ai_research,409,2899,"{""workflow_run_id"": 629, ""source"": ""data_provider_or_ai""}"
1259,46,2026-06-14,action,crm_sync,2013,2902,"{""workflow_run_id"": 630, ""source"": ""workflow_execution""}"
1260,46,2026-06-14,data_credit,waterfall,442,2902,"{""workflow_run_id"": 630, ""source"": ""data_provider_or_ai""}"
1261,46,2026-04-05,action,personalized_outbound,2733,2907,"{""workflow_run_id"": 631, ""source"": ""workflow_execution""}"
1262,46,2026-04-05,data_credit,ai_research,622,2907,"{""workflow_run_id"": 631, ""source"": ""data_provider_or_ai""}"
1263,46,2026-04-22,action,ai_account_research,986,2912,"{""workflow_run_id"": 632, ""source"": ""workflow_execution""}"
1264,46,2026-04-22,data_credit,ai_research,441,2912,"{""workflow_run_id"": 632, ""source"": ""data_provider_or_ai""}"
1265,46,2026-04-08,action,ai_account_research,834,2917,"{""workflow_run_id"": 633, ""source"": ""workflow_execution""}"
1266,46,2026-04-08,data_credit,enrichment,220,2917,"{""workflow_run_id"": 633, ""source"": ""data_provider_or_ai""}"
1267,46,2026-04-21,action,lead_enrichment,751,2922,"{""workflow_run_id"": 634, ""source"": ""workflow_execution""}"
1268,46,2026-04-21,data_credit,ai_research,505,2922,"{""workflow_run_id"": 634, ""source"": ""data_provider_or_ai""}"
1269,46,2026-03-27,action,personalized_outbound,2873,2927,"{""workflow_run_id"": 635, ""source"": ""workflow_execution""}"
1270,46,2026-03-27,data_credit,waterfall,563,2927,"{""workflow_run_id"": 635, ""source"": ""data_provider_or_ai""}"
1271,46,2026-06-09,action,ai_account_research,1041,2930,"{""workflow_run_id"": 636, ""source"": ""workflow_execution""}"
1272,46,2026-06-09,data_credit,waterfall,774,2930,"{""workflow_run_id"": 636, ""source"": ""data_provider_or_ai""}"
1273,46,2026-06-03,action,waterfall_enrichment,2362,2935,"{""workflow_run_id"": 637, ""source"": ""workflow_execution""}"
1274,46,2026-06-03,data_credit,ai_research,105,2935,"{""workflow_run_id"": 637, ""source"": ""data_provider_or_ai""}"
1275,46,2026-06-02,action,crm_sync,392,2940,"{""workflow_run_id"": 638, ""source"": ""workflow_execution""}"
1276,46,2026-06-02,data_credit,waterfall,452,2940,"{""workflow_run_id"": 638, ""source"": ""data_provider_or_ai""}"
1277,47,2026-06-24,action,crm_sync,2052,2945,"{""workflow_run_id"": 639, ""source"": ""workflow_execution""}"
1278,47,2026-06-24,data_credit,ai_research,314,2945,"{""workflow_run_id"": 639, ""source"": ""data_provider_or_ai""}"
1279,47,2026-06-13,action,ai_account_research,1106,2950,"{""workflow_run_id"": 640, ""source"": ""workflow_execution""}"
1280,47,2026-06-13,data_credit,ai_research,406,2950,"{""workflow_run_id"": 640, ""source"": ""data_provider_or_ai""}"
1281,47,2026-06-28,action,personalized_outbound,271,2955,"{""workflow_run_id"": 641, ""source"": ""workflow_execution""}"
1282,47,2026-06-28,data_credit,waterfall,585,2955,"{""workflow_run_id"": 641, ""source"": ""data_provider_or_ai""}"
1283,47,2026-04-13,action,waterfall_enrichment,1704,2960,"{""workflow_run_id"": 642, ""source"": ""workflow_execution""}"
1284,47,2026-04-13,data_credit,waterfall,278,2960,"{""workflow_run_id"": 642, ""source"": ""data_provider_or_ai""}"
1285,47,2026-04-23,action,personalized_outbound,1092,2965,"{""workflow_run_id"": 643, ""source"": ""workflow_execution""}"
1286,47,2026-04-23,data_credit,waterfall,178,2965,"{""workflow_run_id"": 643, ""source"": ""data_provider_or_ai""}"
1287,47,2026-04-16,action,personalized_outbound,436,2970,"{""workflow_run_id"": 644, ""source"": ""workflow_execution""}"
1288,47,2026-04-16,data_credit,enrichment,493,2970,"{""workflow_run_id"": 644, ""source"": ""data_provider_or_ai""}"
1289,47,2026-05-27,action,waterfall_enrichment,2458,2973,"{""workflow_run_id"": 645, ""source"": ""workflow_execution""}"
1290,47,2026-05-27,data_credit,waterfall,563,2973,"{""workflow_run_id"": 645, ""source"": ""data_provider_or_ai""}"
1291,47,2026-04-10,action,lead_enrichment,2913,2978,"{""workflow_run_id"": 646, ""source"": ""workflow_execution""}"
1292,47,2026-04-10,data_credit,enrichment,674,2978,"{""workflow_run_id"": 646, ""source"": ""data_provider_or_ai""}"
1293,47,2026-05-15,action,ai_account_research,2329,2983,"{""workflow_run_id"": 647, ""source"": ""workflow_execution""}"
1294,47,2026-05-15,data_credit,waterfall,69,2983,"{""workflow_run_id"": 647, ""source"": ""data_provider_or_ai""}"
1295,47,2026-05-03,action,ai_account_research,1694,2988,"{""workflow_run_id"": 648, ""source"": ""workflow_execution""}"
1296,47,2026-05-03,data_credit,ai_research,117,2988,"{""workflow_run_id"": 648, ""source"": ""data_provider_or_ai""}"
1297,47,2026-06-11,action,personalized_outbound,1801,2993,"{""workflow_run_id"": 649, ""source"": ""workflow_execution""}"
1298,47,2026-06-11,data_credit,waterfall,23,2993,"{""workflow_run_id"": 649, ""source"": ""data_provider_or_ai""}"
1299,47,2026-07-04,action,personalized_outbound,1504,2998,"{""workflow_run_id"": 650, ""source"": ""workflow_execution""}"
1300,47,2026-07-04,data_credit,waterfall,47,2998,"{""workflow_run_id"": 650, ""source"": ""data_provider_or_ai""}"
1301,47,2026-04-25,action,ai_account_research,2116,3001,"{""workflow_run_id"": 651, ""source"": ""workflow_execution""}"
1302,47,2026-04-25,data_credit,ai_research,424,3001,"{""workflow_run_id"": 651, ""source"": ""data_provider_or_ai""}"
1303,47,2026-06-02,action,personalized_outbound,2905,3006,"{""workflow_run_id"": 652, ""source"": ""workflow_execution""}"
1304,47,2026-06-02,data_credit,enrichment,486,3006,"{""workflow_run_id"": 652, ""source"": ""data_provider_or_ai""}"
1305,47,2026-05-19,action,ai_account_research,2399,3011,"{""workflow_run_id"": 653, ""source"": ""workflow_execution""}"
1306,47,2026-05-19,data_credit,enrichment,679,3011,"{""workflow_run_id"": 653, ""source"": ""data_provider_or_ai""}"
1307,47,2026-06-26,action,crm_sync,2942,3014,"{""workflow_run_id"": 654, ""source"": ""workflow_execution""}"
1308,47,2026-06-26,data_credit,waterfall,38,3014,"{""workflow_run_id"": 654, ""source"": ""data_provider_or_ai""}"
1309,47,2026-04-14,action,personalized_outbound,694,3019,"{""workflow_run_id"": 655, ""source"": ""workflow_execution""}"
1310,47,2026-04-14,data_credit,ai_research,568,3019,"{""workflow_run_id"": 655, ""source"": ""data_provider_or_ai""}"
1311,48,2026-07-24,action,personalized_outbound,222,3022,"{""workflow_run_id"": 656, ""source"": ""workflow_execution""}"
1312,48,2026-07-24,data_credit,enrichment,582,3022,"{""workflow_run_id"": 656, ""source"": ""data_provider_or_ai""}"
1313,48,2026-06-22,action,personalized_outbound,1732,3025,"{""workflow_run_id"": 657, ""source"": ""workflow_execution""}"
1314,48,2026-06-22,data_credit,enrichment,574,3025,"{""workflow_run_id"": 657, ""source"": ""data_provider_or_ai""}"
1315,48,2026-06-01,action,crm_sync,1700,3028,"{""workflow_run_id"": 658, ""source"": ""workflow_execution""}"
1316,48,2026-06-01,data_credit,enrichment,418,3028,"{""workflow_run_id"": 658, ""source"": ""data_provider_or_ai""}"
1317,48,2026-05-09,action,waterfall_enrichment,1300,3031,"{""workflow_run_id"": 659, ""source"": ""workflow_execution""}"
1318,48,2026-05-09,data_credit,waterfall,664,3031,"{""workflow_run_id"": 659, ""source"": ""data_provider_or_ai""}"
1319,48,2026-05-11,action,lead_enrichment,672,3036,"{""workflow_run_id"": 660, ""source"": ""workflow_execution""}"
1320,48,2026-05-11,data_credit,ai_research,763,3036,"{""workflow_run_id"": 660, ""source"": ""data_provider_or_ai""}"
1321,48,2026-06-23,action,ai_account_research,2246,3041,"{""workflow_run_id"": 661, ""source"": ""workflow_execution""}"
1322,48,2026-06-23,data_credit,waterfall,710,3041,"{""workflow_run_id"": 661, ""source"": ""data_provider_or_ai""}"
1323,48,2026-06-04,action,ai_account_research,769,3044,"{""workflow_run_id"": 662, ""source"": ""workflow_execution""}"
1324,48,2026-06-04,data_credit,ai_research,20,3044,"{""workflow_run_id"": 662, ""source"": ""data_provider_or_ai""}"
1325,48,2026-05-16,action,ai_account_research,301,3047,"{""workflow_run_id"": 663, ""source"": ""workflow_execution""}"
1326,48,2026-05-16,data_credit,enrichment,763,3047,"{""workflow_run_id"": 663, ""source"": ""data_provider_or_ai""}"
1327,48,2026-07-15,action,waterfall_enrichment,407,3052,"{""workflow_run_id"": 664, ""source"": ""workflow_execution""}"
1328,48,2026-07-15,data_credit,enrichment,34,3052,"{""workflow_run_id"": 664, ""source"": ""data_provider_or_ai""}"
1329,48,2026-07-22,action,personalized_outbound,825,3055,"{""workflow_run_id"": 665, ""source"": ""workflow_execution""}"
1330,48,2026-07-22,data_credit,waterfall,576,3055,"{""workflow_run_id"": 665, ""source"": ""data_provider_or_ai""}"
1331,48,2026-06-11,action,ai_account_research,1759,3060,"{""workflow_run_id"": 666, ""source"": ""workflow_execution""}"
1332,48,2026-06-11,data_credit,enrichment,550,3060,"{""workflow_run_id"": 666, ""source"": ""data_provider_or_ai""}"
1333,49,2026-04-06,action,lead_enrichment,2812,3065,"{""workflow_run_id"": 667, ""source"": ""workflow_execution""}"
1334,49,2026-04-06,data_credit,ai_research,575,3065,"{""workflow_run_id"": 667, ""source"": ""data_provider_or_ai""}"
1335,49,2026-05-02,action,personalized_outbound,1975,3070,"{""workflow_run_id"": 668, ""source"": ""workflow_execution""}"
1336,49,2026-05-02,data_credit,enrichment,789,3070,"{""workflow_run_id"": 668, ""source"": ""data_provider_or_ai""}"
1337,49,2026-05-14,action,crm_sync,2127,3075,"{""workflow_run_id"": 669, ""source"": ""workflow_execution""}"
1338,49,2026-05-14,data_credit,waterfall,645,3075,"{""workflow_run_id"": 669, ""source"": ""data_provider_or_ai""}"
1339,49,2026-04-19,action,personalized_outbound,2894,3080,"{""workflow_run_id"": 670, ""source"": ""workflow_execution""}"
1340,49,2026-04-19,data_credit,enrichment,660,3080,"{""workflow_run_id"": 670, ""source"": ""data_provider_or_ai""}"
1341,49,2026-04-03,action,lead_enrichment,1710,3085,"{""workflow_run_id"": 671, ""source"": ""workflow_execution""}"
1342,49,2026-04-03,data_credit,waterfall,491,3085,"{""workflow_run_id"": 671, ""source"": ""data_provider_or_ai""}"
1343,49,2026-04-06,action,personalized_outbound,773,3090,"{""workflow_run_id"": 672, ""source"": ""workflow_execution""}"
1344,49,2026-04-06,data_credit,enrichment,286,3090,"{""workflow_run_id"": 672, ""source"": ""data_provider_or_ai""}"
1345,49,2026-05-13,action,ai_account_research,2166,3093,"{""workflow_run_id"": 673, ""source"": ""workflow_execution""}"
1346,49,2026-05-13,data_credit,waterfall,128,3093,"{""workflow_run_id"": 673, ""source"": ""data_provider_or_ai""}"
1347,49,2026-04-06,action,waterfall_enrichment,292,3098,"{""workflow_run_id"": 674, ""source"": ""workflow_execution""}"
1348,49,2026-04-06,data_credit,waterfall,223,3098,"{""workflow_run_id"": 674, ""source"": ""data_provider_or_ai""}"
1349,49,2026-03-29,action,lead_enrichment,1845,3103,"{""workflow_run_id"": 675, ""source"": ""workflow_execution""}"
1350,49,2026-03-29,data_credit,ai_research,478,3103,"{""workflow_run_id"": 675, ""source"": ""data_provider_or_ai""}"
1351,49,2026-02-20,action,crm_sync,1212,3106,"{""workflow_run_id"": 676, ""source"": ""workflow_execution""}"
1352,49,2026-02-20,data_credit,enrichment,389,3106,"{""workflow_run_id"": 676, ""source"": ""data_provider_or_ai""}"
1353,49,2026-03-17,action,personalized_outbound,1801,3111,"{""workflow_run_id"": 677, ""source"": ""workflow_execution""}"
1354,49,2026-03-17,data_credit,ai_research,792,3111,"{""workflow_run_id"": 677, ""source"": ""data_provider_or_ai""}"
1355,49,2026-04-24,action,ai_account_research,2616,3116,"{""workflow_run_id"": 678, ""source"": ""workflow_execution""}"
1356,49,2026-04-24,data_credit,enrichment,141,3116,"{""workflow_run_id"": 678, ""source"": ""data_provider_or_ai""}"
1357,49,2026-05-14,action,lead_enrichment,2068,3119,"{""workflow_run_id"": 679, ""source"": ""workflow_execution""}"
1358,49,2026-05-14,data_credit,waterfall,54,3119,"{""workflow_run_id"": 679, ""source"": ""data_provider_or_ai""}"
1359,49,2026-03-13,action,personalized_outbound,2210,3124,"{""workflow_run_id"": 680, ""source"": ""workflow_execution""}"
1360,49,2026-03-13,data_credit,waterfall,776,3124,"{""workflow_run_id"": 680, ""source"": ""data_provider_or_ai""}"
1361,49,2026-03-08,action,lead_enrichment,341,3129,"{""workflow_run_id"": 681, ""source"": ""workflow_execution""}"
1362,49,2026-03-08,data_credit,waterfall,406,3129,"{""workflow_run_id"": 681, ""source"": ""data_provider_or_ai""}"
1363,49,2026-02-16,action,ai_account_research,1533,3134,"{""workflow_run_id"": 682, ""source"": ""workflow_execution""}"
1364,49,2026-02-16,data_credit,ai_research,511,3134,"{""workflow_run_id"": 682, ""source"": ""data_provider_or_ai""}"
1365,49,2026-03-28,action,crm_sync,317,3139,"{""workflow_run_id"": 683, ""source"": ""workflow_execution""}"
1366,49,2026-03-28,data_credit,enrichment,582,3139,"{""workflow_run_id"": 683, ""source"": ""data_provider_or_ai""}"
1367,49,2026-04-12,action,ai_account_research,2461,3144,"{""workflow_run_id"": 684, ""source"": ""workflow_execution""}"
1368,49,2026-04-12,data_credit,waterfall,600,3144,"{""workflow_run_id"": 684, ""source"": ""data_provider_or_ai""}"
1369,49,2026-03-14,action,ai_account_research,932,3149,"{""workflow_run_id"": 685, ""source"": ""workflow_execution""}"
1370,49,2026-03-14,data_credit,waterfall,347,3149,"{""workflow_run_id"": 685, ""source"": ""data_provider_or_ai""}"
1371,49,2026-03-26,action,waterfall_enrichment,1930,3154,"{""workflow_run_id"": 686, ""source"": ""workflow_execution""}"
1372,49,2026-03-26,data_credit,waterfall,638,3154,"{""workflow_run_id"": 686, ""source"": ""data_provider_or_ai""}"
1373,49,2026-04-12,action,ai_account_research,215,3159,"{""workflow_run_id"": 687, ""source"": ""workflow_execution""}"
1374,49,2026-04-12,data_credit,enrichment,711,3159,"{""workflow_run_id"": 687, ""source"": ""data_provider_or_ai""}"
1375,49,2026-03-04,action,lead_enrichment,927,3164,"{""workflow_run_id"": 688, ""source"": ""workflow_execution""}"
1376,49,2026-03-04,data_credit,ai_research,37,3164,"{""workflow_run_id"": 688, ""source"": ""data_provider_or_ai""}"
1377,49,2026-03-25,action,lead_enrichment,198,3167,"{""workflow_run_id"": 689, ""source"": ""workflow_execution""}"
1378,49,2026-03-25,data_credit,ai_research,114,3167,"{""workflow_run_id"": 689, ""source"": ""data_provider_or_ai""}"
1379,49,2026-03-12,action,personalized_outbound,1729,3172,"{""workflow_run_id"": 690, ""source"": ""workflow_execution""}"
1380,49,2026-03-12,data_credit,waterfall,69,3172,"{""workflow_run_id"": 690, ""source"": ""data_provider_or_ai""}"
1381,49,2026-03-06,action,ai_account_research,1749,3177,"{""workflow_run_id"": 691, ""source"": ""workflow_execution""}"
1382,49,2026-03-06,data_credit,enrichment,127,3177,"{""workflow_run_id"": 691, ""source"": ""data_provider_or_ai""}"
1383,49,2026-03-10,action,lead_enrichment,1481,3182,"{""workflow_run_id"": 692, ""source"": ""workflow_execution""}"
1384,49,2026-03-10,data_credit,waterfall,233,3182,"{""workflow_run_id"": 692, ""source"": ""data_provider_or_ai""}"
1385,49,2026-02-16,action,crm_sync,135,3187,"{""workflow_run_id"": 693, ""source"": ""workflow_execution""}"
1386,49,2026-02-16,data_credit,waterfall,610,3187,"{""workflow_run_id"": 693, ""source"": ""data_provider_or_ai""}"
1387,49,2026-03-28,action,crm_sync,585,3192,"{""workflow_run_id"": 694, ""source"": ""workflow_execution""}"
1388,49,2026-03-28,data_credit,ai_research,165,3192,"{""workflow_run_id"": 694, ""source"": ""data_provider_or_ai""}"
1389,49,2026-03-11,action,personalized_outbound,2073,3195,"{""workflow_run_id"": 695, ""source"": ""workflow_execution""}"
1390,49,2026-03-11,data_credit,ai_research,75,3195,"{""workflow_run_id"": 695, ""source"": ""data_provider_or_ai""}"
1391,49,2026-03-02,action,waterfall_enrichment,2762,3200,"{""workflow_run_id"": 696, ""source"": ""workflow_execution""}"
1392,49,2026-03-02,data_credit,ai_research,129,3200,"{""workflow_run_id"": 696, ""source"": ""data_provider_or_ai""}"
1393,49,2026-03-27,action,ai_account_research,1833,3203,"{""workflow_run_id"": 697, ""source"": ""workflow_execution""}"
1394,49,2026-03-27,data_credit,waterfall,335,3203,"{""workflow_run_id"": 697, ""source"": ""data_provider_or_ai""}"
1395,49,2026-02-23,action,crm_sync,2206,3208,"{""workflow_run_id"": 698, ""source"": ""workflow_execution""}"
1396,49,2026-02-23,data_credit,enrichment,145,3208,"{""workflow_run_id"": 698, ""source"": ""data_provider_or_ai""}"
1397,49,2026-03-13,action,waterfall_enrichment,706,3213,"{""workflow_run_id"": 699, ""source"": ""workflow_execution""}"
1398,49,2026-03-13,data_credit,enrichment,626,3213,"{""workflow_run_id"": 699, ""source"": ""data_provider_or_ai""}"
1399,49,2026-02-28,action,waterfall_enrichment,1579,3218,"{""workflow_run_id"": 700, ""source"": ""workflow_execution""}"
1400,49,2026-02-28,data_credit,ai_research,563,3218,"{""workflow_run_id"": 700, ""source"": ""data_provider_or_ai""}"
1401,49,2026-04-18,action,waterfall_enrichment,2541,3223,"{""workflow_run_id"": 701, ""source"": ""workflow_execution""}"
1402,49,2026-04-18,data_credit,ai_research,279,3223,"{""workflow_run_id"": 701, ""source"": ""data_provider_or_ai""}"
1403,49,2026-02-18,action,lead_enrichment,177,3228,"{""workflow_run_id"": 702, ""source"": ""workflow_execution""}"
1404,49,2026-02-18,data_credit,enrichment,52,3228,"{""workflow_run_id"": 702, ""source"": ""data_provider_or_ai""}"
1405,50,2026-05-10,action,lead_enrichment,985,3231,"{""workflow_run_id"": 703, ""source"": ""workflow_execution""}"
1406,50,2026-05-10,data_credit,ai_research,516,3231,"{""workflow_run_id"": 703, ""source"": ""data_provider_or_ai""}"
1407,50,2026-05-08,action,crm_sync,1181,3236,"{""workflow_run_id"": 704, ""source"": ""workflow_execution""}"
1408,50,2026-05-08,data_credit,ai_research,189,3236,"{""workflow_run_id"": 704, ""source"": ""data_provider_or_ai""}"
1409,50,2026-07-25,action,waterfall_enrichment,1063,3241,"{""workflow_run_id"": 705, ""source"": ""workflow_execution""}"
1410,50,2026-07-25,data_credit,waterfall,398,3241,"{""workflow_run_id"": 705, ""source"": ""data_provider_or_ai""}"
1411,50,2026-07-30,action,personalized_outbound,2291,3246,"{""workflow_run_id"": 706, ""source"": ""workflow_execution""}"
1412,50,2026-07-30,data_credit,enrichment,161,3246,"{""workflow_run_id"": 706, ""source"": ""data_provider_or_ai""}"
1413,50,2026-05-17,action,crm_sync,483,3249,"{""workflow_run_id"": 707, ""source"": ""workflow_execution""}"
1414,50,2026-05-17,data_credit,enrichment,204,3249,"{""workflow_run_id"": 707, ""source"": ""data_provider_or_ai""}"
1415,50,2026-06-19,action,personalized_outbound,1159,3254,"{""workflow_run_id"": 708, ""source"": ""workflow_execution""}"
1416,50,2026-06-19,data_credit,waterfall,110,3254,"{""workflow_run_id"": 708, ""source"": ""data_provider_or_ai""}"
1417,50,2026-06-25,action,lead_enrichment,2597,3259,"{""workflow_run_id"": 709, ""source"": ""workflow_execution""}"
1418,50,2026-06-25,data_credit,ai_research,405,3259,"{""workflow_run_id"": 709, ""source"": ""data_provider_or_ai""}"
1419,50,2026-07-10,action,personalized_outbound,683,3264,"{""workflow_run_id"": 710, ""source"": ""workflow_execution""}"
1420,50,2026-07-10,data_credit,ai_research,183,3264,"{""workflow_run_id"": 710, ""source"": ""data_provider_or_ai""}"
1421,50,2026-07-15,action,waterfall_enrichment,978,3269,"{""workflow_run_id"": 711, ""source"": ""workflow_execution""}"
1422,50,2026-07-15,data_credit,waterfall,135,3269,"{""workflow_run_id"": 711, ""source"": ""data_provider_or_ai""}"
1423,50,2026-06-02,action,personalized_outbound,2378,3274,"{""workflow_run_id"": 712, ""source"": ""workflow_execution""}"
1424,50,2026-06-02,data_credit,enrichment,543,3274,"{""workflow_run_id"": 712, ""source"": ""data_provider_or_ai""}"
1425,50,2026-06-22,action,lead_enrichment,358,3277,"{""workflow_run_id"": 713, ""source"": ""workflow_execution""}"
1426,50,2026-06-22,data_credit,waterfall,501,3277,"{""workflow_run_id"": 713, ""source"": ""data_provider_or_ai""}"
1427,50,2026-07-02,action,lead_enrichment,1829,3280,"{""workflow_run_id"": 714, ""source"": ""workflow_execution""}"
1428,50,2026-07-02,data_credit,waterfall,651,3280,"{""workflow_run_id"": 714, ""source"": ""data_provider_or_ai""}"
1429,50,2026-07-09,action,ai_account_research,2954,3283,"{""workflow_run_id"": 715, ""source"": ""workflow_execution""}"
1430,50,2026-07-09,data_credit,waterfall,410,3283,"{""workflow_run_id"": 715, ""source"": ""data_provider_or_ai""}"
1431,50,2026-05-07,action,waterfall_enrichment,301,3288,"{""workflow_run_id"": 716, ""source"": ""workflow_execution""}"
1432,50,2026-05-07,data_credit,waterfall,45,3288,"{""workflow_run_id"": 716, ""source"": ""data_provider_or_ai""}"
1433,50,2026-07-24,action,ai_account_research,2107,3293,"{""workflow_run_id"": 717, ""source"": ""workflow_execution""}"
1434,50,2026-07-24,data_credit,ai_research,794,3293,"{""workflow_run_id"": 717, ""source"": ""data_provider_or_ai""}"
1435,50,2026-06-14,action,personalized_outbound,2591,3296,"{""workflow_run_id"": 718, ""source"": ""workflow_execution""}"
1436,50,2026-06-14,data_credit,enrichment,375,3296,"{""workflow_run_id"": 718, ""source"": ""data_provider_or_ai""}"
1437,50,2026-05-08,action,waterfall_enrichment,509,3301,"{""workflow_run_id"": 719, ""source"": ""workflow_execution""}"
1438,50,2026-05-08,data_credit,ai_research,114,3301,"{""workflow_run_id"": 719, ""source"": ""data_provider_or_ai""}"
1439,51,2026-07-01,action,crm_sync,1858,3304,"{""workflow_run_id"": 720, ""source"": ""workflow_execution""}"
1440,51,2026-07-01,data_credit,ai_research,280,3304,"{""workflow_run_id"": 720, ""source"": ""data_provider_or_ai""}"
1441,51,2026-07-16,action,waterfall_enrichment,1895,3309,"{""workflow_run_id"": 721, ""source"": ""workflow_execution""}"
1442,51,2026-07-16,data_credit,enrichment,427,3309,"{""workflow_run_id"": 721, ""source"": ""data_provider_or_ai""}"
1443,51,2026-05-25,action,ai_account_research,1447,3314,"{""workflow_run_id"": 722, ""source"": ""workflow_execution""}"
1444,51,2026-05-25,data_credit,waterfall,751,3314,"{""workflow_run_id"": 722, ""source"": ""data_provider_or_ai""}"
1445,51,2026-05-18,action,ai_account_research,374,3319,"{""workflow_run_id"": 723, ""source"": ""workflow_execution""}"
1446,51,2026-05-18,data_credit,ai_research,455,3319,"{""workflow_run_id"": 723, ""source"": ""data_provider_or_ai""}"
1447,51,2026-05-16,action,crm_sync,1086,3324,"{""workflow_run_id"": 724, ""source"": ""workflow_execution""}"
1448,51,2026-05-16,data_credit,waterfall,679,3324,"{""workflow_run_id"": 724, ""source"": ""data_provider_or_ai""}"
1449,51,2026-05-09,action,personalized_outbound,1052,3327,"{""workflow_run_id"": 725, ""source"": ""workflow_execution""}"
1450,51,2026-05-09,data_credit,enrichment,57,3327,"{""workflow_run_id"": 725, ""source"": ""data_provider_or_ai""}"
1451,51,2026-07-09,action,waterfall_enrichment,2746,3330,"{""workflow_run_id"": 726, ""source"": ""workflow_execution""}"
1452,51,2026-07-09,data_credit,waterfall,695,3330,"{""workflow_run_id"": 726, ""source"": ""data_provider_or_ai""}"
1453,52,2026-02-27,action,lead_enrichment,294,3335,"{""workflow_run_id"": 727, ""source"": ""workflow_execution""}"
1454,52,2026-02-27,data_credit,ai_research,514,3335,"{""workflow_run_id"": 727, ""source"": ""data_provider_or_ai""}"
1455,52,2026-02-25,action,personalized_outbound,847,3338,"{""workflow_run_id"": 728, ""source"": ""workflow_execution""}"
1456,52,2026-02-25,data_credit,ai_research,23,3338,"{""workflow_run_id"": 728, ""source"": ""data_provider_or_ai""}"
1457,52,2026-02-07,action,personalized_outbound,511,3341,"{""workflow_run_id"": 729, ""source"": ""workflow_execution""}"
1458,52,2026-02-07,data_credit,waterfall,428,3341,"{""workflow_run_id"": 729, ""source"": ""data_provider_or_ai""}"
1459,52,2026-03-19,action,waterfall_enrichment,1875,3344,"{""workflow_run_id"": 730, ""source"": ""workflow_execution""}"
1460,52,2026-03-19,data_credit,waterfall,591,3344,"{""workflow_run_id"": 730, ""source"": ""data_provider_or_ai""}"
1461,52,2026-03-10,action,lead_enrichment,2939,3349,"{""workflow_run_id"": 731, ""source"": ""workflow_execution""}"
1462,52,2026-03-10,data_credit,enrichment,628,3349,"{""workflow_run_id"": 731, ""source"": ""data_provider_or_ai""}"
1463,52,2026-01-19,action,ai_account_research,582,3352,"{""workflow_run_id"": 732, ""source"": ""workflow_execution""}"
1464,52,2026-01-19,data_credit,ai_research,491,3352,"{""workflow_run_id"": 732, ""source"": ""data_provider_or_ai""}"
1465,52,2026-03-02,action,ai_account_research,1884,3357,"{""workflow_run_id"": 733, ""source"": ""workflow_execution""}"
1466,52,2026-03-02,data_credit,enrichment,292,3357,"{""workflow_run_id"": 733, ""source"": ""data_provider_or_ai""}"
1467,52,2026-01-23,action,waterfall_enrichment,2091,3362,"{""workflow_run_id"": 734, ""source"": ""workflow_execution""}"
1468,52,2026-01-23,data_credit,ai_research,66,3362,"{""workflow_run_id"": 734, ""source"": ""data_provider_or_ai""}"
1469,52,2026-02-27,action,lead_enrichment,2393,3367,"{""workflow_run_id"": 735, ""source"": ""workflow_execution""}"
1470,52,2026-02-27,data_credit,ai_research,645,3367,"{""workflow_run_id"": 735, ""source"": ""data_provider_or_ai""}"
1471,52,2026-02-07,action,waterfall_enrichment,104,3372,"{""workflow_run_id"": 736, ""source"": ""workflow_execution""}"
1472,52,2026-02-07,data_credit,enrichment,645,3372,"{""workflow_run_id"": 736, ""source"": ""data_provider_or_ai""}"
1473,52,2026-03-03,action,lead_enrichment,1385,3375,"{""workflow_run_id"": 737, ""source"": ""workflow_execution""}"
1474,52,2026-03-03,data_credit,enrichment,716,3375,"{""workflow_run_id"": 737, ""source"": ""data_provider_or_ai""}"
1475,52,2026-01-03,action,lead_enrichment,460,3380,"{""workflow_run_id"": 738, ""source"": ""workflow_execution""}"
1476,52,2026-01-03,data_credit,waterfall,659,3380,"{""workflow_run_id"": 738, ""source"": ""data_provider_or_ai""}"
1477,52,2026-03-09,action,ai_account_research,1574,3383,"{""workflow_run_id"": 739, ""source"": ""workflow_execution""}"
1478,52,2026-03-09,data_credit,ai_research,468,3383,"{""workflow_run_id"": 739, ""source"": ""data_provider_or_ai""}"
1479,53,2026-02-09,action,personalized_outbound,274,3388,"{""workflow_run_id"": 740, ""source"": ""workflow_execution""}"
1480,53,2026-02-09,data_credit,waterfall,525,3388,"{""workflow_run_id"": 740, ""source"": ""data_provider_or_ai""}"
1481,53,2026-05-03,action,personalized_outbound,1445,3393,"{""workflow_run_id"": 741, ""source"": ""workflow_execution""}"
1482,53,2026-05-03,data_credit,waterfall,322,3393,"{""workflow_run_id"": 741, ""source"": ""data_provider_or_ai""}"
1483,53,2026-03-31,action,ai_account_research,1892,3398,"{""workflow_run_id"": 742, ""source"": ""workflow_execution""}"
1484,53,2026-03-31,data_credit,waterfall,341,3398,"{""workflow_run_id"": 742, ""source"": ""data_provider_or_ai""}"
1485,53,2026-03-20,action,lead_enrichment,2695,3401,"{""workflow_run_id"": 743, ""source"": ""workflow_execution""}"
1486,53,2026-03-20,data_credit,ai_research,652,3401,"{""workflow_run_id"": 743, ""source"": ""data_provider_or_ai""}"
1487,53,2026-02-07,action,waterfall_enrichment,2829,3406,"{""workflow_run_id"": 744, ""source"": ""workflow_execution""}"
1488,53,2026-02-07,data_credit,enrichment,789,3406,"{""workflow_run_id"": 744, ""source"": ""data_provider_or_ai""}"
1489,53,2026-02-09,action,crm_sync,1854,3409,"{""workflow_run_id"": 745, ""source"": ""workflow_execution""}"
1490,53,2026-02-09,data_credit,waterfall,66,3409,"{""workflow_run_id"": 745, ""source"": ""data_provider_or_ai""}"
1491,53,2026-04-22,action,crm_sync,2909,3412,"{""workflow_run_id"": 746, ""source"": ""workflow_execution""}"
1492,53,2026-04-22,data_credit,ai_research,600,3412,"{""workflow_run_id"": 746, ""source"": ""data_provider_or_ai""}"
1493,53,2026-02-21,action,lead_enrichment,1193,3417,"{""workflow_run_id"": 747, ""source"": ""workflow_execution""}"
1494,53,2026-02-21,data_credit,waterfall,731,3417,"{""workflow_run_id"": 747, ""source"": ""data_provider_or_ai""}"
1495,53,2026-02-19,action,ai_account_research,1144,3422,"{""workflow_run_id"": 748, ""source"": ""workflow_execution""}"
1496,53,2026-02-19,data_credit,ai_research,153,3422,"{""workflow_run_id"": 748, ""source"": ""data_provider_or_ai""}"
1497,53,2026-02-26,action,personalized_outbound,2734,3427,"{""workflow_run_id"": 749, ""source"": ""workflow_execution""}"
1498,53,2026-02-26,data_credit,waterfall,451,3427,"{""workflow_run_id"": 749, ""source"": ""data_provider_or_ai""}"
1499,53,2026-02-08,action,personalized_outbound,2878,3432,"{""workflow_run_id"": 750, ""source"": ""workflow_execution""}"
1500,53,2026-02-08,data_credit,ai_research,362,3432,"{""workflow_run_id"": 750, ""source"": ""data_provider_or_ai""}"
1501,53,2026-03-17,action,personalized_outbound,2232,3437,"{""workflow_run_id"": 751, ""source"": ""workflow_execution""}"
1502,53,2026-03-17,data_credit,enrichment,211,3437,"{""workflow_run_id"": 751, ""source"": ""data_provider_or_ai""}"
1503,53,2026-03-07,action,lead_enrichment,2248,3440,"{""workflow_run_id"": 752, ""source"": ""workflow_execution""}"
1504,53,2026-03-07,data_credit,waterfall,147,3440,"{""workflow_run_id"": 752, ""source"": ""data_provider_or_ai""}"
1505,53,2026-04-17,action,crm_sync,2377,3445,"{""workflow_run_id"": 753, ""source"": ""workflow_execution""}"
1506,53,2026-04-17,data_credit,enrichment,549,3445,"{""workflow_run_id"": 753, ""source"": ""data_provider_or_ai""}"
1507,53,2026-02-09,action,crm_sync,104,3448,"{""workflow_run_id"": 754, ""source"": ""workflow_execution""}"
1508,53,2026-02-09,data_credit,enrichment,75,3448,"{""workflow_run_id"": 754, ""source"": ""data_provider_or_ai""}"
1509,53,2026-04-14,action,personalized_outbound,2669,3453,"{""workflow_run_id"": 755, ""source"": ""workflow_execution""}"
1510,53,2026-04-14,data_credit,enrichment,772,3453,"{""workflow_run_id"": 755, ""source"": ""data_provider_or_ai""}"
1511,53,2026-02-19,action,lead_enrichment,483,3458,"{""workflow_run_id"": 756, ""source"": ""workflow_execution""}"
1512,53,2026-02-19,data_credit,ai_research,447,3458,"{""workflow_run_id"": 756, ""source"": ""data_provider_or_ai""}"
1513,53,2026-02-09,action,ai_account_research,1802,3463,"{""workflow_run_id"": 757, ""source"": ""workflow_execution""}"
1514,53,2026-02-09,data_credit,waterfall,719,3463,"{""workflow_run_id"": 757, ""source"": ""data_provider_or_ai""}"
1515,53,2026-02-12,action,personalized_outbound,2424,3468,"{""workflow_run_id"": 758, ""source"": ""workflow_execution""}"
1516,53,2026-02-12,data_credit,enrichment,103,3468,"{""workflow_run_id"": 758, ""source"": ""data_provider_or_ai""}"
1517,53,2026-02-18,action,personalized_outbound,1712,3473,"{""workflow_run_id"": 759, ""source"": ""workflow_execution""}"
1518,53,2026-02-18,data_credit,ai_research,390,3473,"{""workflow_run_id"": 759, ""source"": ""data_provider_or_ai""}"
1519,53,2026-02-10,action,crm_sync,877,3478,"{""workflow_run_id"": 760, ""source"": ""workflow_execution""}"
1520,53,2026-02-10,data_credit,enrichment,152,3478,"{""workflow_run_id"": 760, ""source"": ""data_provider_or_ai""}"
1521,53,2026-03-24,action,lead_enrichment,2719,3483,"{""workflow_run_id"": 761, ""source"": ""workflow_execution""}"
1522,53,2026-03-24,data_credit,waterfall,265,3483,"{""workflow_run_id"": 761, ""source"": ""data_provider_or_ai""}"
1523,53,2026-03-14,action,personalized_outbound,2277,3488,"{""workflow_run_id"": 762, ""source"": ""workflow_execution""}"
1524,53,2026-03-14,data_credit,enrichment,261,3488,"{""workflow_run_id"": 762, ""source"": ""data_provider_or_ai""}"
1525,53,2026-03-06,action,lead_enrichment,1082,3491,"{""workflow_run_id"": 763, ""source"": ""workflow_execution""}"
1526,53,2026-03-06,data_credit,ai_research,467,3491,"{""workflow_run_id"": 763, ""source"": ""data_provider_or_ai""}"
1527,53,2026-04-16,action,crm_sync,1734,3494,"{""workflow_run_id"": 764, ""source"": ""workflow_execution""}"
1528,53,2026-04-16,data_credit,enrichment,630,3494,"{""workflow_run_id"": 764, ""source"": ""data_provider_or_ai""}"
1529,53,2026-03-16,action,personalized_outbound,843,3497,"{""workflow_run_id"": 765, ""source"": ""workflow_execution""}"
1530,53,2026-03-16,data_credit,enrichment,414,3497,"{""workflow_run_id"": 765, ""source"": ""data_provider_or_ai""}"
1531,54,2026-03-10,action,crm_sync,2170,3500,"{""workflow_run_id"": 766, ""source"": ""workflow_execution""}"
1532,54,2026-03-10,data_credit,ai_research,491,3500,"{""workflow_run_id"": 766, ""source"": ""data_provider_or_ai""}"
1533,54,2026-03-29,action,waterfall_enrichment,1765,3505,"{""workflow_run_id"": 767, ""source"": ""workflow_execution""}"
1534,54,2026-03-29,data_credit,enrichment,212,3505,"{""workflow_run_id"": 767, ""source"": ""data_provider_or_ai""}"
1535,54,2026-04-23,action,lead_enrichment,2895,3510,"{""workflow_run_id"": 768, ""source"": ""workflow_execution""}"
1536,54,2026-04-23,data_credit,waterfall,202,3510,"{""workflow_run_id"": 768, ""source"": ""data_provider_or_ai""}"
1537,54,2026-03-11,action,crm_sync,912,3515,"{""workflow_run_id"": 769, ""source"": ""workflow_execution""}"
1538,54,2026-03-11,data_credit,enrichment,144,3515,"{""workflow_run_id"": 769, ""source"": ""data_provider_or_ai""}"
1539,54,2026-04-12,action,ai_account_research,2238,3520,"{""workflow_run_id"": 770, ""source"": ""workflow_execution""}"
1540,54,2026-04-12,data_credit,waterfall,637,3520,"{""workflow_run_id"": 770, ""source"": ""data_provider_or_ai""}"
1541,54,2026-03-17,action,waterfall_enrichment,1693,3525,"{""workflow_run_id"": 771, ""source"": ""workflow_execution""}"
1542,54,2026-03-17,data_credit,ai_research,641,3525,"{""workflow_run_id"": 771, ""source"": ""data_provider_or_ai""}"
1543,54,2026-03-10,action,ai_account_research,1157,3530,"{""workflow_run_id"": 772, ""source"": ""workflow_execution""}"
1544,54,2026-03-10,data_credit,ai_research,432,3530,"{""workflow_run_id"": 772, ""source"": ""data_provider_or_ai""}"
1545,54,2026-03-20,action,crm_sync,1517,3535,"{""workflow_run_id"": 773, ""source"": ""workflow_execution""}"
1546,54,2026-03-20,data_credit,waterfall,593,3535,"{""workflow_run_id"": 773, ""source"": ""data_provider_or_ai""}"
1547,54,2026-05-06,action,ai_account_research,1212,3540,"{""workflow_run_id"": 774, ""source"": ""workflow_execution""}"
1548,54,2026-05-06,data_credit,waterfall,426,3540,"{""workflow_run_id"": 774, ""source"": ""data_provider_or_ai""}"
1549,54,2026-04-26,action,ai_account_research,2183,3545,"{""workflow_run_id"": 775, ""source"": ""workflow_execution""}"
1550,54,2026-04-26,data_credit,waterfall,313,3545,"{""workflow_run_id"": 775, ""source"": ""data_provider_or_ai""}"
1551,54,2026-04-15,action,waterfall_enrichment,417,3550,"{""workflow_run_id"": 776, ""source"": ""workflow_execution""}"
1552,54,2026-04-15,data_credit,waterfall,599,3550,"{""workflow_run_id"": 776, ""source"": ""data_provider_or_ai""}"
1553,54,2026-04-07,action,lead_enrichment,1880,3555,"{""workflow_run_id"": 777, ""source"": ""workflow_execution""}"
1554,54,2026-04-07,data_credit,waterfall,182,3555,"{""workflow_run_id"": 777, ""source"": ""data_provider_or_ai""}"
1555,54,2026-02-24,action,waterfall_enrichment,1762,3560,"{""workflow_run_id"": 778, ""source"": ""workflow_execution""}"
1556,54,2026-02-24,data_credit,waterfall,57,3560,"{""workflow_run_id"": 778, ""source"": ""data_provider_or_ai""}"
1557,54,2026-04-30,action,ai_account_research,2684,3565,"{""workflow_run_id"": 779, ""source"": ""workflow_execution""}"
1558,54,2026-04-30,data_credit,waterfall,721,3565,"{""workflow_run_id"": 779, ""source"": ""data_provider_or_ai""}"
1559,54,2026-05-23,action,lead_enrichment,1529,3570,"{""workflow_run_id"": 780, ""source"": ""workflow_execution""}"
1560,54,2026-05-23,data_credit,ai_research,517,3570,"{""workflow_run_id"": 780, ""source"": ""data_provider_or_ai""}"
1561,54,2026-03-29,action,waterfall_enrichment,1679,3575,"{""workflow_run_id"": 781, ""source"": ""workflow_execution""}"
1562,54,2026-03-29,data_credit,ai_research,375,3575,"{""workflow_run_id"": 781, ""source"": ""data_provider_or_ai""}"
1563,55,2026-04-28,action,ai_account_research,2606,3580,"{""workflow_run_id"": 782, ""source"": ""workflow_execution""}"
1564,55,2026-04-28,data_credit,ai_research,144,3580,"{""workflow_run_id"": 782, ""source"": ""data_provider_or_ai""}"
1565,55,2026-05-03,action,personalized_outbound,625,3585,"{""workflow_run_id"": 783, ""source"": ""workflow_execution""}"
1566,55,2026-05-03,data_credit,waterfall,639,3585,"{""workflow_run_id"": 783, ""source"": ""data_provider_or_ai""}"
1567,55,2026-04-22,action,personalized_outbound,2035,3588,"{""workflow_run_id"": 784, ""source"": ""workflow_execution""}"
1568,55,2026-04-22,data_credit,enrichment,619,3588,"{""workflow_run_id"": 784, ""source"": ""data_provider_or_ai""}"
1569,55,2026-03-08,action,lead_enrichment,570,3593,"{""workflow_run_id"": 785, ""source"": ""workflow_execution""}"
1570,55,2026-03-08,data_credit,waterfall,228,3593,"{""workflow_run_id"": 785, ""source"": ""data_provider_or_ai""}"
1571,55,2026-04-20,action,crm_sync,2949,3598,"{""workflow_run_id"": 786, ""source"": ""workflow_execution""}"
1572,55,2026-04-20,data_credit,ai_research,355,3598,"{""workflow_run_id"": 786, ""source"": ""data_provider_or_ai""}"
1573,55,2026-04-10,action,ai_account_research,1765,3603,"{""workflow_run_id"": 787, ""source"": ""workflow_execution""}"
1574,55,2026-04-10,data_credit,waterfall,232,3603,"{""workflow_run_id"": 787, ""source"": ""data_provider_or_ai""}"
1575,55,2026-03-05,action,waterfall_enrichment,253,3608,"{""workflow_run_id"": 788, ""source"": ""workflow_execution""}"
1576,55,2026-03-05,data_credit,enrichment,329,3608,"{""workflow_run_id"": 788, ""source"": ""data_provider_or_ai""}"
1577,55,2026-04-01,action,personalized_outbound,2654,3613,"{""workflow_run_id"": 789, ""source"": ""workflow_execution""}"
1578,55,2026-04-01,data_credit,enrichment,259,3613,"{""workflow_run_id"": 789, ""source"": ""data_provider_or_ai""}"
1579,55,2026-03-09,action,waterfall_enrichment,2059,3618,"{""workflow_run_id"": 790, ""source"": ""workflow_execution""}"
1580,55,2026-03-09,data_credit,waterfall,644,3618,"{""workflow_run_id"": 790, ""source"": ""data_provider_or_ai""}"
1581,55,2026-04-05,action,ai_account_research,1209,3623,"{""workflow_run_id"": 791, ""source"": ""workflow_execution""}"
1582,55,2026-04-05,data_credit,enrichment,753,3623,"{""workflow_run_id"": 791, ""source"": ""data_provider_or_ai""}"
1583,55,2026-02-25,action,waterfall_enrichment,516,3628,"{""workflow_run_id"": 792, ""source"": ""workflow_execution""}"
1584,55,2026-02-25,data_credit,waterfall,507,3628,"{""workflow_run_id"": 792, ""source"": ""data_provider_or_ai""}"
1585,55,2026-05-12,action,crm_sync,737,3633,"{""workflow_run_id"": 793, ""source"": ""workflow_execution""}"
1586,55,2026-05-12,data_credit,waterfall,344,3633,"{""workflow_run_id"": 793, ""source"": ""data_provider_or_ai""}"
1587,55,2026-02-25,action,crm_sync,2274,3636,"{""workflow_run_id"": 794, ""source"": ""workflow_execution""}"
1588,55,2026-02-25,data_credit,waterfall,488,3636,"{""workflow_run_id"": 794, ""source"": ""data_provider_or_ai""}"
1589,55,2026-02-25,action,personalized_outbound,2507,3641,"{""workflow_run_id"": 795, ""source"": ""workflow_execution""}"
1590,55,2026-02-25,data_credit,waterfall,654,3641,"{""workflow_run_id"": 795, ""source"": ""data_provider_or_ai""}"
1591,55,2026-03-24,action,personalized_outbound,1643,3646,"{""workflow_run_id"": 796, ""source"": ""workflow_execution""}"
1592,55,2026-03-24,data_credit,ai_research,715,3646,"{""workflow_run_id"": 796, ""source"": ""data_provider_or_ai""}"
1593,55,2026-05-18,action,waterfall_enrichment,1632,3651,"{""workflow_run_id"": 797, ""source"": ""workflow_execution""}"
1594,55,2026-05-18,data_credit,waterfall,648,3651,"{""workflow_run_id"": 797, ""source"": ""data_provider_or_ai""}"
1595,55,2026-04-09,action,crm_sync,2042,3656,"{""workflow_run_id"": 798, ""source"": ""workflow_execution""}"
1596,55,2026-04-09,data_credit,enrichment,346,3656,"{""workflow_run_id"": 798, ""source"": ""data_provider_or_ai""}"
1597,55,2026-03-12,action,lead_enrichment,2522,3661,"{""workflow_run_id"": 799, ""source"": ""workflow_execution""}"
1598,55,2026-03-12,data_credit,ai_research,345,3661,"{""workflow_run_id"": 799, ""source"": ""data_provider_or_ai""}"
1599,55,2026-05-16,action,ai_account_research,2747,3666,"{""workflow_run_id"": 800, ""source"": ""workflow_execution""}"
1600,55,2026-05-16,data_credit,waterfall,704,3666,"{""workflow_run_id"": 800, ""source"": ""data_provider_or_ai""}"
1601,55,2026-04-04,action,lead_enrichment,1625,3671,"{""workflow_run_id"": 801, ""source"": ""workflow_execution""}"
1602,55,2026-04-04,data_credit,enrichment,571,3671,"{""workflow_run_id"": 801, ""source"": ""data_provider_or_ai""}"
1603,55,2026-04-16,action,waterfall_enrichment,1101,3676,"{""workflow_run_id"": 802, ""source"": ""workflow_execution""}"
1604,55,2026-04-16,data_credit,waterfall,341,3676,"{""workflow_run_id"": 802, ""source"": ""data_provider_or_ai""}"
1605,55,2026-04-02,action,waterfall_enrichment,170,3681,"{""workflow_run_id"": 803, ""source"": ""workflow_execution""}"
1606,55,2026-04-02,data_credit,waterfall,332,3681,"{""workflow_run_id"": 803, ""source"": ""data_provider_or_ai""}"
1607,55,2026-02-28,action,personalized_outbound,1869,3686,"{""workflow_run_id"": 804, ""source"": ""workflow_execution""}"
1608,55,2026-02-28,data_credit,ai_research,452,3686,"{""workflow_run_id"": 804, ""source"": ""data_provider_or_ai""}"
1609,56,2026-02-02,action,waterfall_enrichment,1963,3691,"{""workflow_run_id"": 805, ""source"": ""workflow_execution""}"
1610,56,2026-02-02,data_credit,enrichment,127,3691,"{""workflow_run_id"": 805, ""source"": ""data_provider_or_ai""}"
1611,56,2026-03-22,action,lead_enrichment,2557,3696,"{""workflow_run_id"": 806, ""source"": ""workflow_execution""}"
1612,56,2026-03-22,data_credit,enrichment,765,3696,"{""workflow_run_id"": 806, ""source"": ""data_provider_or_ai""}"
1613,56,2026-04-03,action,lead_enrichment,2585,3701,"{""workflow_run_id"": 807, ""source"": ""workflow_execution""}"
1614,56,2026-04-03,data_credit,ai_research,475,3701,"{""workflow_run_id"": 807, ""source"": ""data_provider_or_ai""}"
1615,56,2026-02-09,action,lead_enrichment,485,3704,"{""workflow_run_id"": 808, ""source"": ""workflow_execution""}"
1616,56,2026-02-09,data_credit,ai_research,161,3704,"{""workflow_run_id"": 808, ""source"": ""data_provider_or_ai""}"
1617,56,2026-03-24,action,personalized_outbound,2517,3709,"{""workflow_run_id"": 809, ""source"": ""workflow_execution""}"
1618,56,2026-03-24,data_credit,enrichment,331,3709,"{""workflow_run_id"": 809, ""source"": ""data_provider_or_ai""}"
1619,56,2026-03-23,action,waterfall_enrichment,1093,3714,"{""workflow_run_id"": 810, ""source"": ""workflow_execution""}"
1620,56,2026-03-23,data_credit,ai_research,315,3714,"{""workflow_run_id"": 810, ""source"": ""data_provider_or_ai""}"
1621,57,2026-04-22,action,lead_enrichment,971,3719,"{""workflow_run_id"": 811, ""source"": ""workflow_execution""}"
1622,57,2026-04-22,data_credit,waterfall,67,3719,"{""workflow_run_id"": 811, ""source"": ""data_provider_or_ai""}"
1623,57,2026-03-28,action,waterfall_enrichment,2823,3724,"{""workflow_run_id"": 812, ""source"": ""workflow_execution""}"
1624,57,2026-03-28,data_credit,ai_research,321,3724,"{""workflow_run_id"": 812, ""source"": ""data_provider_or_ai""}"
1625,57,2026-04-10,action,waterfall_enrichment,1625,3729,"{""workflow_run_id"": 813, ""source"": ""workflow_execution""}"
1626,57,2026-04-10,data_credit,enrichment,724,3729,"{""workflow_run_id"": 813, ""source"": ""data_provider_or_ai""}"
1627,57,2026-02-18,action,crm_sync,680,3734,"{""workflow_run_id"": 814, ""source"": ""workflow_execution""}"
1628,57,2026-02-18,data_credit,enrichment,149,3734,"{""workflow_run_id"": 814, ""source"": ""data_provider_or_ai""}"
1629,57,2026-03-25,action,waterfall_enrichment,220,3739,"{""workflow_run_id"": 815, ""source"": ""workflow_execution""}"
1630,57,2026-03-25,data_credit,ai_research,284,3739,"{""workflow_run_id"": 815, ""source"": ""data_provider_or_ai""}"
1631,57,2026-03-23,action,crm_sync,1277,3742,"{""workflow_run_id"": 816, ""source"": ""workflow_execution""}"
1632,57,2026-03-23,data_credit,waterfall,361,3742,"{""workflow_run_id"": 816, ""source"": ""data_provider_or_ai""}"
1633,57,2026-03-28,action,personalized_outbound,2694,3747,"{""workflow_run_id"": 817, ""source"": ""workflow_execution""}"
1634,57,2026-03-28,data_credit,ai_research,494,3747,"{""workflow_run_id"": 817, ""source"": ""data_provider_or_ai""}"
1635,57,2026-03-04,action,personalized_outbound,2103,3750,"{""workflow_run_id"": 818, ""source"": ""workflow_execution""}"
1636,57,2026-03-04,data_credit,waterfall,397,3750,"{""workflow_run_id"": 818, ""source"": ""data_provider_or_ai""}"
1637,57,2026-02-22,action,crm_sync,1989,3755,"{""workflow_run_id"": 819, ""source"": ""workflow_execution""}"
1638,57,2026-02-22,data_credit,ai_research,141,3755,"{""workflow_run_id"": 819, ""source"": ""data_provider_or_ai""}"
1639,57,2026-04-27,action,personalized_outbound,440,3760,"{""workflow_run_id"": 820, ""source"": ""workflow_execution""}"
1640,57,2026-04-27,data_credit,waterfall,90,3760,"{""workflow_run_id"": 820, ""source"": ""data_provider_or_ai""}"
1641,57,2026-03-09,action,personalized_outbound,853,3763,"{""workflow_run_id"": 821, ""source"": ""workflow_execution""}"
1642,57,2026-03-09,data_credit,waterfall,343,3763,"{""workflow_run_id"": 821, ""source"": ""data_provider_or_ai""}"
1643,57,2026-02-20,action,waterfall_enrichment,1298,3768,"{""workflow_run_id"": 822, ""source"": ""workflow_execution""}"
1644,57,2026-02-20,data_credit,ai_research,305,3768,"{""workflow_run_id"": 822, ""source"": ""data_provider_or_ai""}"
1645,57,2026-04-16,action,waterfall_enrichment,2924,3773,"{""workflow_run_id"": 823, ""source"": ""workflow_execution""}"
1646,57,2026-04-16,data_credit,enrichment,57,3773,"{""workflow_run_id"": 823, ""source"": ""data_provider_or_ai""}"
1647,57,2026-02-18,action,crm_sync,1696,3778,"{""workflow_run_id"": 824, ""source"": ""workflow_execution""}"
1648,57,2026-02-18,data_credit,waterfall,303,3778,"{""workflow_run_id"": 824, ""source"": ""data_provider_or_ai""}"
1649,58,2026-04-18,action,personalized_outbound,2016,3783,"{""workflow_run_id"": 825, ""source"": ""workflow_execution""}"
1650,58,2026-04-18,data_credit,enrichment,610,3783,"{""workflow_run_id"": 825, ""source"": ""data_provider_or_ai""}"
1651,58,2026-04-22,action,waterfall_enrichment,618,3788,"{""workflow_run_id"": 826, ""source"": ""workflow_execution""}"
1652,58,2026-04-22,data_credit,ai_research,709,3788,"{""workflow_run_id"": 826, ""source"": ""data_provider_or_ai""}"
1653,58,2026-03-08,action,lead_enrichment,2157,3793,"{""workflow_run_id"": 827, ""source"": ""workflow_execution""}"
1654,58,2026-03-08,data_credit,enrichment,754,3793,"{""workflow_run_id"": 827, ""source"": ""data_provider_or_ai""}"
1655,58,2026-03-11,action,ai_account_research,2427,3798,"{""workflow_run_id"": 828, ""source"": ""workflow_execution""}"
1656,58,2026-03-11,data_credit,enrichment,271,3798,"{""workflow_run_id"": 828, ""source"": ""data_provider_or_ai""}"
1657,58,2026-04-20,action,lead_enrichment,1520,3801,"{""workflow_run_id"": 829, ""source"": ""workflow_execution""}"
1658,58,2026-04-20,data_credit,enrichment,138,3801,"{""workflow_run_id"": 829, ""source"": ""data_provider_or_ai""}"
1659,58,2026-04-23,action,personalized_outbound,119,3806,"{""workflow_run_id"": 830, ""source"": ""workflow_execution""}"
1660,58,2026-04-23,data_credit,enrichment,371,3806,"{""workflow_run_id"": 830, ""source"": ""data_provider_or_ai""}"
1661,58,2026-04-12,action,waterfall_enrichment,253,3811,"{""workflow_run_id"": 831, ""source"": ""workflow_execution""}"
1662,58,2026-04-12,data_credit,waterfall,213,3811,"{""workflow_run_id"": 831, ""source"": ""data_provider_or_ai""}"
1663,58,2026-05-16,action,waterfall_enrichment,575,3816,"{""workflow_run_id"": 832, ""source"": ""workflow_execution""}"
1664,58,2026-05-16,data_credit,waterfall,561,3816,"{""workflow_run_id"": 832, ""source"": ""data_provider_or_ai""}"
1665,58,2026-04-04,action,ai_account_research,1960,3821,"{""workflow_run_id"": 833, ""source"": ""workflow_execution""}"
1666,58,2026-04-04,data_credit,ai_research,296,3821,"{""workflow_run_id"": 833, ""source"": ""data_provider_or_ai""}"
1667,58,2026-04-19,action,ai_account_research,953,3824,"{""workflow_run_id"": 834, ""source"": ""workflow_execution""}"
1668,58,2026-04-19,data_credit,waterfall,624,3824,"{""workflow_run_id"": 834, ""source"": ""data_provider_or_ai""}"
1669,58,2026-05-11,action,waterfall_enrichment,2199,3829,"{""workflow_run_id"": 835, ""source"": ""workflow_execution""}"
1670,58,2026-05-11,data_credit,ai_research,672,3829,"{""workflow_run_id"": 835, ""source"": ""data_provider_or_ai""}"
1671,58,2026-03-08,action,waterfall_enrichment,129,3834,"{""workflow_run_id"": 836, ""source"": ""workflow_execution""}"
1672,58,2026-03-08,data_credit,ai_research,294,3834,"{""workflow_run_id"": 836, ""source"": ""data_provider_or_ai""}"
1673,58,2026-03-14,action,waterfall_enrichment,2698,3839,"{""workflow_run_id"": 837, ""source"": ""workflow_execution""}"
1674,58,2026-03-14,data_credit,enrichment,167,3839,"{""workflow_run_id"": 837, ""source"": ""data_provider_or_ai""}"
1675,58,2026-04-10,action,lead_enrichment,1817,3842,"{""workflow_run_id"": 838, ""source"": ""workflow_execution""}"
1676,58,2026-04-10,data_credit,enrichment,122,3842,"{""workflow_run_id"": 838, ""source"": ""data_provider_or_ai""}"
1677,59,2026-04-02,action,lead_enrichment,554,3847,"{""workflow_run_id"": 839, ""source"": ""workflow_execution""}"
1678,59,2026-04-02,data_credit,enrichment,603,3847,"{""workflow_run_id"": 839, ""source"": ""data_provider_or_ai""}"
1679,59,2026-04-13,action,lead_enrichment,2507,3850,"{""workflow_run_id"": 840, ""source"": ""workflow_execution""}"
1680,59,2026-04-13,data_credit,enrichment,296,3850,"{""workflow_run_id"": 840, ""source"": ""data_provider_or_ai""}"
1681,59,2026-02-20,action,lead_enrichment,2026,3853,"{""workflow_run_id"": 841, ""source"": ""workflow_execution""}"
1682,59,2026-02-20,data_credit,enrichment,438,3853,"{""workflow_run_id"": 841, ""source"": ""data_provider_or_ai""}"
1683,59,2026-04-26,action,crm_sync,2481,3858,"{""workflow_run_id"": 842, ""source"": ""workflow_execution""}"
1684,59,2026-04-26,data_credit,enrichment,113,3858,"{""workflow_run_id"": 842, ""source"": ""data_provider_or_ai""}"
1685,59,2026-03-29,action,crm_sync,2442,3863,"{""workflow_run_id"": 843, ""source"": ""workflow_execution""}"
1686,59,2026-03-29,data_credit,ai_research,53,3863,"{""workflow_run_id"": 843, ""source"": ""data_provider_or_ai""}"
1687,59,2026-03-11,action,ai_account_research,2188,3868,"{""workflow_run_id"": 844, ""source"": ""workflow_execution""}"
1688,59,2026-03-11,data_credit,ai_research,467,3868,"{""workflow_run_id"": 844, ""source"": ""data_provider_or_ai""}"
1689,59,2026-03-31,action,lead_enrichment,1446,3873,"{""workflow_run_id"": 845, ""source"": ""workflow_execution""}"
1690,59,2026-03-31,data_credit,enrichment,21,3873,"{""workflow_run_id"": 845, ""source"": ""data_provider_or_ai""}"
1691,59,2026-03-01,action,lead_enrichment,587,3878,"{""workflow_run_id"": 846, ""source"": ""workflow_execution""}"
1692,59,2026-03-01,data_credit,enrichment,435,3878,"{""workflow_run_id"": 846, ""source"": ""data_provider_or_ai""}"
1693,59,2026-02-04,action,lead_enrichment,307,3881,"{""workflow_run_id"": 847, ""source"": ""workflow_execution""}"
1694,59,2026-02-04,data_credit,waterfall,43,3881,"{""workflow_run_id"": 847, ""source"": ""data_provider_or_ai""}"
1695,59,2026-04-18,action,ai_account_research,2153,3886,"{""workflow_run_id"": 848, ""source"": ""workflow_execution""}"
1696,59,2026-04-18,data_credit,waterfall,164,3886,"{""workflow_run_id"": 848, ""source"": ""data_provider_or_ai""}"
1697,59,2026-03-13,action,ai_account_research,1869,3889,"{""workflow_run_id"": 849, ""source"": ""workflow_execution""}"
1698,59,2026-03-13,data_credit,enrichment,472,3889,"{""workflow_run_id"": 849, ""source"": ""data_provider_or_ai""}"
1699,59,2026-02-08,action,ai_account_research,2921,3894,"{""workflow_run_id"": 850, ""source"": ""workflow_execution""}"
1700,59,2026-02-08,data_credit,enrichment,352,3894,"{""workflow_run_id"": 850, ""source"": ""data_provider_or_ai""}"
1701,59,2026-04-02,action,crm_sync,2972,3899,"{""workflow_run_id"": 851, ""source"": ""workflow_execution""}"
1702,59,2026-04-02,data_credit,enrichment,359,3899,"{""workflow_run_id"": 851, ""source"": ""data_provider_or_ai""}"
1703,59,2026-04-13,action,lead_enrichment,1772,3904,"{""workflow_run_id"": 852, ""source"": ""workflow_execution""}"
1704,59,2026-04-13,data_credit,enrichment,44,3904,"{""workflow_run_id"": 852, ""source"": ""data_provider_or_ai""}"
1705,59,2026-02-12,action,personalized_outbound,1019,3909,"{""workflow_run_id"": 853, ""source"": ""workflow_execution""}"
1706,59,2026-02-12,data_credit,ai_research,768,3909,"{""workflow_run_id"": 853, ""source"": ""data_provider_or_ai""}"
1707,59,2026-03-13,action,crm_sync,2663,3914,"{""workflow_run_id"": 854, ""source"": ""workflow_execution""}"
1708,59,2026-03-13,data_credit,waterfall,229,3914,"{""workflow_run_id"": 854, ""source"": ""data_provider_or_ai""}"
1709,59,2026-03-13,action,crm_sync,1955,3919,"{""workflow_run_id"": 855, ""source"": ""workflow_execution""}"
1710,59,2026-03-13,data_credit,waterfall,23,3919,"{""workflow_run_id"": 855, ""source"": ""data_provider_or_ai""}"
1711,59,2026-03-24,action,waterfall_enrichment,2190,3924,"{""workflow_run_id"": 856, ""source"": ""workflow_execution""}"
1712,59,2026-03-24,data_credit,waterfall,330,3924,"{""workflow_run_id"": 856, ""source"": ""data_provider_or_ai""}"
1713,59,2026-04-15,action,ai_account_research,1477,3927,"{""workflow_run_id"": 857, ""source"": ""workflow_execution""}"
1714,59,2026-04-15,data_credit,ai_research,672,3927,"{""workflow_run_id"": 857, ""source"": ""data_provider_or_ai""}"
1715,59,2026-03-06,action,crm_sync,428,3932,"{""workflow_run_id"": 858, ""source"": ""workflow_execution""}"
1716,59,2026-03-06,data_credit,enrichment,563,3932,"{""workflow_run_id"": 858, ""source"": ""data_provider_or_ai""}"
1717,59,2026-04-02,action,waterfall_enrichment,1619,3937,"{""workflow_run_id"": 859, ""source"": ""workflow_execution""}"
1718,59,2026-04-02,data_credit,enrichment,338,3937,"{""workflow_run_id"": 859, ""source"": ""data_provider_or_ai""}"
1719,59,2026-04-27,action,ai_account_research,355,3942,"{""workflow_run_id"": 860, ""source"": ""workflow_execution""}"
1720,59,2026-04-27,data_credit,enrichment,735,3942,"{""workflow_run_id"": 860, ""source"": ""data_provider_or_ai""}"
1721,59,2026-02-15,action,personalized_outbound,2681,3947,"{""workflow_run_id"": 861, ""source"": ""workflow_execution""}"
1722,59,2026-02-15,data_credit,ai_research,795,3947,"{""workflow_run_id"": 861, ""source"": ""data_provider_or_ai""}"
1723,59,2026-02-21,action,crm_sync,781,3950,"{""workflow_run_id"": 862, ""source"": ""workflow_execution""}"
1724,59,2026-02-21,data_credit,waterfall,591,3950,"{""workflow_run_id"": 862, ""source"": ""data_provider_or_ai""}"
1725,59,2026-04-29,action,personalized_outbound,2108,3955,"{""workflow_run_id"": 863, ""source"": ""workflow_execution""}"
1726,59,2026-04-29,data_credit,waterfall,143,3955,"{""workflow_run_id"": 863, ""source"": ""data_provider_or_ai""}"
1727,59,2026-02-27,action,ai_account_research,895,3960,"{""workflow_run_id"": 864, ""source"": ""workflow_execution""}"
1728,59,2026-02-27,data_credit,enrichment,158,3960,"{""workflow_run_id"": 864, ""source"": ""data_provider_or_ai""}"
1729,59,2026-03-24,action,lead_enrichment,572,3965,"{""workflow_run_id"": 865, ""source"": ""workflow_execution""}"
1730,59,2026-03-24,data_credit,ai_research,436,3965,"{""workflow_run_id"": 865, ""source"": ""data_provider_or_ai""}"
1731,59,2026-02-20,action,waterfall_enrichment,1299,3970,"{""workflow_run_id"": 866, ""source"": ""workflow_execution""}"
1732,59,2026-02-20,data_credit,enrichment,535,3970,"{""workflow_run_id"": 866, ""source"": ""data_provider_or_ai""}"
1733,59,2026-03-02,action,lead_enrichment,2835,3975,"{""workflow_run_id"": 867, ""source"": ""workflow_execution""}"
1734,59,2026-03-02,data_credit,ai_research,649,3975,"{""workflow_run_id"": 867, ""source"": ""data_provider_or_ai""}"
1735,59,2026-03-03,action,lead_enrichment,2035,3980,"{""workflow_run_id"": 868, ""source"": ""workflow_execution""}"
1736,59,2026-03-03,data_credit,waterfall,272,3980,"{""workflow_run_id"": 868, ""source"": ""data_provider_or_ai""}"
1737,59,2026-03-17,action,lead_enrichment,1030,3985,"{""workflow_run_id"": 869, ""source"": ""workflow_execution""}"
1738,59,2026-03-17,data_credit,ai_research,771,3985,"{""workflow_run_id"": 869, ""source"": ""data_provider_or_ai""}"
1739,59,2026-02-04,action,crm_sync,1673,3990,"{""workflow_run_id"": 870, ""source"": ""workflow_execution""}"
1740,59,2026-02-04,data_credit,waterfall,289,3990,"{""workflow_run_id"": 870, ""source"": ""data_provider_or_ai""}"
1741,59,2026-04-04,action,ai_account_research,304,3993,"{""workflow_run_id"": 871, ""source"": ""workflow_execution""}"
1742,59,2026-04-04,data_credit,waterfall,185,3993,"{""workflow_run_id"": 871, ""source"": ""data_provider_or_ai""}"
1743,59,2026-02-24,action,waterfall_enrichment,2346,3998,"{""workflow_run_id"": 872, ""source"": ""workflow_execution""}"
1744,59,2026-02-24,data_credit,ai_research,430,3998,"{""workflow_run_id"": 872, ""source"": ""data_provider_or_ai""}"
1745,59,2026-03-27,action,personalized_outbound,1520,4003,"{""workflow_run_id"": 873, ""source"": ""workflow_execution""}"
1746,59,2026-03-27,data_credit,waterfall,46,4003,"{""workflow_run_id"": 873, ""source"": ""data_provider_or_ai""}"
1747,59,2026-04-10,action,ai_account_research,2538,4008,"{""workflow_run_id"": 874, ""source"": ""workflow_execution""}"
1748,59,2026-04-10,data_credit,ai_research,494,4008,"{""workflow_run_id"": 874, ""source"": ""data_provider_or_ai""}"
1749,59,2026-03-17,action,waterfall_enrichment,1844,4013,"{""workflow_run_id"": 875, ""source"": ""workflow_execution""}"
1750,59,2026-03-17,data_credit,enrichment,641,4013,"{""workflow_run_id"": 875, ""source"": ""data_provider_or_ai""}"
1751,60,2026-04-04,action,ai_account_research,1945,4018,"{""workflow_run_id"": 876, ""source"": ""workflow_execution""}"
1752,60,2026-04-04,data_credit,enrichment,495,4018,"{""workflow_run_id"": 876, ""source"": ""data_provider_or_ai""}"
1753,60,2026-04-09,action,waterfall_enrichment,1874,4021,"{""workflow_run_id"": 877, ""source"": ""workflow_execution""}"
1754,60,2026-04-09,data_credit,waterfall,267,4021,"{""workflow_run_id"": 877, ""source"": ""data_provider_or_ai""}"
1755,60,2026-03-13,action,personalized_outbound,1992,4026,"{""workflow_run_id"": 878, ""source"": ""workflow_execution""}"
1756,60,2026-03-13,data_credit,enrichment,737,4026,"{""workflow_run_id"": 878, ""source"": ""data_provider_or_ai""}"
1757,60,2026-05-15,action,lead_enrichment,1718,4031,"{""workflow_run_id"": 879, ""source"": ""workflow_execution""}"
1758,60,2026-05-15,data_credit,ai_research,681,4031,"{""workflow_run_id"": 879, ""source"": ""data_provider_or_ai""}"
1759,60,2026-04-03,action,personalized_outbound,1334,4034,"{""workflow_run_id"": 880, ""source"": ""workflow_execution""}"
1760,60,2026-04-03,data_credit,ai_research,22,4034,"{""workflow_run_id"": 880, ""source"": ""data_provider_or_ai""}"
1761,60,2026-05-15,action,lead_enrichment,1161,4037,"{""workflow_run_id"": 881, ""source"": ""workflow_execution""}"
1762,60,2026-05-15,data_credit,waterfall,575,4037,"{""workflow_run_id"": 881, ""source"": ""data_provider_or_ai""}"
1763,60,2026-03-17,action,ai_account_research,1261,4042,"{""workflow_run_id"": 882, ""source"": ""workflow_execution""}"
1764,60,2026-03-17,data_credit,waterfall,356,4042,"{""workflow_run_id"": 882, ""source"": ""data_provider_or_ai""}"
1765,60,2026-06-08,action,waterfall_enrichment,1520,4047,"{""workflow_run_id"": 883, ""source"": ""workflow_execution""}"
1766,60,2026-06-08,data_credit,waterfall,597,4047,"{""workflow_run_id"": 883, ""source"": ""data_provider_or_ai""}"
1767,60,2026-05-20,action,ai_account_research,911,4052,"{""workflow_run_id"": 884, ""source"": ""workflow_execution""}"
1768,60,2026-05-20,data_credit,ai_research,97,4052,"{""workflow_run_id"": 884, ""source"": ""data_provider_or_ai""}"
1769,60,2026-05-10,action,crm_sync,624,4057,"{""workflow_run_id"": 885, ""source"": ""workflow_execution""}"
1770,60,2026-05-10,data_credit,ai_research,453,4057,"{""workflow_run_id"": 885, ""source"": ""data_provider_or_ai""}"
1771,60,2026-05-12,action,personalized_outbound,780,4062,"{""workflow_run_id"": 886, ""source"": ""workflow_execution""}"
1772,60,2026-05-12,data_credit,enrichment,742,4062,"{""workflow_run_id"": 886, ""source"": ""data_provider_or_ai""}"
1773,60,2026-03-21,action,crm_sync,2521,4067,"{""workflow_run_id"": 887, ""source"": ""workflow_execution""}"
1774,60,2026-03-21,data_credit,waterfall,492,4067,"{""workflow_run_id"": 887, ""source"": ""data_provider_or_ai""}"
1775,60,2026-03-30,action,ai_account_research,2117,4072,"{""workflow_run_id"": 888, ""source"": ""workflow_execution""}"
1776,60,2026-03-30,data_credit,ai_research,62,4072,"{""workflow_run_id"": 888, ""source"": ""data_provider_or_ai""}"
1777,60,2026-05-15,action,personalized_outbound,334,4077,"{""workflow_run_id"": 889, ""source"": ""workflow_execution""}"
1778,60,2026-05-15,data_credit,ai_research,552,4077,"{""workflow_run_id"": 889, ""source"": ""data_provider_or_ai""}"
1779,60,2026-06-02,action,crm_sync,2375,4080,"{""workflow_run_id"": 890, ""source"": ""workflow_execution""}"
1780,60,2026-06-02,data_credit,enrichment,182,4080,"{""workflow_run_id"": 890, ""source"": ""data_provider_or_ai""}"
1781,60,2026-04-05,action,lead_enrichment,2533,4085,"{""workflow_run_id"": 891, ""source"": ""workflow_execution""}"
1782,60,2026-04-05,data_credit,enrichment,31,4085,"{""workflow_run_id"": 891, ""source"": ""data_provider_or_ai""}"
1783,60,2026-05-29,action,waterfall_enrichment,176,4090,"{""workflow_run_id"": 892, ""source"": ""workflow_execution""}"
1784,60,2026-05-29,data_credit,enrichment,754,4090,"{""workflow_run_id"": 892, ""source"": ""data_provider_or_ai""}"
1785,60,2026-05-30,action,lead_enrichment,2799,4095,"{""workflow_run_id"": 893, ""source"": ""workflow_execution""}"
1786,60,2026-05-30,data_credit,ai_research,58,4095,"{""workflow_run_id"": 893, ""source"": ""data_provider_or_ai""}"
1787,61,2026-04-13,action,ai_account_research,904,4100,"{""workflow_run_id"": 894, ""source"": ""workflow_execution""}"
1788,61,2026-04-13,data_credit,ai_research,533,4100,"{""workflow_run_id"": 894, ""source"": ""data_provider_or_ai""}"
1789,61,2026-04-07,action,lead_enrichment,2992,4105,"{""workflow_run_id"": 895, ""source"": ""workflow_execution""}"
1790,61,2026-04-07,data_credit,enrichment,292,4105,"{""workflow_run_id"": 895, ""source"": ""data_provider_or_ai""}"
1791,61,2026-04-17,action,lead_enrichment,418,4108,"{""workflow_run_id"": 896, ""source"": ""workflow_execution""}"
1792,61,2026-04-17,data_credit,waterfall,288,4108,"{""workflow_run_id"": 896, ""source"": ""data_provider_or_ai""}"
1793,61,2026-03-19,action,waterfall_enrichment,1802,4113,"{""workflow_run_id"": 897, ""source"": ""workflow_execution""}"
1794,61,2026-03-19,data_credit,ai_research,282,4113,"{""workflow_run_id"": 897, ""source"": ""data_provider_or_ai""}"
1795,61,2026-03-24,action,waterfall_enrichment,2462,4118,"{""workflow_run_id"": 898, ""source"": ""workflow_execution""}"
1796,61,2026-03-24,data_credit,enrichment,132,4118,"{""workflow_run_id"": 898, ""source"": ""data_provider_or_ai""}"
1797,61,2026-03-31,action,waterfall_enrichment,2078,4123,"{""workflow_run_id"": 899, ""source"": ""workflow_execution""}"
1798,61,2026-03-31,data_credit,ai_research,680,4123,"{""workflow_run_id"": 899, ""source"": ""data_provider_or_ai""}"
1799,61,2026-04-19,action,waterfall_enrichment,1449,4128,"{""workflow_run_id"": 900, ""source"": ""workflow_execution""}"
1800,61,2026-04-19,data_credit,waterfall,712,4128,"{""workflow_run_id"": 900, ""source"": ""data_provider_or_ai""}"
1801,61,2026-01-29,action,ai_account_research,1830,4133,"{""workflow_run_id"": 901, ""source"": ""workflow_execution""}"
1802,61,2026-01-29,data_credit,enrichment,736,4133,"{""workflow_run_id"": 901, ""source"": ""data_provider_or_ai""}"
1803,61,2026-04-03,action,waterfall_enrichment,2184,4138,"{""workflow_run_id"": 902, ""source"": ""workflow_execution""}"
1804,61,2026-04-03,data_credit,enrichment,650,4138,"{""workflow_run_id"": 902, ""source"": ""data_provider_or_ai""}"
1805,61,2026-04-20,action,ai_account_research,944,4143,"{""workflow_run_id"": 903, ""source"": ""workflow_execution""}"
1806,61,2026-04-20,data_credit,waterfall,755,4143,"{""workflow_run_id"": 903, ""source"": ""data_provider_or_ai""}"
1807,61,2026-04-09,action,ai_account_research,765,4148,"{""workflow_run_id"": 904, ""source"": ""workflow_execution""}"
1808,61,2026-04-09,data_credit,enrichment,298,4148,"{""workflow_run_id"": 904, ""source"": ""data_provider_or_ai""}"
1809,61,2026-04-05,action,crm_sync,2764,4153,"{""workflow_run_id"": 905, ""source"": ""workflow_execution""}"
1810,61,2026-04-05,data_credit,waterfall,278,4153,"{""workflow_run_id"": 905, ""source"": ""data_provider_or_ai""}"
1811,61,2026-04-18,action,personalized_outbound,296,4156,"{""workflow_run_id"": 906, ""source"": ""workflow_execution""}"
1812,61,2026-04-18,data_credit,enrichment,228,4156,"{""workflow_run_id"": 906, ""source"": ""data_provider_or_ai""}"
1813,61,2026-03-30,action,personalized_outbound,2414,4161,"{""workflow_run_id"": 907, ""source"": ""workflow_execution""}"
1814,61,2026-03-30,data_credit,waterfall,208,4161,"{""workflow_run_id"": 907, ""source"": ""data_provider_or_ai""}"
1815,61,2026-04-16,action,lead_enrichment,168,4166,"{""workflow_run_id"": 908, ""source"": ""workflow_execution""}"
1816,61,2026-04-16,data_credit,waterfall,265,4166,"{""workflow_run_id"": 908, ""source"": ""data_provider_or_ai""}"
1817,61,2026-02-08,action,ai_account_research,2793,4171,"{""workflow_run_id"": 909, ""source"": ""workflow_execution""}"
1818,61,2026-02-08,data_credit,enrichment,402,4171,"{""workflow_run_id"": 909, ""source"": ""data_provider_or_ai""}"
1819,61,2026-03-17,action,lead_enrichment,2925,4176,"{""workflow_run_id"": 910, ""source"": ""workflow_execution""}"
1820,61,2026-03-17,data_credit,enrichment,335,4176,"{""workflow_run_id"": 910, ""source"": ""data_provider_or_ai""}"
1821,61,2026-03-10,action,waterfall_enrichment,909,4181,"{""workflow_run_id"": 911, ""source"": ""workflow_execution""}"
1822,61,2026-03-10,data_credit,enrichment,150,4181,"{""workflow_run_id"": 911, ""source"": ""data_provider_or_ai""}"
1823,61,2026-03-19,action,waterfall_enrichment,1782,4186,"{""workflow_run_id"": 912, ""source"": ""workflow_execution""}"
1824,61,2026-03-19,data_credit,waterfall,597,4186,"{""workflow_run_id"": 912, ""source"": ""data_provider_or_ai""}"
1825,61,2026-02-09,action,waterfall_enrichment,1737,4191,"{""workflow_run_id"": 913, ""source"": ""workflow_execution""}"
1826,61,2026-02-09,data_credit,waterfall,589,4191,"{""workflow_run_id"": 913, ""source"": ""data_provider_or_ai""}"
1827,61,2026-03-24,action,personalized_outbound,919,4196,"{""workflow_run_id"": 914, ""source"": ""workflow_execution""}"
1828,61,2026-03-24,data_credit,waterfall,637,4196,"{""workflow_run_id"": 914, ""source"": ""data_provider_or_ai""}"
1829,61,2026-02-17,action,ai_account_research,701,4201,"{""workflow_run_id"": 915, ""source"": ""workflow_execution""}"
1830,61,2026-02-17,data_credit,waterfall,651,4201,"{""workflow_run_id"": 915, ""source"": ""data_provider_or_ai""}"
1831,61,2026-02-01,action,ai_account_research,1880,4206,"{""workflow_run_id"": 916, ""source"": ""workflow_execution""}"
1832,61,2026-02-01,data_credit,ai_research,679,4206,"{""workflow_run_id"": 916, ""source"": ""data_provider_or_ai""}"
1833,61,2026-04-19,action,ai_account_research,2388,4211,"{""workflow_run_id"": 917, ""source"": ""workflow_execution""}"
1834,61,2026-04-19,data_credit,ai_research,655,4211,"{""workflow_run_id"": 917, ""source"": ""data_provider_or_ai""}"
1835,61,2026-02-09,action,personalized_outbound,1115,4214,"{""workflow_run_id"": 918, ""source"": ""workflow_execution""}"
1836,61,2026-02-09,data_credit,ai_research,334,4214,"{""workflow_run_id"": 918, ""source"": ""data_provider_or_ai""}"
1837,61,2026-02-25,action,crm_sync,2731,4219,"{""workflow_run_id"": 919, ""source"": ""workflow_execution""}"
1838,61,2026-02-25,data_credit,enrichment,193,4219,"{""workflow_run_id"": 919, ""source"": ""data_provider_or_ai""}"
1839,61,2026-03-28,action,waterfall_enrichment,1273,4224,"{""workflow_run_id"": 920, ""source"": ""workflow_execution""}"
1840,61,2026-03-28,data_credit,waterfall,583,4224,"{""workflow_run_id"": 920, ""source"": ""data_provider_or_ai""}"
1841,61,2026-01-24,action,waterfall_enrichment,412,4229,"{""workflow_run_id"": 921, ""source"": ""workflow_execution""}"
1842,61,2026-01-24,data_credit,waterfall,795,4229,"{""workflow_run_id"": 921, ""source"": ""data_provider_or_ai""}"
1843,61,2026-02-02,action,lead_enrichment,423,4234,"{""workflow_run_id"": 922, ""source"": ""workflow_execution""}"
1844,61,2026-02-02,data_credit,waterfall,766,4234,"{""workflow_run_id"": 922, ""source"": ""data_provider_or_ai""}"
1845,61,2026-02-05,action,waterfall_enrichment,146,4239,"{""workflow_run_id"": 923, ""source"": ""workflow_execution""}"
1846,61,2026-02-05,data_credit,enrichment,621,4239,"{""workflow_run_id"": 923, ""source"": ""data_provider_or_ai""}"
1847,61,2026-01-25,action,crm_sync,2371,4244,"{""workflow_run_id"": 924, ""source"": ""workflow_execution""}"
1848,61,2026-01-25,data_credit,waterfall,428,4244,"{""workflow_run_id"": 924, ""source"": ""data_provider_or_ai""}"
1849,61,2026-02-28,action,lead_enrichment,327,4247,"{""workflow_run_id"": 925, ""source"": ""workflow_execution""}"
1850,61,2026-02-28,data_credit,waterfall,214,4247,"{""workflow_run_id"": 925, ""source"": ""data_provider_or_ai""}"
1851,61,2026-03-24,action,lead_enrichment,423,4252,"{""workflow_run_id"": 926, ""source"": ""workflow_execution""}"
1852,61,2026-03-24,data_credit,enrichment,114,4252,"{""workflow_run_id"": 926, ""source"": ""data_provider_or_ai""}"
1853,62,2026-04-29,action,crm_sync,400,4257,"{""workflow_run_id"": 927, ""source"": ""workflow_execution""}"
1854,62,2026-04-29,data_credit,waterfall,652,4257,"{""workflow_run_id"": 927, ""source"": ""data_provider_or_ai""}"
1855,62,2026-05-08,action,crm_sync,2289,4262,"{""workflow_run_id"": 928, ""source"": ""workflow_execution""}"
1856,62,2026-05-08,data_credit,enrichment,328,4262,"{""workflow_run_id"": 928, ""source"": ""data_provider_or_ai""}"
1857,62,2026-04-11,action,personalized_outbound,134,4267,"{""workflow_run_id"": 929, ""source"": ""workflow_execution""}"
1858,62,2026-04-11,data_credit,enrichment,399,4267,"{""workflow_run_id"": 929, ""source"": ""data_provider_or_ai""}"
1859,62,2026-04-11,action,lead_enrichment,1071,4272,"{""workflow_run_id"": 930, ""source"": ""workflow_execution""}"
1860,62,2026-04-11,data_credit,enrichment,674,4272,"{""workflow_run_id"": 930, ""source"": ""data_provider_or_ai""}"
1861,62,2026-04-13,action,personalized_outbound,644,4277,"{""workflow_run_id"": 931, ""source"": ""workflow_execution""}"
1862,62,2026-04-13,data_credit,ai_research,494,4277,"{""workflow_run_id"": 931, ""source"": ""data_provider_or_ai""}"
1863,62,2026-05-28,action,crm_sync,1524,4282,"{""workflow_run_id"": 932, ""source"": ""workflow_execution""}"
1864,62,2026-05-28,data_credit,ai_research,664,4282,"{""workflow_run_id"": 932, ""source"": ""data_provider_or_ai""}"
1865,62,2026-06-01,action,crm_sync,149,4287,"{""workflow_run_id"": 933, ""source"": ""workflow_execution""}"
1866,62,2026-06-01,data_credit,ai_research,260,4287,"{""workflow_run_id"": 933, ""source"": ""data_provider_or_ai""}"
1867,62,2026-04-08,action,ai_account_research,1547,4292,"{""workflow_run_id"": 934, ""source"": ""workflow_execution""}"
1868,62,2026-04-08,data_credit,ai_research,84,4292,"{""workflow_run_id"": 934, ""source"": ""data_provider_or_ai""}"
1869,62,2026-05-29,action,crm_sync,1520,4297,"{""workflow_run_id"": 935, ""source"": ""workflow_execution""}"
1870,62,2026-05-29,data_credit,ai_research,559,4297,"{""workflow_run_id"": 935, ""source"": ""data_provider_or_ai""}"
1871,62,2026-06-07,action,ai_account_research,604,4302,"{""workflow_run_id"": 936, ""source"": ""workflow_execution""}"
1872,62,2026-06-07,data_credit,waterfall,606,4302,"{""workflow_run_id"": 936, ""source"": ""data_provider_or_ai""}"
1873,62,2026-04-05,action,personalized_outbound,1180,4307,"{""workflow_run_id"": 937, ""source"": ""workflow_execution""}"
1874,62,2026-04-05,data_credit,waterfall,662,4307,"{""workflow_run_id"": 937, ""source"": ""data_provider_or_ai""}"
1875,62,2026-06-05,action,lead_enrichment,2102,4312,"{""workflow_run_id"": 938, ""source"": ""workflow_execution""}"
1876,62,2026-06-05,data_credit,enrichment,267,4312,"{""workflow_run_id"": 938, ""source"": ""data_provider_or_ai""}"
1877,62,2026-04-19,action,personalized_outbound,1640,4317,"{""workflow_run_id"": 939, ""source"": ""workflow_execution""}"
1878,62,2026-04-19,data_credit,waterfall,652,4317,"{""workflow_run_id"": 939, ""source"": ""data_provider_or_ai""}"
1879,62,2026-06-17,action,waterfall_enrichment,367,4322,"{""workflow_run_id"": 940, ""source"": ""workflow_execution""}"
1880,62,2026-06-17,data_credit,waterfall,453,4322,"{""workflow_run_id"": 940, ""source"": ""data_provider_or_ai""}"
1881,62,2026-04-19,action,ai_account_research,1415,4327,"{""workflow_run_id"": 941, ""source"": ""workflow_execution""}"
1882,62,2026-04-19,data_credit,ai_research,106,4327,"{""workflow_run_id"": 941, ""source"": ""data_provider_or_ai""}"
1883,62,2026-04-29,action,waterfall_enrichment,1711,4332,"{""workflow_run_id"": 942, ""source"": ""workflow_execution""}"
1884,62,2026-04-29,data_credit,enrichment,311,4332,"{""workflow_run_id"": 942, ""source"": ""data_provider_or_ai""}"
1885,62,2026-04-22,action,waterfall_enrichment,1323,4337,"{""workflow_run_id"": 943, ""source"": ""workflow_execution""}"
1886,62,2026-04-22,data_credit,ai_research,767,4337,"{""workflow_run_id"": 943, ""source"": ""data_provider_or_ai""}"
1887,62,2026-03-29,action,ai_account_research,319,4342,"{""workflow_run_id"": 944, ""source"": ""workflow_execution""}"
1888,62,2026-03-29,data_credit,ai_research,155,4342,"{""workflow_run_id"": 944, ""source"": ""data_provider_or_ai""}"
1889,62,2026-04-29,action,waterfall_enrichment,2813,4347,"{""workflow_run_id"": 945, ""source"": ""workflow_execution""}"
1890,62,2026-04-29,data_credit,waterfall,385,4347,"{""workflow_run_id"": 945, ""source"": ""data_provider_or_ai""}"
1891,62,2026-05-16,action,crm_sync,2552,4350,"{""workflow_run_id"": 946, ""source"": ""workflow_execution""}"
1892,62,2026-05-16,data_credit,waterfall,743,4350,"{""workflow_run_id"": 946, ""source"": ""data_provider_or_ai""}"
1893,62,2026-05-19,action,personalized_outbound,639,4355,"{""workflow_run_id"": 947, ""source"": ""workflow_execution""}"
1894,62,2026-05-19,data_credit,enrichment,783,4355,"{""workflow_run_id"": 947, ""source"": ""data_provider_or_ai""}"
1895,62,2026-06-09,action,lead_enrichment,2622,4360,"{""workflow_run_id"": 948, ""source"": ""workflow_execution""}"
1896,62,2026-06-09,data_credit,waterfall,315,4360,"{""workflow_run_id"": 948, ""source"": ""data_provider_or_ai""}"
1897,62,2026-05-08,action,lead_enrichment,807,4365,"{""workflow_run_id"": 949, ""source"": ""workflow_execution""}"
1898,62,2026-05-08,data_credit,enrichment,672,4365,"{""workflow_run_id"": 949, ""source"": ""data_provider_or_ai""}"
1899,62,2026-05-08,action,personalized_outbound,1688,4370,"{""workflow_run_id"": 950, ""source"": ""workflow_execution""}"
1900,62,2026-05-08,data_credit,enrichment,554,4370,"{""workflow_run_id"": 950, ""source"": ""data_provider_or_ai""}"
1901,62,2026-05-14,action,ai_account_research,1088,4375,"{""workflow_run_id"": 951, ""source"": ""workflow_execution""}"
1902,62,2026-05-14,data_credit,waterfall,23,4375,"{""workflow_run_id"": 951, ""source"": ""data_provider_or_ai""}"
1903,62,2026-05-21,action,lead_enrichment,1764,4380,"{""workflow_run_id"": 952, ""source"": ""workflow_execution""}"
1904,62,2026-05-21,data_credit,ai_research,304,4380,"{""workflow_run_id"": 952, ""source"": ""data_provider_or_ai""}"
1905,62,2026-05-28,action,waterfall_enrichment,2274,4383,"{""workflow_run_id"": 953, ""source"": ""workflow_execution""}"
1906,62,2026-05-28,data_credit,ai_research,155,4383,"{""workflow_run_id"": 953, ""source"": ""data_provider_or_ai""}"
1907,62,2026-06-21,action,waterfall_enrichment,2267,4388,"{""workflow_run_id"": 954, ""source"": ""workflow_execution""}"
1908,62,2026-06-21,data_credit,waterfall,436,4388,"{""workflow_run_id"": 954, ""source"": ""data_provider_or_ai""}"
1909,62,2026-05-19,action,ai_account_research,2941,4393,"{""workflow_run_id"": 955, ""source"": ""workflow_execution""}"
1910,62,2026-05-19,data_credit,waterfall,360,4393,"{""workflow_run_id"": 955, ""source"": ""data_provider_or_ai""}"
1911,62,2026-04-01,action,personalized_outbound,2542,4398,"{""workflow_run_id"": 956, ""source"": ""workflow_execution""}"
1912,62,2026-04-01,data_credit,waterfall,516,4398,"{""workflow_run_id"": 956, ""source"": ""data_provider_or_ai""}"
1913,62,2026-05-27,action,crm_sync,1646,4403,"{""workflow_run_id"": 957, ""source"": ""workflow_execution""}"
1914,62,2026-05-27,data_credit,waterfall,789,4403,"{""workflow_run_id"": 957, ""source"": ""data_provider_or_ai""}"
1915,62,2026-05-27,action,lead_enrichment,2765,4406,"{""workflow_run_id"": 958, ""source"": ""workflow_execution""}"
1916,62,2026-05-27,data_credit,enrichment,65,4406,"{""workflow_run_id"": 958, ""source"": ""data_provider_or_ai""}"
1917,62,2026-04-06,action,personalized_outbound,2788,4409,"{""workflow_run_id"": 959, ""source"": ""workflow_execution""}"
1918,62,2026-04-06,data_credit,enrichment,336,4409,"{""workflow_run_id"": 959, ""source"": ""data_provider_or_ai""}"
1919,63,2026-04-26,action,waterfall_enrichment,700,4414,"{""workflow_run_id"": 960, ""source"": ""workflow_execution""}"
1920,63,2026-04-26,data_credit,ai_research,410,4414,"{""workflow_run_id"": 960, ""source"": ""data_provider_or_ai""}"
1921,63,2026-03-21,action,personalized_outbound,2320,4419,"{""workflow_run_id"": 961, ""source"": ""workflow_execution""}"
1922,63,2026-03-21,data_credit,waterfall,662,4419,"{""workflow_run_id"": 961, ""source"": ""data_provider_or_ai""}"
1923,63,2026-04-04,action,personalized_outbound,1544,4424,"{""workflow_run_id"": 962, ""source"": ""workflow_execution""}"
1924,63,2026-04-04,data_credit,enrichment,617,4424,"{""workflow_run_id"": 962, ""source"": ""data_provider_or_ai""}"
1925,63,2026-03-19,action,personalized_outbound,2890,4429,"{""workflow_run_id"": 963, ""source"": ""workflow_execution""}"
1926,63,2026-03-19,data_credit,enrichment,131,4429,"{""workflow_run_id"": 963, ""source"": ""data_provider_or_ai""}"
1927,63,2026-02-20,action,personalized_outbound,1689,4434,"{""workflow_run_id"": 964, ""source"": ""workflow_execution""}"
1928,63,2026-02-20,data_credit,waterfall,752,4434,"{""workflow_run_id"": 964, ""source"": ""data_provider_or_ai""}"
1929,63,2026-02-10,action,waterfall_enrichment,1985,4439,"{""workflow_run_id"": 965, ""source"": ""workflow_execution""}"
1930,63,2026-02-10,data_credit,waterfall,543,4439,"{""workflow_run_id"": 965, ""source"": ""data_provider_or_ai""}"
1931,63,2026-03-30,action,ai_account_research,1493,4444,"{""workflow_run_id"": 966, ""source"": ""workflow_execution""}"
1932,63,2026-03-30,data_credit,enrichment,667,4444,"{""workflow_run_id"": 966, ""source"": ""data_provider_or_ai""}"
1933,63,2026-05-04,action,waterfall_enrichment,1363,4449,"{""workflow_run_id"": 967, ""source"": ""workflow_execution""}"
1934,63,2026-05-04,data_credit,enrichment,514,4449,"{""workflow_run_id"": 967, ""source"": ""data_provider_or_ai""}"
1935,63,2026-04-30,action,ai_account_research,2716,4454,"{""workflow_run_id"": 968, ""source"": ""workflow_execution""}"
1936,63,2026-04-30,data_credit,waterfall,329,4454,"{""workflow_run_id"": 968, ""source"": ""data_provider_or_ai""}"
1937,63,2026-03-12,action,crm_sync,2811,4459,"{""workflow_run_id"": 969, ""source"": ""workflow_execution""}"
1938,63,2026-03-12,data_credit,enrichment,233,4459,"{""workflow_run_id"": 969, ""source"": ""data_provider_or_ai""}"
1939,63,2026-03-23,action,crm_sync,463,4462,"{""workflow_run_id"": 970, ""source"": ""workflow_execution""}"
1940,63,2026-03-23,data_credit,waterfall,359,4462,"{""workflow_run_id"": 970, ""source"": ""data_provider_or_ai""}"
1941,63,2026-03-25,action,ai_account_research,1674,4467,"{""workflow_run_id"": 971, ""source"": ""workflow_execution""}"
1942,63,2026-03-25,data_credit,waterfall,502,4467,"{""workflow_run_id"": 971, ""source"": ""data_provider_or_ai""}"
1943,63,2026-03-10,action,lead_enrichment,394,4472,"{""workflow_run_id"": 972, ""source"": ""workflow_execution""}"
1944,63,2026-03-10,data_credit,ai_research,681,4472,"{""workflow_run_id"": 972, ""source"": ""data_provider_or_ai""}"
1945,63,2026-02-18,action,crm_sync,217,4477,"{""workflow_run_id"": 973, ""source"": ""workflow_execution""}"
1946,63,2026-02-18,data_credit,ai_research,175,4477,"{""workflow_run_id"": 973, ""source"": ""data_provider_or_ai""}"
1947,63,2026-04-28,action,lead_enrichment,624,4480,"{""workflow_run_id"": 974, ""source"": ""workflow_execution""}"
1948,63,2026-04-28,data_credit,waterfall,156,4480,"{""workflow_run_id"": 974, ""source"": ""data_provider_or_ai""}"
1949,63,2026-05-06,action,personalized_outbound,1753,4485,"{""workflow_run_id"": 975, ""source"": ""workflow_execution""}"
1950,63,2026-05-06,data_credit,ai_research,143,4485,"{""workflow_run_id"": 975, ""source"": ""data_provider_or_ai""}"
1951,63,2026-03-15,action,ai_account_research,372,4490,"{""workflow_run_id"": 976, ""source"": ""workflow_execution""}"
1952,63,2026-03-15,data_credit,waterfall,601,4490,"{""workflow_run_id"": 976, ""source"": ""data_provider_or_ai""}"
1953,63,2026-03-23,action,waterfall_enrichment,2898,4493,"{""workflow_run_id"": 977, ""source"": ""workflow_execution""}"
1954,63,2026-03-23,data_credit,waterfall,281,4493,"{""workflow_run_id"": 977, ""source"": ""data_provider_or_ai""}"
1955,63,2026-03-29,action,personalized_outbound,480,4498,"{""workflow_run_id"": 978, ""source"": ""workflow_execution""}"
1956,63,2026-03-29,data_credit,ai_research,137,4498,"{""workflow_run_id"": 978, ""source"": ""data_provider_or_ai""}"
1957,63,2026-05-06,action,personalized_outbound,2156,4503,"{""workflow_run_id"": 979, ""source"": ""workflow_execution""}"
1958,63,2026-05-06,data_credit,enrichment,72,4503,"{""workflow_run_id"": 979, ""source"": ""data_provider_or_ai""}"
1959,63,2026-02-18,action,waterfall_enrichment,498,4508,"{""workflow_run_id"": 980, ""source"": ""workflow_execution""}"
1960,63,2026-02-18,data_credit,waterfall,66,4508,"{""workflow_run_id"": 980, ""source"": ""data_provider_or_ai""}"
1961,63,2026-05-02,action,crm_sync,1178,4513,"{""workflow_run_id"": 981, ""source"": ""workflow_execution""}"
1962,63,2026-05-02,data_credit,waterfall,203,4513,"{""workflow_run_id"": 981, ""source"": ""data_provider_or_ai""}"
1963,63,2026-03-03,action,lead_enrichment,250,4518,"{""workflow_run_id"": 982, ""source"": ""workflow_execution""}"
1964,63,2026-03-03,data_credit,ai_research,125,4518,"{""workflow_run_id"": 982, ""source"": ""data_provider_or_ai""}"
1965,63,2026-02-15,action,personalized_outbound,293,4523,"{""workflow_run_id"": 983, ""source"": ""workflow_execution""}"
1966,63,2026-02-15,data_credit,ai_research,401,4523,"{""workflow_run_id"": 983, ""source"": ""data_provider_or_ai""}"
1967,63,2026-02-23,action,personalized_outbound,1651,4528,"{""workflow_run_id"": 984, ""source"": ""workflow_execution""}"
1968,63,2026-02-23,data_credit,enrichment,139,4528,"{""workflow_run_id"": 984, ""source"": ""data_provider_or_ai""}"
1969,63,2026-02-26,action,crm_sync,2490,4533,"{""workflow_run_id"": 985, ""source"": ""workflow_execution""}"
1970,63,2026-02-26,data_credit,ai_research,544,4533,"{""workflow_run_id"": 985, ""source"": ""data_provider_or_ai""}"
1971,63,2026-04-01,action,lead_enrichment,2919,4538,"{""workflow_run_id"": 986, ""source"": ""workflow_execution""}"
1972,63,2026-04-01,data_credit,ai_research,201,4538,"{""workflow_run_id"": 986, ""source"": ""data_provider_or_ai""}"
1973,63,2026-03-29,action,personalized_outbound,1908,4543,"{""workflow_run_id"": 987, ""source"": ""workflow_execution""}"
1974,63,2026-03-29,data_credit,ai_research,297,4543,"{""workflow_run_id"": 987, ""source"": ""data_provider_or_ai""}"
1975,63,2026-04-02,action,ai_account_research,2725,4548,"{""workflow_run_id"": 988, ""source"": ""workflow_execution""}"
1976,63,2026-04-02,data_credit,waterfall,488,4548,"{""workflow_run_id"": 988, ""source"": ""data_provider_or_ai""}"
1977,63,2026-05-06,action,personalized_outbound,2716,4551,"{""workflow_run_id"": 989, ""source"": ""workflow_execution""}"
1978,63,2026-05-06,data_credit,waterfall,262,4551,"{""workflow_run_id"": 989, ""source"": ""data_provider_or_ai""}"
1979,63,2026-04-24,action,personalized_outbound,1654,4556,"{""workflow_run_id"": 990, ""source"": ""workflow_execution""}"
1980,63,2026-04-24,data_credit,ai_research,80,4556,"{""workflow_run_id"": 990, ""source"": ""data_provider_or_ai""}"
1981,63,2026-05-05,action,lead_enrichment,1910,4561,"{""workflow_run_id"": 991, ""source"": ""workflow_execution""}"
1982,63,2026-05-05,data_credit,enrichment,426,4561,"{""workflow_run_id"": 991, ""source"": ""data_provider_or_ai""}"
1983,63,2026-03-19,action,ai_account_research,1719,4566,"{""workflow_run_id"": 992, ""source"": ""workflow_execution""}"
1984,63,2026-03-19,data_credit,ai_research,606,4566,"{""workflow_run_id"": 992, ""source"": ""data_provider_or_ai""}"
1985,63,2026-04-11,action,lead_enrichment,2439,4571,"{""workflow_run_id"": 993, ""source"": ""workflow_execution""}"
1986,63,2026-04-11,data_credit,enrichment,48,4571,"{""workflow_run_id"": 993, ""source"": ""data_provider_or_ai""}"
1987,63,2026-03-29,action,personalized_outbound,286,4576,"{""workflow_run_id"": 994, ""source"": ""workflow_execution""}"
1988,63,2026-03-29,data_credit,waterfall,596,4576,"{""workflow_run_id"": 994, ""source"": ""data_provider_or_ai""}"
1989,63,2026-05-05,action,lead_enrichment,1376,4581,"{""workflow_run_id"": 995, ""source"": ""workflow_execution""}"
1990,63,2026-05-05,data_credit,enrichment,691,4581,"{""workflow_run_id"": 995, ""source"": ""data_provider_or_ai""}"
1991,63,2026-02-10,action,waterfall_enrichment,738,4586,"{""workflow_run_id"": 996, ""source"": ""workflow_execution""}"
1992,63,2026-02-10,data_credit,enrichment,81,4586,"{""workflow_run_id"": 996, ""source"": ""data_provider_or_ai""}"
1993,63,2026-03-18,action,lead_enrichment,2487,4591,"{""workflow_run_id"": 997, ""source"": ""workflow_execution""}"
1994,63,2026-03-18,data_credit,ai_research,718,4591,"{""workflow_run_id"": 997, ""source"": ""data_provider_or_ai""}"
1995,63,2026-02-08,action,waterfall_enrichment,1855,4596,"{""workflow_run_id"": 998, ""source"": ""workflow_execution""}"
1996,63,2026-02-08,data_credit,waterfall,212,4596,"{""workflow_run_id"": 998, ""source"": ""data_provider_or_ai""}"
1997,63,2026-02-15,action,lead_enrichment,992,4601,"{""workflow_run_id"": 999, ""source"": ""workflow_execution""}"
1998,63,2026-02-15,data_credit,enrichment,359,4601,"{""workflow_run_id"": 999, ""source"": ""data_provider_or_ai""}"
1999,64,2026-04-15,action,ai_account_research,2817,4604,"{""workflow_run_id"": 1000, ""source"": ""workflow_execution""}"
2000,64,2026-04-15,data_credit,enrichment,63,4604,"{""workflow_run_id"": 1000, ""source"": ""data_provider_or_ai""}"
2001,64,2026-04-08,action,crm_sync,2090,4607,"{""workflow_run_id"": 1001, ""source"": ""workflow_execution""}"
2002,64,2026-04-08,data_credit,waterfall,158,4607,"{""workflow_run_id"": 1001, ""source"": ""data_provider_or_ai""}"
2003,64,2026-03-20,action,ai_account_research,2029,4612,"{""workflow_run_id"": 1002, ""source"": ""workflow_execution""}"
2004,64,2026-03-20,data_credit,enrichment,354,4612,"{""workflow_run_id"": 1002, ""source"": ""data_provider_or_ai""}"
2005,64,2026-05-08,action,personalized_outbound,895,4617,"{""workflow_run_id"": 1003, ""source"": ""workflow_execution""}"
2006,64,2026-05-08,data_credit,ai_research,346,4617,"{""workflow_run_id"": 1003, ""source"": ""data_provider_or_ai""}"
2007,64,2026-03-20,action,personalized_outbound,1329,4620,"{""workflow_run_id"": 1004, ""source"": ""workflow_execution""}"
2008,64,2026-03-20,data_credit,waterfall,124,4620,"{""workflow_run_id"": 1004, ""source"": ""data_provider_or_ai""}"
2009,64,2026-04-07,action,crm_sync,448,4625,"{""workflow_run_id"": 1005, ""source"": ""workflow_execution""}"
2010,64,2026-04-07,data_credit,waterfall,676,4625,"{""workflow_run_id"": 1005, ""source"": ""data_provider_or_ai""}"
2011,64,2026-05-27,action,ai_account_research,572,4628,"{""workflow_run_id"": 1006, ""source"": ""workflow_execution""}"
2012,64,2026-05-27,data_credit,enrichment,703,4628,"{""workflow_run_id"": 1006, ""source"": ""data_provider_or_ai""}"
2013,64,2026-03-14,action,personalized_outbound,2119,4631,"{""workflow_run_id"": 1007, ""source"": ""workflow_execution""}"
2014,64,2026-03-14,data_credit,waterfall,401,4631,"{""workflow_run_id"": 1007, ""source"": ""data_provider_or_ai""}"
2015,64,2026-05-14,action,lead_enrichment,1691,4636,"{""workflow_run_id"": 1008, ""source"": ""workflow_execution""}"
2016,64,2026-05-14,data_credit,ai_research,359,4636,"{""workflow_run_id"": 1008, ""source"": ""data_provider_or_ai""}"
2017,64,2026-04-29,action,crm_sync,896,4641,"{""workflow_run_id"": 1009, ""source"": ""workflow_execution""}"
2018,64,2026-04-29,data_credit,waterfall,510,4641,"{""workflow_run_id"": 1009, ""source"": ""data_provider_or_ai""}"
2019,64,2026-04-22,action,personalized_outbound,813,4646,"{""workflow_run_id"": 1010, ""source"": ""workflow_execution""}"
2020,64,2026-04-22,data_credit,ai_research,237,4646,"{""workflow_run_id"": 1010, ""source"": ""data_provider_or_ai""}"
2021,64,2026-05-06,action,crm_sync,813,4649,"{""workflow_run_id"": 1011, ""source"": ""workflow_execution""}"
2022,64,2026-05-06,data_credit,waterfall,530,4649,"{""workflow_run_id"": 1011, ""source"": ""data_provider_or_ai""}"
2023,64,2026-04-19,action,ai_account_research,1684,4654,"{""workflow_run_id"": 1012, ""source"": ""workflow_execution""}"
2024,64,2026-04-19,data_credit,enrichment,251,4654,"{""workflow_run_id"": 1012, ""source"": ""data_provider_or_ai""}"
2025,65,2026-03-23,action,lead_enrichment,1337,4657,"{""workflow_run_id"": 1013, ""source"": ""workflow_execution""}"
2026,65,2026-03-23,data_credit,ai_research,564,4657,"{""workflow_run_id"": 1013, ""source"": ""data_provider_or_ai""}"
2027,65,2026-01-22,action,waterfall_enrichment,2482,4662,"{""workflow_run_id"": 1014, ""source"": ""workflow_execution""}"
2028,65,2026-01-22,data_credit,ai_research,683,4662,"{""workflow_run_id"": 1014, ""source"": ""data_provider_or_ai""}"
2029,65,2026-03-18,action,ai_account_research,1059,4667,"{""workflow_run_id"": 1015, ""source"": ""workflow_execution""}"
2030,65,2026-03-18,data_credit,ai_research,104,4667,"{""workflow_run_id"": 1015, ""source"": ""data_provider_or_ai""}"
2031,65,2026-04-15,action,personalized_outbound,339,4670,"{""workflow_run_id"": 1016, ""source"": ""workflow_execution""}"
2032,65,2026-04-15,data_credit,enrichment,372,4670,"{""workflow_run_id"": 1016, ""source"": ""data_provider_or_ai""}"
2033,66,2026-04-28,action,personalized_outbound,2433,4675,"{""workflow_run_id"": 1017, ""source"": ""workflow_execution""}"
2034,66,2026-04-28,data_credit,waterfall,790,4675,"{""workflow_run_id"": 1017, ""source"": ""data_provider_or_ai""}"
2035,66,2026-05-04,action,ai_account_research,1502,4680,"{""workflow_run_id"": 1018, ""source"": ""workflow_execution""}"
2036,66,2026-05-04,data_credit,enrichment,603,4680,"{""workflow_run_id"": 1018, ""source"": ""data_provider_or_ai""}"
2037,66,2026-04-05,action,personalized_outbound,1299,4685,"{""workflow_run_id"": 1019, ""source"": ""workflow_execution""}"
2038,66,2026-04-05,data_credit,ai_research,208,4685,"{""workflow_run_id"": 1019, ""source"": ""data_provider_or_ai""}"
2039,66,2026-04-18,action,ai_account_research,1907,4690,"{""workflow_run_id"": 1020, ""source"": ""workflow_execution""}"
2040,66,2026-04-18,data_credit,ai_research,543,4690,"{""workflow_run_id"": 1020, ""source"": ""data_provider_or_ai""}"
2041,66,2026-05-07,action,crm_sync,549,4695,"{""workflow_run_id"": 1021, ""source"": ""workflow_execution""}"
2042,66,2026-05-07,data_credit,waterfall,166,4695,"{""workflow_run_id"": 1021, ""source"": ""data_provider_or_ai""}"
2043,66,2026-02-27,action,ai_account_research,2457,4700,"{""workflow_run_id"": 1022, ""source"": ""workflow_execution""}"
2044,66,2026-02-27,data_credit,ai_research,132,4700,"{""workflow_run_id"": 1022, ""source"": ""data_provider_or_ai""}"
2045,66,2026-04-17,action,crm_sync,660,4705,"{""workflow_run_id"": 1023, ""source"": ""workflow_execution""}"
2046,66,2026-04-17,data_credit,enrichment,402,4705,"{""workflow_run_id"": 1023, ""source"": ""data_provider_or_ai""}"
2047,66,2026-04-28,action,lead_enrichment,2742,4710,"{""workflow_run_id"": 1024, ""source"": ""workflow_execution""}"
2048,66,2026-04-28,data_credit,enrichment,768,4710,"{""workflow_run_id"": 1024, ""source"": ""data_provider_or_ai""}"
2049,66,2026-05-20,action,crm_sync,2868,4713,"{""workflow_run_id"": 1025, ""source"": ""workflow_execution""}"
2050,66,2026-05-20,data_credit,ai_research,550,4713,"{""workflow_run_id"": 1025, ""source"": ""data_provider_or_ai""}"
2051,66,2026-04-26,action,crm_sync,2555,4718,"{""workflow_run_id"": 1026, ""source"": ""workflow_execution""}"
2052,66,2026-04-26,data_credit,enrichment,156,4718,"{""workflow_run_id"": 1026, ""source"": ""data_provider_or_ai""}"
2053,66,2026-05-03,action,crm_sync,549,4721,"{""workflow_run_id"": 1027, ""source"": ""workflow_execution""}"
2054,66,2026-05-03,data_credit,ai_research,506,4721,"{""workflow_run_id"": 1027, ""source"": ""data_provider_or_ai""}"
2055,66,2026-04-29,action,lead_enrichment,1213,4726,"{""workflow_run_id"": 1028, ""source"": ""workflow_execution""}"
2056,66,2026-04-29,data_credit,enrichment,267,4726,"{""workflow_run_id"": 1028, ""source"": ""data_provider_or_ai""}"
2057,66,2026-04-06,action,personalized_outbound,1409,4731,"{""workflow_run_id"": 1029, ""source"": ""workflow_execution""}"
2058,66,2026-04-06,data_credit,waterfall,380,4731,"{""workflow_run_id"": 1029, ""source"": ""data_provider_or_ai""}"
2059,66,2026-02-27,action,lead_enrichment,1885,4736,"{""workflow_run_id"": 1030, ""source"": ""workflow_execution""}"
2060,66,2026-02-27,data_credit,enrichment,115,4736,"{""workflow_run_id"": 1030, ""source"": ""data_provider_or_ai""}"
2061,66,2026-04-08,action,waterfall_enrichment,876,4739,"{""workflow_run_id"": 1031, ""source"": ""workflow_execution""}"
2062,66,2026-04-08,data_credit,ai_research,281,4739,"{""workflow_run_id"": 1031, ""source"": ""data_provider_or_ai""}"
2063,66,2026-05-14,action,crm_sync,2017,4744,"{""workflow_run_id"": 1032, ""source"": ""workflow_execution""}"
2064,66,2026-05-14,data_credit,ai_research,737,4744,"{""workflow_run_id"": 1032, ""source"": ""data_provider_or_ai""}"
2065,66,2026-04-04,action,crm_sync,1992,4749,"{""workflow_run_id"": 1033, ""source"": ""workflow_execution""}"
2066,66,2026-04-04,data_credit,ai_research,203,4749,"{""workflow_run_id"": 1033, ""source"": ""data_provider_or_ai""}"
2067,66,2026-04-11,action,ai_account_research,536,4754,"{""workflow_run_id"": 1034, ""source"": ""workflow_execution""}"
2068,66,2026-04-11,data_credit,enrichment,264,4754,"{""workflow_run_id"": 1034, ""source"": ""data_provider_or_ai""}"
2069,66,2026-05-01,action,lead_enrichment,574,4759,"{""workflow_run_id"": 1035, ""source"": ""workflow_execution""}"
2070,66,2026-05-01,data_credit,waterfall,143,4759,"{""workflow_run_id"": 1035, ""source"": ""data_provider_or_ai""}"
2071,66,2026-03-30,action,waterfall_enrichment,1528,4764,"{""workflow_run_id"": 1036, ""source"": ""workflow_execution""}"
2072,66,2026-03-30,data_credit,waterfall,776,4764,"{""workflow_run_id"": 1036, ""source"": ""data_provider_or_ai""}"
2073,66,2026-04-23,action,waterfall_enrichment,1060,4769,"{""workflow_run_id"": 1037, ""source"": ""workflow_execution""}"
2074,66,2026-04-23,data_credit,ai_research,219,4769,"{""workflow_run_id"": 1037, ""source"": ""data_provider_or_ai""}"
2075,66,2026-03-27,action,crm_sync,187,4774,"{""workflow_run_id"": 1038, ""source"": ""workflow_execution""}"
2076,66,2026-03-27,data_credit,waterfall,390,4774,"{""workflow_run_id"": 1038, ""source"": ""data_provider_or_ai""}"
2077,66,2026-03-29,action,waterfall_enrichment,720,4779,"{""workflow_run_id"": 1039, ""source"": ""workflow_execution""}"
2078,66,2026-03-29,data_credit,enrichment,449,4779,"{""workflow_run_id"": 1039, ""source"": ""data_provider_or_ai""}"
2079,66,2026-02-24,action,waterfall_enrichment,2033,4784,"{""workflow_run_id"": 1040, ""source"": ""workflow_execution""}"
2080,66,2026-02-24,data_credit,enrichment,603,4784,"{""workflow_run_id"": 1040, ""source"": ""data_provider_or_ai""}"
2081,66,2026-03-25,action,personalized_outbound,1594,4789,"{""workflow_run_id"": 1041, ""source"": ""workflow_execution""}"
2082,66,2026-03-25,data_credit,waterfall,169,4789,"{""workflow_run_id"": 1041, ""source"": ""data_provider_or_ai""}"
2083,66,2026-03-11,action,crm_sync,2336,4794,"{""workflow_run_id"": 1042, ""source"": ""workflow_execution""}"
2084,66,2026-03-11,data_credit,waterfall,420,4794,"{""workflow_run_id"": 1042, ""source"": ""data_provider_or_ai""}"
2085,66,2026-02-27,action,waterfall_enrichment,2784,4799,"{""workflow_run_id"": 1043, ""source"": ""workflow_execution""}"
2086,66,2026-02-27,data_credit,ai_research,242,4799,"{""workflow_run_id"": 1043, ""source"": ""data_provider_or_ai""}"
2087,66,2026-05-08,action,ai_account_research,370,4804,"{""workflow_run_id"": 1044, ""source"": ""workflow_execution""}"
2088,66,2026-05-08,data_credit,ai_research,586,4804,"{""workflow_run_id"": 1044, ""source"": ""data_provider_or_ai""}"
2089,66,2026-04-28,action,crm_sync,2694,4809,"{""workflow_run_id"": 1045, ""source"": ""workflow_execution""}"
2090,66,2026-04-28,data_credit,ai_research,474,4809,"{""workflow_run_id"": 1045, ""source"": ""data_provider_or_ai""}"
2091,66,2026-04-16,action,waterfall_enrichment,373,4814,"{""workflow_run_id"": 1046, ""source"": ""workflow_execution""}"
2092,66,2026-04-16,data_credit,waterfall,377,4814,"{""workflow_run_id"": 1046, ""source"": ""data_provider_or_ai""}"
2093,66,2026-03-31,action,crm_sync,2862,4819,"{""workflow_run_id"": 1047, ""source"": ""workflow_execution""}"
2094,66,2026-03-31,data_credit,enrichment,779,4819,"{""workflow_run_id"": 1047, ""source"": ""data_provider_or_ai""}"
2095,66,2026-02-22,action,waterfall_enrichment,1558,4824,"{""workflow_run_id"": 1048, ""source"": ""workflow_execution""}"
2096,66,2026-02-22,data_credit,enrichment,683,4824,"{""workflow_run_id"": 1048, ""source"": ""data_provider_or_ai""}"
2097,66,2026-03-06,action,waterfall_enrichment,1983,4829,"{""workflow_run_id"": 1049, ""source"": ""workflow_execution""}"
2098,66,2026-03-06,data_credit,enrichment,431,4829,"{""workflow_run_id"": 1049, ""source"": ""data_provider_or_ai""}"
2099,66,2026-05-07,action,waterfall_enrichment,2595,4834,"{""workflow_run_id"": 1050, ""source"": ""workflow_execution""}"
2100,66,2026-05-07,data_credit,ai_research,20,4834,"{""workflow_run_id"": 1050, ""source"": ""data_provider_or_ai""}"
2101,66,2026-03-30,action,crm_sync,1291,4839,"{""workflow_run_id"": 1051, ""source"": ""workflow_execution""}"
2102,66,2026-03-30,data_credit,ai_research,147,4839,"{""workflow_run_id"": 1051, ""source"": ""data_provider_or_ai""}"
2103,66,2026-03-06,action,waterfall_enrichment,1907,4842,"{""workflow_run_id"": 1052, ""source"": ""workflow_execution""}"
2104,66,2026-03-06,data_credit,waterfall,102,4842,"{""workflow_run_id"": 1052, ""source"": ""data_provider_or_ai""}"
2105,66,2026-03-07,action,personalized_outbound,2534,4845,"{""workflow_run_id"": 1053, ""source"": ""workflow_execution""}"
2106,66,2026-03-07,data_credit,waterfall,740,4845,"{""workflow_run_id"": 1053, ""source"": ""data_provider_or_ai""}"
2107,66,2026-03-16,action,personalized_outbound,714,4848,"{""workflow_run_id"": 1054, ""source"": ""workflow_execution""}"
2108,66,2026-03-16,data_credit,waterfall,368,4848,"{""workflow_run_id"": 1054, ""source"": ""data_provider_or_ai""}"
2109,67,2026-03-26,action,ai_account_research,1701,4851,"{""workflow_run_id"": 1055, ""source"": ""workflow_execution""}"
2110,67,2026-03-26,data_credit,waterfall,699,4851,"{""workflow_run_id"": 1055, ""source"": ""data_provider_or_ai""}"
2111,67,2026-05-10,action,waterfall_enrichment,1549,4856,"{""workflow_run_id"": 1056, ""source"": ""workflow_execution""}"
2112,67,2026-05-10,data_credit,enrichment,546,4856,"{""workflow_run_id"": 1056, ""source"": ""data_provider_or_ai""}"
2113,67,2026-06-17,action,personalized_outbound,1084,4859,"{""workflow_run_id"": 1057, ""source"": ""workflow_execution""}"
2114,67,2026-06-17,data_credit,enrichment,177,4859,"{""workflow_run_id"": 1057, ""source"": ""data_provider_or_ai""}"
2115,67,2026-06-16,action,crm_sync,1407,4864,"{""workflow_run_id"": 1058, ""source"": ""workflow_execution""}"
2116,67,2026-06-16,data_credit,ai_research,81,4864,"{""workflow_run_id"": 1058, ""source"": ""data_provider_or_ai""}"
2117,67,2026-03-28,action,crm_sync,1030,4869,"{""workflow_run_id"": 1059, ""source"": ""workflow_execution""}"
2118,67,2026-03-28,data_credit,ai_research,776,4869,"{""workflow_run_id"": 1059, ""source"": ""data_provider_or_ai""}"
2119,67,2026-04-11,action,crm_sync,643,4872,"{""workflow_run_id"": 1060, ""source"": ""workflow_execution""}"
2120,67,2026-04-11,data_credit,waterfall,725,4872,"{""workflow_run_id"": 1060, ""source"": ""data_provider_or_ai""}"
2121,67,2026-06-13,action,crm_sync,2900,4877,"{""workflow_run_id"": 1061, ""source"": ""workflow_execution""}"
2122,67,2026-06-13,data_credit,waterfall,723,4877,"{""workflow_run_id"": 1061, ""source"": ""data_provider_or_ai""}"
2123,67,2026-06-19,action,waterfall_enrichment,1182,4880,"{""workflow_run_id"": 1062, ""source"": ""workflow_execution""}"
2124,67,2026-06-19,data_credit,waterfall,172,4880,"{""workflow_run_id"": 1062, ""source"": ""data_provider_or_ai""}"
2125,67,2026-05-18,action,ai_account_research,1427,4885,"{""workflow_run_id"": 1063, ""source"": ""workflow_execution""}"
2126,67,2026-05-18,data_credit,enrichment,116,4885,"{""workflow_run_id"": 1063, ""source"": ""data_provider_or_ai""}"
2127,68,2026-03-21,action,waterfall_enrichment,2123,4890,"{""workflow_run_id"": 1064, ""source"": ""workflow_execution""}"
2128,68,2026-03-21,data_credit,ai_research,80,4890,"{""workflow_run_id"": 1064, ""source"": ""data_provider_or_ai""}"
2129,68,2026-02-26,action,personalized_outbound,1363,4895,"{""workflow_run_id"": 1065, ""source"": ""workflow_execution""}"
2130,68,2026-02-26,data_credit,ai_research,534,4895,"{""workflow_run_id"": 1065, ""source"": ""data_provider_or_ai""}"
2131,68,2026-01-26,action,ai_account_research,642,4900,"{""workflow_run_id"": 1066, ""source"": ""workflow_execution""}"
2132,68,2026-01-26,data_credit,ai_research,502,4900,"{""workflow_run_id"": 1066, ""source"": ""data_provider_or_ai""}"
2133,68,2026-03-03,action,ai_account_research,1118,4905,"{""workflow_run_id"": 1067, ""source"": ""workflow_execution""}"
2134,68,2026-03-03,data_credit,waterfall,466,4905,"{""workflow_run_id"": 1067, ""source"": ""data_provider_or_ai""}"
2135,68,2026-03-03,action,lead_enrichment,1491,4908,"{""workflow_run_id"": 1068, ""source"": ""workflow_execution""}"
2136,68,2026-03-03,data_credit,ai_research,85,4908,"{""workflow_run_id"": 1068, ""source"": ""data_provider_or_ai""}"
2137,68,2026-02-11,action,lead_enrichment,992,4913,"{""workflow_run_id"": 1069, ""source"": ""workflow_execution""}"
2138,68,2026-02-11,data_credit,ai_research,715,4913,"{""workflow_run_id"": 1069, ""source"": ""data_provider_or_ai""}"
2139,68,2026-03-11,action,lead_enrichment,1401,4918,"{""workflow_run_id"": 1070, ""source"": ""workflow_execution""}"
2140,68,2026-03-11,data_credit,enrichment,72,4918,"{""workflow_run_id"": 1070, ""source"": ""data_provider_or_ai""}"
2141,69,2026-01-20,action,waterfall_enrichment,2353,4923,"{""workflow_run_id"": 1071, ""source"": ""workflow_execution""}"
2142,69,2026-01-20,data_credit,enrichment,777,4923,"{""workflow_run_id"": 1071, ""source"": ""data_provider_or_ai""}"
2143,69,2026-04-05,action,waterfall_enrichment,2754,4928,"{""workflow_run_id"": 1072, ""source"": ""workflow_execution""}"
2144,69,2026-04-05,data_credit,ai_research,517,4928,"{""workflow_run_id"": 1072, ""source"": ""data_provider_or_ai""}"
2145,69,2026-03-10,action,lead_enrichment,2267,4933,"{""workflow_run_id"": 1073, ""source"": ""workflow_execution""}"
2146,69,2026-03-10,data_credit,enrichment,400,4933,"{""workflow_run_id"": 1073, ""source"": ""data_provider_or_ai""}"
2147,69,2026-01-22,action,lead_enrichment,1800,4936,"{""workflow_run_id"": 1074, ""source"": ""workflow_execution""}"
2148,69,2026-01-22,data_credit,enrichment,788,4936,"{""workflow_run_id"": 1074, ""source"": ""data_provider_or_ai""}"
2149,69,2026-03-03,action,waterfall_enrichment,901,4939,"{""workflow_run_id"": 1075, ""source"": ""workflow_execution""}"
2150,69,2026-03-03,data_credit,waterfall,577,4939,"{""workflow_run_id"": 1075, ""source"": ""data_provider_or_ai""}"
2151,69,2026-03-10,action,lead_enrichment,2902,4944,"{""workflow_run_id"": 1076, ""source"": ""workflow_execution""}"
2152,69,2026-03-10,data_credit,enrichment,325,4944,"{""workflow_run_id"": 1076, ""source"": ""data_provider_or_ai""}"
2153,70,2026-05-09,action,lead_enrichment,2065,4949,"{""workflow_run_id"": 1077, ""source"": ""workflow_execution""}"
2154,70,2026-05-09,data_credit,waterfall,147,4949,"{""workflow_run_id"": 1077, ""source"": ""data_provider_or_ai""}"
2155,70,2026-03-18,action,lead_enrichment,536,4954,"{""workflow_run_id"": 1078, ""source"": ""workflow_execution""}"
2156,70,2026-03-18,data_credit,enrichment,522,4954,"{""workflow_run_id"": 1078, ""source"": ""data_provider_or_ai""}"
2157,70,2026-03-08,action,waterfall_enrichment,2688,4959,"{""workflow_run_id"": 1079, ""source"": ""workflow_execution""}"
2158,70,2026-03-08,data_credit,waterfall,721,4959,"{""workflow_run_id"": 1079, ""source"": ""data_provider_or_ai""}"
2159,70,2026-04-03,action,lead_enrichment,2450,4964,"{""workflow_run_id"": 1080, ""source"": ""workflow_execution""}"
2160,70,2026-04-03,data_credit,waterfall,236,4964,"{""workflow_run_id"": 1080, ""source"": ""data_provider_or_ai""}"
2161,70,2026-05-21,action,personalized_outbound,2898,4969,"{""workflow_run_id"": 1081, ""source"": ""workflow_execution""}"
2162,70,2026-05-21,data_credit,enrichment,732,4969,"{""workflow_run_id"": 1081, ""source"": ""data_provider_or_ai""}"
2163,70,2026-03-08,action,ai_account_research,1621,4974,"{""workflow_run_id"": 1082, ""source"": ""workflow_execution""}"
2164,70,2026-03-08,data_credit,ai_research,548,4974,"{""workflow_run_id"": 1082, ""source"": ""data_provider_or_ai""}"
2165,70,2026-04-27,action,waterfall_enrichment,385,4979,"{""workflow_run_id"": 1083, ""source"": ""workflow_execution""}"
2166,70,2026-04-27,data_credit,waterfall,634,4979,"{""workflow_run_id"": 1083, ""source"": ""data_provider_or_ai""}"
2167,70,2026-03-17,action,lead_enrichment,1566,4984,"{""workflow_run_id"": 1084, ""source"": ""workflow_execution""}"
2168,70,2026-03-17,data_credit,enrichment,284,4984,"{""workflow_run_id"": 1084, ""source"": ""data_provider_or_ai""}"
2169,70,2026-03-20,action,crm_sync,2949,4989,"{""workflow_run_id"": 1085, ""source"": ""workflow_execution""}"
2170,70,2026-03-20,data_credit,ai_research,697,4989,"{""workflow_run_id"": 1085, ""source"": ""data_provider_or_ai""}"
2171,70,2026-04-09,action,personalized_outbound,1740,4994,"{""workflow_run_id"": 1086, ""source"": ""workflow_execution""}"
2172,70,2026-04-09,data_credit,enrichment,540,4994,"{""workflow_run_id"": 1086, ""source"": ""data_provider_or_ai""}"
2173,70,2026-03-02,action,personalized_outbound,643,4999,"{""workflow_run_id"": 1087, ""source"": ""workflow_execution""}"
2174,70,2026-03-02,data_credit,enrichment,686,4999,"{""workflow_run_id"": 1087, ""source"": ""data_provider_or_ai""}"
2175,70,2026-05-15,action,crm_sync,1199,5004,"{""workflow_run_id"": 1088, ""source"": ""workflow_execution""}"
2176,70,2026-05-15,data_credit,ai_research,192,5004,"{""workflow_run_id"": 1088, ""source"": ""data_provider_or_ai""}"
2177,70,2026-05-03,action,ai_account_research,133,5009,"{""workflow_run_id"": 1089, ""source"": ""workflow_execution""}"
2178,70,2026-05-03,data_credit,waterfall,647,5009,"{""workflow_run_id"": 1089, ""source"": ""data_provider_or_ai""}"
2179,70,2026-03-30,action,crm_sync,411,5014,"{""workflow_run_id"": 1090, ""source"": ""workflow_execution""}"
2180,70,2026-03-30,data_credit,enrichment,703,5014,"{""workflow_run_id"": 1090, ""source"": ""data_provider_or_ai""}"
2181,70,2026-02-25,action,waterfall_enrichment,2434,5019,"{""workflow_run_id"": 1091, ""source"": ""workflow_execution""}"
2182,70,2026-02-25,data_credit,enrichment,375,5019,"{""workflow_run_id"": 1091, ""source"": ""data_provider_or_ai""}"
2183,70,2026-03-23,action,personalized_outbound,2777,5024,"{""workflow_run_id"": 1092, ""source"": ""workflow_execution""}"
2184,70,2026-03-23,data_credit,enrichment,666,5024,"{""workflow_run_id"": 1092, ""source"": ""data_provider_or_ai""}"
2185,70,2026-03-31,action,ai_account_research,252,5029,"{""workflow_run_id"": 1093, ""source"": ""workflow_execution""}"
2186,70,2026-03-31,data_credit,ai_research,539,5029,"{""workflow_run_id"": 1093, ""source"": ""data_provider_or_ai""}"
2187,70,2026-04-09,action,crm_sync,768,5034,"{""workflow_run_id"": 1094, ""source"": ""workflow_execution""}"
2188,70,2026-04-09,data_credit,waterfall,797,5034,"{""workflow_run_id"": 1094, ""source"": ""data_provider_or_ai""}"
2189,70,2026-05-14,action,personalized_outbound,2511,5037,"{""workflow_run_id"": 1095, ""source"": ""workflow_execution""}"
2190,70,2026-05-14,data_credit,ai_research,368,5037,"{""workflow_run_id"": 1095, ""source"": ""data_provider_or_ai""}"
2191,70,2026-03-11,action,waterfall_enrichment,448,5042,"{""workflow_run_id"": 1096, ""source"": ""workflow_execution""}"
2192,70,2026-03-11,data_credit,waterfall,287,5042,"{""workflow_run_id"": 1096, ""source"": ""data_provider_or_ai""}"
2193,70,2026-04-19,action,ai_account_research,2812,5047,"{""workflow_run_id"": 1097, ""source"": ""workflow_execution""}"
2194,70,2026-04-19,data_credit,ai_research,319,5047,"{""workflow_run_id"": 1097, ""source"": ""data_provider_or_ai""}"
2195,70,2026-05-05,action,ai_account_research,2084,5052,"{""workflow_run_id"": 1098, ""source"": ""workflow_execution""}"
2196,70,2026-05-05,data_credit,ai_research,371,5052,"{""workflow_run_id"": 1098, ""source"": ""data_provider_or_ai""}"
2197,70,2026-02-27,action,crm_sync,1425,5057,"{""workflow_run_id"": 1099, ""source"": ""workflow_execution""}"
2198,70,2026-02-27,data_credit,ai_research,742,5057,"{""workflow_run_id"": 1099, ""source"": ""data_provider_or_ai""}"
2199,70,2026-04-17,action,waterfall_enrichment,1536,5062,"{""workflow_run_id"": 1100, ""source"": ""workflow_execution""}"
2200,70,2026-04-17,data_credit,enrichment,246,5062,"{""workflow_run_id"": 1100, ""source"": ""data_provider_or_ai""}"
2201,70,2026-03-04,action,ai_account_research,1982,5067,"{""workflow_run_id"": 1101, ""source"": ""workflow_execution""}"
2202,70,2026-03-04,data_credit,waterfall,378,5067,"{""workflow_run_id"": 1101, ""source"": ""data_provider_or_ai""}"
2203,70,2026-04-11,action,ai_account_research,1101,5072,"{""workflow_run_id"": 1102, ""source"": ""workflow_execution""}"
2204,70,2026-04-11,data_credit,enrichment,258,5072,"{""workflow_run_id"": 1102, ""source"": ""data_provider_or_ai""}"
2205,70,2026-05-01,action,ai_account_research,1334,5077,"{""workflow_run_id"": 1103, ""source"": ""workflow_execution""}"
2206,70,2026-05-01,data_credit,ai_research,306,5077,"{""workflow_run_id"": 1103, ""source"": ""data_provider_or_ai""}"
2207,70,2026-04-22,action,ai_account_research,2611,5082,"{""workflow_run_id"": 1104, ""source"": ""workflow_execution""}"
2208,70,2026-04-22,data_credit,waterfall,299,5082,"{""workflow_run_id"": 1104, ""source"": ""data_provider_or_ai""}"
2209,71,2026-05-04,action,lead_enrichment,1506,5087,"{""workflow_run_id"": 1105, ""source"": ""workflow_execution""}"
2210,71,2026-05-04,data_credit,waterfall,270,5087,"{""workflow_run_id"": 1105, ""source"": ""data_provider_or_ai""}"
2211,71,2026-05-20,action,crm_sync,1826,5092,"{""workflow_run_id"": 1106, ""source"": ""workflow_execution""}"
2212,71,2026-05-20,data_credit,enrichment,99,5092,"{""workflow_run_id"": 1106, ""source"": ""data_provider_or_ai""}"
2213,71,2026-06-23,action,personalized_outbound,2026,5097,"{""workflow_run_id"": 1107, ""source"": ""workflow_execution""}"
2214,71,2026-06-23,data_credit,ai_research,479,5097,"{""workflow_run_id"": 1107, ""source"": ""data_provider_or_ai""}"
2215,71,2026-04-19,action,waterfall_enrichment,2729,5102,"{""workflow_run_id"": 1108, ""source"": ""workflow_execution""}"
2216,71,2026-04-19,data_credit,enrichment,653,5102,"{""workflow_run_id"": 1108, ""source"": ""data_provider_or_ai""}"
2217,71,2026-05-13,action,ai_account_research,324,5107,"{""workflow_run_id"": 1109, ""source"": ""workflow_execution""}"
2218,71,2026-05-13,data_credit,enrichment,383,5107,"{""workflow_run_id"": 1109, ""source"": ""data_provider_or_ai""}"
2219,71,2026-05-05,action,waterfall_enrichment,786,5112,"{""workflow_run_id"": 1110, ""source"": ""workflow_execution""}"
2220,71,2026-05-05,data_credit,ai_research,287,5112,"{""workflow_run_id"": 1110, ""source"": ""data_provider_or_ai""}"
2221,71,2026-05-16,action,ai_account_research,2300,5117,"{""workflow_run_id"": 1111, ""source"": ""workflow_execution""}"
2222,71,2026-05-16,data_credit,waterfall,785,5117,"{""workflow_run_id"": 1111, ""source"": ""data_provider_or_ai""}"
2223,71,2026-07-06,action,waterfall_enrichment,1403,5122,"{""workflow_run_id"": 1112, ""source"": ""workflow_execution""}"
2224,71,2026-07-06,data_credit,enrichment,567,5122,"{""workflow_run_id"": 1112, ""source"": ""data_provider_or_ai""}"
2225,71,2026-05-22,action,personalized_outbound,1987,5125,"{""workflow_run_id"": 1113, ""source"": ""workflow_execution""}"
2226,71,2026-05-22,data_credit,waterfall,373,5125,"{""workflow_run_id"": 1113, ""source"": ""data_provider_or_ai""}"
2227,71,2026-04-30,action,lead_enrichment,1677,5130,"{""workflow_run_id"": 1114, ""source"": ""workflow_execution""}"
2228,71,2026-04-30,data_credit,ai_research,213,5130,"{""workflow_run_id"": 1114, ""source"": ""data_provider_or_ai""}"
2229,71,2026-04-24,action,ai_account_research,1387,5135,"{""workflow_run_id"": 1115, ""source"": ""workflow_execution""}"
2230,71,2026-04-24,data_credit,ai_research,178,5135,"{""workflow_run_id"": 1115, ""source"": ""data_provider_or_ai""}"
2231,71,2026-05-02,action,lead_enrichment,1315,5140,"{""workflow_run_id"": 1116, ""source"": ""workflow_execution""}"
2232,71,2026-05-02,data_credit,ai_research,30,5140,"{""workflow_run_id"": 1116, ""source"": ""data_provider_or_ai""}"
2233,71,2026-06-03,action,lead_enrichment,2547,5145,"{""workflow_run_id"": 1117, ""source"": ""workflow_execution""}"
2234,71,2026-06-03,data_credit,enrichment,625,5145,"{""workflow_run_id"": 1117, ""source"": ""data_provider_or_ai""}"
2235,71,2026-04-26,action,personalized_outbound,528,5148,"{""workflow_run_id"": 1118, ""source"": ""workflow_execution""}"
2236,71,2026-04-26,data_credit,waterfall,731,5148,"{""workflow_run_id"": 1118, ""source"": ""data_provider_or_ai""}"
2237,71,2026-05-26,action,personalized_outbound,615,5153,"{""workflow_run_id"": 1119, ""source"": ""workflow_execution""}"
2238,71,2026-05-26,data_credit,waterfall,175,5153,"{""workflow_run_id"": 1119, ""source"": ""data_provider_or_ai""}"
2239,71,2026-04-18,action,crm_sync,2116,5158,"{""workflow_run_id"": 1120, ""source"": ""workflow_execution""}"
2240,71,2026-04-18,data_credit,enrichment,152,5158,"{""workflow_run_id"": 1120, ""source"": ""data_provider_or_ai""}"
2241,71,2026-06-17,action,ai_account_research,461,5163,"{""workflow_run_id"": 1121, ""source"": ""workflow_execution""}"
2242,71,2026-06-17,data_credit,ai_research,322,5163,"{""workflow_run_id"": 1121, ""source"": ""data_provider_or_ai""}"
2243,71,2026-05-01,action,lead_enrichment,1947,5168,"{""workflow_run_id"": 1122, ""source"": ""workflow_execution""}"
2244,71,2026-05-01,data_credit,waterfall,428,5168,"{""workflow_run_id"": 1122, ""source"": ""data_provider_or_ai""}"
2245,71,2026-06-24,action,personalized_outbound,2389,5173,"{""workflow_run_id"": 1123, ""source"": ""workflow_execution""}"
2246,71,2026-06-24,data_credit,waterfall,523,5173,"{""workflow_run_id"": 1123, ""source"": ""data_provider_or_ai""}"
2247,71,2026-06-12,action,waterfall_enrichment,461,5178,"{""workflow_run_id"": 1124, ""source"": ""workflow_execution""}"
2248,71,2026-06-12,data_credit,waterfall,120,5178,"{""workflow_run_id"": 1124, ""source"": ""data_provider_or_ai""}"
2249,71,2026-05-02,action,crm_sync,2234,5183,"{""workflow_run_id"": 1125, ""source"": ""workflow_execution""}"
2250,71,2026-05-02,data_credit,ai_research,620,5183,"{""workflow_run_id"": 1125, ""source"": ""data_provider_or_ai""}"
2251,71,2026-05-09,action,personalized_outbound,2042,5188,"{""workflow_run_id"": 1126, ""source"": ""workflow_execution""}"
2252,71,2026-05-09,data_credit,waterfall,240,5188,"{""workflow_run_id"": 1126, ""source"": ""data_provider_or_ai""}"
2253,71,2026-04-15,action,ai_account_research,2252,5193,"{""workflow_run_id"": 1127, ""source"": ""workflow_execution""}"
2254,71,2026-04-15,data_credit,waterfall,188,5193,"{""workflow_run_id"": 1127, ""source"": ""data_provider_or_ai""}"
2255,71,2026-06-15,action,lead_enrichment,1426,5198,"{""workflow_run_id"": 1128, ""source"": ""workflow_execution""}"
2256,71,2026-06-15,data_credit,enrichment,584,5198,"{""workflow_run_id"": 1128, ""source"": ""data_provider_or_ai""}"
2257,71,2026-06-08,action,personalized_outbound,2967,5203,"{""workflow_run_id"": 1129, ""source"": ""workflow_execution""}"
2258,71,2026-06-08,data_credit,ai_research,657,5203,"{""workflow_run_id"": 1129, ""source"": ""data_provider_or_ai""}"
2259,71,2026-05-13,action,crm_sync,1017,5208,"{""workflow_run_id"": 1130, ""source"": ""workflow_execution""}"
2260,71,2026-05-13,data_credit,waterfall,294,5208,"{""workflow_run_id"": 1130, ""source"": ""data_provider_or_ai""}"
2261,71,2026-05-30,action,lead_enrichment,551,5213,"{""workflow_run_id"": 1131, ""source"": ""workflow_execution""}"
2262,71,2026-05-30,data_credit,enrichment,425,5213,"{""workflow_run_id"": 1131, ""source"": ""data_provider_or_ai""}"
2263,71,2026-04-12,action,crm_sync,1662,5218,"{""workflow_run_id"": 1132, ""source"": ""workflow_execution""}"
2264,71,2026-04-12,data_credit,waterfall,440,5218,"{""workflow_run_id"": 1132, ""source"": ""data_provider_or_ai""}"
2265,71,2026-04-14,action,crm_sync,1091,5223,"{""workflow_run_id"": 1133, ""source"": ""workflow_execution""}"
2266,71,2026-04-14,data_credit,waterfall,403,5223,"{""workflow_run_id"": 1133, ""source"": ""data_provider_or_ai""}"
2267,71,2026-05-29,action,waterfall_enrichment,1750,5226,"{""workflow_run_id"": 1134, ""source"": ""workflow_execution""}"
2268,71,2026-05-29,data_credit,waterfall,668,5226,"{""workflow_run_id"": 1134, ""source"": ""data_provider_or_ai""}"
2269,71,2026-04-25,action,crm_sync,1529,5231,"{""workflow_run_id"": 1135, ""source"": ""workflow_execution""}"
2270,71,2026-04-25,data_credit,ai_research,438,5231,"{""workflow_run_id"": 1135, ""source"": ""data_provider_or_ai""}"
2271,71,2026-06-27,action,personalized_outbound,2348,5236,"{""workflow_run_id"": 1136, ""source"": ""workflow_execution""}"
2272,71,2026-06-27,data_credit,enrichment,162,5236,"{""workflow_run_id"": 1136, ""source"": ""data_provider_or_ai""}"
2273,71,2026-04-28,action,crm_sync,1634,5241,"{""workflow_run_id"": 1137, ""source"": ""workflow_execution""}"
2274,71,2026-04-28,data_credit,enrichment,399,5241,"{""workflow_run_id"": 1137, ""source"": ""data_provider_or_ai""}"
2275,72,2026-04-11,action,personalized_outbound,1464,5246,"{""workflow_run_id"": 1138, ""source"": ""workflow_execution""}"
2276,72,2026-04-11,data_credit,ai_research,678,5246,"{""workflow_run_id"": 1138, ""source"": ""data_provider_or_ai""}"
2277,72,2026-04-27,action,crm_sync,1503,5249,"{""workflow_run_id"": 1139, ""source"": ""workflow_execution""}"
2278,72,2026-04-27,data_credit,waterfall,296,5249,"{""workflow_run_id"": 1139, ""source"": ""data_provider_or_ai""}"
2279,73,2026-05-09,action,crm_sync,2377,5252,"{""workflow_run_id"": 1140, ""source"": ""workflow_execution""}"
2280,73,2026-05-09,data_credit,waterfall,377,5252,"{""workflow_run_id"": 1140, ""source"": ""data_provider_or_ai""}"
2281,73,2026-03-27,action,lead_enrichment,179,5257,"{""workflow_run_id"": 1141, ""source"": ""workflow_execution""}"
2282,73,2026-03-27,data_credit,ai_research,99,5257,"{""workflow_run_id"": 1141, ""source"": ""data_provider_or_ai""}"
2283,73,2026-03-31,action,lead_enrichment,2872,5262,"{""workflow_run_id"": 1142, ""source"": ""workflow_execution""}"
2284,73,2026-03-31,data_credit,ai_research,275,5262,"{""workflow_run_id"": 1142, ""source"": ""data_provider_or_ai""}"
2285,73,2026-03-12,action,ai_account_research,1514,5267,"{""workflow_run_id"": 1143, ""source"": ""workflow_execution""}"
2286,73,2026-03-12,data_credit,enrichment,129,5267,"{""workflow_run_id"": 1143, ""source"": ""data_provider_or_ai""}"
2287,73,2026-05-04,action,ai_account_research,2981,5272,"{""workflow_run_id"": 1144, ""source"": ""workflow_execution""}"
2288,73,2026-05-04,data_credit,enrichment,703,5272,"{""workflow_run_id"": 1144, ""source"": ""data_provider_or_ai""}"
2289,73,2026-05-11,action,ai_account_research,2242,5275,"{""workflow_run_id"": 1145, ""source"": ""workflow_execution""}"
2290,73,2026-05-11,data_credit,ai_research,419,5275,"{""workflow_run_id"": 1145, ""source"": ""data_provider_or_ai""}"
2291,73,2026-04-30,action,ai_account_research,2677,5280,"{""workflow_run_id"": 1146, ""source"": ""workflow_execution""}"
2292,73,2026-04-30,data_credit,ai_research,664,5280,"{""workflow_run_id"": 1146, ""source"": ""data_provider_or_ai""}"
2293,73,2026-04-04,action,ai_account_research,2193,5285,"{""workflow_run_id"": 1147, ""source"": ""workflow_execution""}"
2294,73,2026-04-04,data_credit,waterfall,38,5285,"{""workflow_run_id"": 1147, ""source"": ""data_provider_or_ai""}"
2295,73,2026-03-30,action,personalized_outbound,214,5290,"{""workflow_run_id"": 1148, ""source"": ""workflow_execution""}"
2296,73,2026-03-30,data_credit,ai_research,96,5290,"{""workflow_run_id"": 1148, ""source"": ""data_provider_or_ai""}"
2297,74,2026-05-06,action,lead_enrichment,547,5293,"{""workflow_run_id"": 1149, ""source"": ""workflow_execution""}"
2298,74,2026-05-06,data_credit,waterfall,622,5293,"{""workflow_run_id"": 1149, ""source"": ""data_provider_or_ai""}"
2299,74,2026-03-06,action,ai_account_research,1039,5298,"{""workflow_run_id"": 1150, ""source"": ""workflow_execution""}"
2300,74,2026-03-06,data_credit,enrichment,325,5298,"{""workflow_run_id"": 1150, ""source"": ""data_provider_or_ai""}"
2301,74,2026-04-08,action,lead_enrichment,1726,5301,"{""workflow_run_id"": 1151, ""source"": ""workflow_execution""}"
2302,74,2026-04-08,data_credit,enrichment,577,5301,"{""workflow_run_id"": 1151, ""source"": ""data_provider_or_ai""}"
2303,74,2026-05-09,action,lead_enrichment,803,5304,"{""workflow_run_id"": 1152, ""source"": ""workflow_execution""}"
2304,74,2026-05-09,data_credit,enrichment,431,5304,"{""workflow_run_id"": 1152, ""source"": ""data_provider_or_ai""}"
2305,74,2026-03-13,action,personalized_outbound,1320,5309,"{""workflow_run_id"": 1153, ""source"": ""workflow_execution""}"
2306,74,2026-03-13,data_credit,waterfall,216,5309,"{""workflow_run_id"": 1153, ""source"": ""data_provider_or_ai""}"
2307,74,2026-05-14,action,waterfall_enrichment,292,5314,"{""workflow_run_id"": 1154, ""source"": ""workflow_execution""}"
2308,74,2026-05-14,data_credit,enrichment,110,5314,"{""workflow_run_id"": 1154, ""source"": ""data_provider_or_ai""}"
2309,74,2026-05-04,action,personalized_outbound,2118,5319,"{""workflow_run_id"": 1155, ""source"": ""workflow_execution""}"
2310,74,2026-05-04,data_credit,enrichment,524,5319,"{""workflow_run_id"": 1155, ""source"": ""data_provider_or_ai""}"
2311,75,2026-06-01,action,ai_account_research,576,5324,"{""workflow_run_id"": 1156, ""source"": ""workflow_execution""}"
2312,75,2026-06-01,data_credit,ai_research,20,5324,"{""workflow_run_id"": 1156, ""source"": ""data_provider_or_ai""}"
2313,75,2026-05-26,action,lead_enrichment,2081,5327,"{""workflow_run_id"": 1157, ""source"": ""workflow_execution""}"
2314,75,2026-05-26,data_credit,ai_research,72,5327,"{""workflow_run_id"": 1157, ""source"": ""data_provider_or_ai""}"
2315,75,2026-06-02,action,crm_sync,1356,5330,"{""workflow_run_id"": 1158, ""source"": ""workflow_execution""}"
2316,75,2026-06-02,data_credit,ai_research,480,5330,"{""workflow_run_id"": 1158, ""source"": ""data_provider_or_ai""}"
2317,75,2026-04-24,action,waterfall_enrichment,2886,5335,"{""workflow_run_id"": 1159, ""source"": ""workflow_execution""}"
2318,75,2026-04-24,data_credit,enrichment,45,5335,"{""workflow_run_id"": 1159, ""source"": ""data_provider_or_ai""}"
2319,75,2026-05-31,action,crm_sync,238,5340,"{""workflow_run_id"": 1160, ""source"": ""workflow_execution""}"
2320,75,2026-05-31,data_credit,ai_research,659,5340,"{""workflow_run_id"": 1160, ""source"": ""data_provider_or_ai""}"
2321,75,2026-05-13,action,personalized_outbound,604,5345,"{""workflow_run_id"": 1161, ""source"": ""workflow_execution""}"
2322,75,2026-05-13,data_credit,waterfall,153,5345,"{""workflow_run_id"": 1161, ""source"": ""data_provider_or_ai""}"
2323,75,2026-06-02,action,lead_enrichment,1652,5350,"{""workflow_run_id"": 1162, ""source"": ""workflow_execution""}"
2324,75,2026-06-02,data_credit,ai_research,43,5350,"{""workflow_run_id"": 1162, ""source"": ""data_provider_or_ai""}"
2325,75,2026-03-21,action,waterfall_enrichment,1185,5353,"{""workflow_run_id"": 1163, ""source"": ""workflow_execution""}"
2326,75,2026-03-21,data_credit,waterfall,279,5353,"{""workflow_run_id"": 1163, ""source"": ""data_provider_or_ai""}"
2327,75,2026-05-28,action,waterfall_enrichment,126,5358,"{""workflow_run_id"": 1164, ""source"": ""workflow_execution""}"
2328,75,2026-05-28,data_credit,enrichment,351,5358,"{""workflow_run_id"": 1164, ""source"": ""data_provider_or_ai""}"
2329,75,2026-05-13,action,crm_sync,1798,5361,"{""workflow_run_id"": 1165, ""source"": ""workflow_execution""}"
2330,75,2026-05-13,data_credit,waterfall,233,5361,"{""workflow_run_id"": 1165, ""source"": ""data_provider_or_ai""}"
2331,75,2026-05-30,action,waterfall_enrichment,1774,5366,"{""workflow_run_id"": 1166, ""source"": ""workflow_execution""}"
2332,75,2026-05-30,data_credit,waterfall,197,5366,"{""workflow_run_id"": 1166, ""source"": ""data_provider_or_ai""}"
2333,75,2026-04-01,action,personalized_outbound,421,5369,"{""workflow_run_id"": 1167, ""source"": ""workflow_execution""}"
2334,75,2026-04-01,data_credit,enrichment,738,5369,"{""workflow_run_id"": 1167, ""source"": ""data_provider_or_ai""}"
2335,75,2026-04-09,action,crm_sync,1318,5374,"{""workflow_run_id"": 1168, ""source"": ""workflow_execution""}"
2336,75,2026-04-09,data_credit,ai_research,395,5374,"{""workflow_run_id"": 1168, ""source"": ""data_provider_or_ai""}"
2337,75,2026-03-26,action,waterfall_enrichment,2889,5379,"{""workflow_run_id"": 1169, ""source"": ""workflow_execution""}"
2338,75,2026-03-26,data_credit,waterfall,716,5379,"{""workflow_run_id"": 1169, ""source"": ""data_provider_or_ai""}"
2339,75,2026-05-14,action,lead_enrichment,1074,5384,"{""workflow_run_id"": 1170, ""source"": ""workflow_execution""}"
2340,75,2026-05-14,data_credit,waterfall,725,5384,"{""workflow_run_id"": 1170, ""source"": ""data_provider_or_ai""}"
2341,75,2026-04-14,action,lead_enrichment,2148,5389,"{""workflow_run_id"": 1171, ""source"": ""workflow_execution""}"
2342,75,2026-04-14,data_credit,enrichment,740,5389,"{""workflow_run_id"": 1171, ""source"": ""data_provider_or_ai""}"
2343,75,2026-06-05,action,lead_enrichment,617,5394,"{""workflow_run_id"": 1172, ""source"": ""workflow_execution""}"
2344,75,2026-06-05,data_credit,enrichment,263,5394,"{""workflow_run_id"": 1172, ""source"": ""data_provider_or_ai""}"
2345,76,2026-02-20,action,waterfall_enrichment,1994,5397,"{""workflow_run_id"": 1173, ""source"": ""workflow_execution""}"
2346,76,2026-02-20,data_credit,ai_research,551,5397,"{""workflow_run_id"": 1173, ""source"": ""data_provider_or_ai""}"
2347,76,2026-02-19,action,waterfall_enrichment,176,5400,"{""workflow_run_id"": 1174, ""source"": ""workflow_execution""}"
2348,76,2026-02-19,data_credit,ai_research,676,5400,"{""workflow_run_id"": 1174, ""source"": ""data_provider_or_ai""}"
2349,77,2026-04-11,action,crm_sync,746,5405,"{""workflow_run_id"": 1175, ""source"": ""workflow_execution""}"
2350,77,2026-04-11,data_credit,waterfall,609,5405,"{""workflow_run_id"": 1175, ""source"": ""data_provider_or_ai""}"
2351,77,2026-06-23,action,crm_sync,143,5408,"{""workflow_run_id"": 1176, ""source"": ""workflow_execution""}"
2352,77,2026-06-23,data_credit,waterfall,63,5408,"{""workflow_run_id"": 1176, ""source"": ""data_provider_or_ai""}"
2353,77,2026-04-28,action,lead_enrichment,821,5413,"{""workflow_run_id"": 1177, ""source"": ""workflow_execution""}"
2354,77,2026-04-28,data_credit,enrichment,676,5413,"{""workflow_run_id"": 1177, ""source"": ""data_provider_or_ai""}"
2355,77,2026-04-18,action,personalized_outbound,968,5418,"{""workflow_run_id"": 1178, ""source"": ""workflow_execution""}"
2356,77,2026-04-18,data_credit,waterfall,777,5418,"{""workflow_run_id"": 1178, ""source"": ""data_provider_or_ai""}"
2357,77,2026-06-17,action,crm_sync,1494,5423,"{""workflow_run_id"": 1179, ""source"": ""workflow_execution""}"
2358,77,2026-06-17,data_credit,waterfall,274,5423,"{""workflow_run_id"": 1179, ""source"": ""data_provider_or_ai""}"
2359,77,2026-06-28,action,ai_account_research,1978,5428,"{""workflow_run_id"": 1180, ""source"": ""workflow_execution""}"
2360,77,2026-06-28,data_credit,enrichment,181,5428,"{""workflow_run_id"": 1180, ""source"": ""data_provider_or_ai""}"
2361,77,2026-05-03,action,crm_sync,1428,5433,"{""workflow_run_id"": 1181, ""source"": ""workflow_execution""}"
2362,77,2026-05-03,data_credit,ai_research,567,5433,"{""workflow_run_id"": 1181, ""source"": ""data_provider_or_ai""}"
2363,77,2026-04-09,action,crm_sync,2191,5438,"{""workflow_run_id"": 1182, ""source"": ""workflow_execution""}"
2364,77,2026-04-09,data_credit,ai_research,56,5438,"{""workflow_run_id"": 1182, ""source"": ""data_provider_or_ai""}"
2365,77,2026-06-08,action,ai_account_research,2132,5443,"{""workflow_run_id"": 1183, ""source"": ""workflow_execution""}"
2366,77,2026-06-08,data_credit,ai_research,144,5443,"{""workflow_run_id"": 1183, ""source"": ""data_provider_or_ai""}"
2367,77,2026-05-28,action,personalized_outbound,399,5448,"{""workflow_run_id"": 1184, ""source"": ""workflow_execution""}"
2368,77,2026-05-28,data_credit,enrichment,340,5448,"{""workflow_run_id"": 1184, ""source"": ""data_provider_or_ai""}"
2369,78,2026-05-23,action,lead_enrichment,566,5453,"{""workflow_run_id"": 1185, ""source"": ""workflow_execution""}"
2370,78,2026-05-23,data_credit,waterfall,437,5453,"{""workflow_run_id"": 1185, ""source"": ""data_provider_or_ai""}"
2371,78,2026-05-30,action,crm_sync,107,5458,"{""workflow_run_id"": 1186, ""source"": ""workflow_execution""}"
2372,78,2026-05-30,data_credit,waterfall,761,5458,"{""workflow_run_id"": 1186, ""source"": ""data_provider_or_ai""}"
2373,78,2026-06-09,action,crm_sync,2231,5463,"{""workflow_run_id"": 1187, ""source"": ""workflow_execution""}"
2374,78,2026-06-09,data_credit,waterfall,798,5463,"{""workflow_run_id"": 1187, ""source"": ""data_provider_or_ai""}"
2375,78,2026-06-13,action,crm_sync,2112,5466,"{""workflow_run_id"": 1188, ""source"": ""workflow_execution""}"
2376,78,2026-06-13,data_credit,enrichment,123,5466,"{""workflow_run_id"": 1188, ""source"": ""data_provider_or_ai""}"
2377,78,2026-05-24,action,lead_enrichment,2023,5471,"{""workflow_run_id"": 1189, ""source"": ""workflow_execution""}"
2378,78,2026-05-24,data_credit,ai_research,740,5471,"{""workflow_run_id"": 1189, ""source"": ""data_provider_or_ai""}"
2379,78,2026-05-31,action,ai_account_research,1635,5476,"{""workflow_run_id"": 1190, ""source"": ""workflow_execution""}"
2380,78,2026-05-31,data_credit,ai_research,317,5476,"{""workflow_run_id"": 1190, ""source"": ""data_provider_or_ai""}"
2381,78,2026-05-11,action,crm_sync,978,5481,"{""workflow_run_id"": 1191, ""source"": ""workflow_execution""}"
2382,78,2026-05-11,data_credit,enrichment,33,5481,"{""workflow_run_id"": 1191, ""source"": ""data_provider_or_ai""}"
2383,78,2026-05-06,action,lead_enrichment,1792,5486,"{""workflow_run_id"": 1192, ""source"": ""workflow_execution""}"
2384,78,2026-05-06,data_credit,ai_research,792,5486,"{""workflow_run_id"": 1192, ""source"": ""data_provider_or_ai""}"
2385,78,2026-04-19,action,ai_account_research,1665,5491,"{""workflow_run_id"": 1193, ""source"": ""workflow_execution""}"
2386,78,2026-04-19,data_credit,ai_research,781,5491,"{""workflow_run_id"": 1193, ""source"": ""data_provider_or_ai""}"
2387,78,2026-05-27,action,lead_enrichment,1479,5494,"{""workflow_run_id"": 1194, ""source"": ""workflow_execution""}"
2388,78,2026-05-27,data_credit,ai_research,91,5494,"{""workflow_run_id"": 1194, ""source"": ""data_provider_or_ai""}"
2389,79,2026-03-23,action,crm_sync,270,5497,"{""workflow_run_id"": 1195, ""source"": ""workflow_execution""}"
2390,79,2026-03-23,data_credit,enrichment,251,5497,"{""workflow_run_id"": 1195, ""source"": ""data_provider_or_ai""}"
2391,80,2026-04-17,action,ai_account_research,1944,5502,"{""workflow_run_id"": 1196, ""source"": ""workflow_execution""}"
2392,80,2026-04-17,data_credit,waterfall,59,5502,"{""workflow_run_id"": 1196, ""source"": ""data_provider_or_ai""}"
2393,80,2026-04-30,action,crm_sync,1389,5507,"{""workflow_run_id"": 1197, ""source"": ""workflow_execution""}"
2394,80,2026-04-30,data_credit,enrichment,505,5507,"{""workflow_run_id"": 1197, ""source"": ""data_provider_or_ai""}"
2395,80,2026-04-03,action,waterfall_enrichment,2592,5512,"{""workflow_run_id"": 1198, ""source"": ""workflow_execution""}"
2396,80,2026-04-03,data_credit,waterfall,129,5512,"{""workflow_run_id"": 1198, ""source"": ""data_provider_or_ai""}"
2397,80,2026-04-13,action,personalized_outbound,1724,5517,"{""workflow_run_id"": 1199, ""source"": ""workflow_execution""}"
2398,80,2026-04-13,data_credit,enrichment,267,5517,"{""workflow_run_id"": 1199, ""source"": ""data_provider_or_ai""}"
2399,80,2026-06-10,action,lead_enrichment,2234,5522,"{""workflow_run_id"": 1200, ""source"": ""workflow_execution""}"
2400,80,2026-06-10,data_credit,ai_research,429,5522,"{""workflow_run_id"": 1200, ""source"": ""data_provider_or_ai""}"
2401,80,2026-05-30,action,waterfall_enrichment,1369,5525,"{""workflow_run_id"": 1201, ""source"": ""workflow_execution""}"
2402,80,2026-05-30,data_credit,enrichment,629,5525,"{""workflow_run_id"": 1201, ""source"": ""data_provider_or_ai""}"
2403,80,2026-04-09,action,lead_enrichment,1031,5528,"{""workflow_run_id"": 1202, ""source"": ""workflow_execution""}"
2404,80,2026-04-09,data_credit,enrichment,257,5528,"{""workflow_run_id"": 1202, ""source"": ""data_provider_or_ai""}"
2405,80,2026-06-08,action,personalized_outbound,1059,5533,"{""workflow_run_id"": 1203, ""source"": ""workflow_execution""}"
2406,80,2026-06-08,data_credit,enrichment,388,5533,"{""workflow_run_id"": 1203, ""source"": ""data_provider_or_ai""}"
2407,80,2026-03-15,action,lead_enrichment,2426,5536,"{""workflow_run_id"": 1204, ""source"": ""workflow_execution""}"
2408,80,2026-03-15,data_credit,ai_research,330,5536,"{""workflow_run_id"": 1204, ""source"": ""data_provider_or_ai""}"
2409,81,2026-02-17,action,personalized_outbound,1488,5539,"{""workflow_run_id"": 1205, ""source"": ""workflow_execution""}"
2410,81,2026-02-17,data_credit,ai_research,45,5539,"{""workflow_run_id"": 1205, ""source"": ""data_provider_or_ai""}"
2411,81,2026-05-02,action,personalized_outbound,2090,5544,"{""workflow_run_id"": 1206, ""source"": ""workflow_execution""}"
2412,81,2026-05-02,data_credit,enrichment,25,5544,"{""workflow_run_id"": 1206, ""source"": ""data_provider_or_ai""}"
2413,81,2026-04-19,action,ai_account_research,2831,5549,"{""workflow_run_id"": 1207, ""source"": ""workflow_execution""}"
2414,81,2026-04-19,data_credit,enrichment,102,5549,"{""workflow_run_id"": 1207, ""source"": ""data_provider_or_ai""}"
2415,81,2026-04-28,action,lead_enrichment,2854,5554,"{""workflow_run_id"": 1208, ""source"": ""workflow_execution""}"
2416,81,2026-04-28,data_credit,waterfall,777,5554,"{""workflow_run_id"": 1208, ""source"": ""data_provider_or_ai""}"
2417,81,2026-04-08,action,ai_account_research,2869,5559,"{""workflow_run_id"": 1209, ""source"": ""workflow_execution""}"
2418,81,2026-04-08,data_credit,waterfall,497,5559,"{""workflow_run_id"": 1209, ""source"": ""data_provider_or_ai""}"
2419,81,2026-03-05,action,crm_sync,2068,5562,"{""workflow_run_id"": 1210, ""source"": ""workflow_execution""}"
2420,81,2026-03-05,data_credit,enrichment,413,5562,"{""workflow_run_id"": 1210, ""source"": ""data_provider_or_ai""}"
2421,81,2026-04-24,action,ai_account_research,2441,5567,"{""workflow_run_id"": 1211, ""source"": ""workflow_execution""}"
2422,81,2026-04-24,data_credit,enrichment,771,5567,"{""workflow_run_id"": 1211, ""source"": ""data_provider_or_ai""}"
2423,81,2026-04-27,action,ai_account_research,1334,5570,"{""workflow_run_id"": 1212, ""source"": ""workflow_execution""}"
2424,81,2026-04-27,data_credit,waterfall,720,5570,"{""workflow_run_id"": 1212, ""source"": ""data_provider_or_ai""}"
2425,81,2026-03-09,action,waterfall_enrichment,448,5573,"{""workflow_run_id"": 1213, ""source"": ""workflow_execution""}"
2426,81,2026-03-09,data_credit,ai_research,361,5573,"{""workflow_run_id"": 1213, ""source"": ""data_provider_or_ai""}"
2427,81,2026-05-02,action,lead_enrichment,576,5578,"{""workflow_run_id"": 1214, ""source"": ""workflow_execution""}"
2428,81,2026-05-02,data_credit,enrichment,442,5578,"{""workflow_run_id"": 1214, ""source"": ""data_provider_or_ai""}"
2429,81,2026-03-24,action,ai_account_research,2564,5583,"{""workflow_run_id"": 1215, ""source"": ""workflow_execution""}"
2430,81,2026-03-24,data_credit,ai_research,387,5583,"{""workflow_run_id"": 1215, ""source"": ""data_provider_or_ai""}"
2431,81,2026-04-17,action,lead_enrichment,994,5586,"{""workflow_run_id"": 1216, ""source"": ""workflow_execution""}"
2432,81,2026-04-17,data_credit,waterfall,747,5586,"{""workflow_run_id"": 1216, ""source"": ""data_provider_or_ai""}"
2433,81,2026-03-28,action,waterfall_enrichment,1135,5589,"{""workflow_run_id"": 1217, ""source"": ""workflow_execution""}"
2434,81,2026-03-28,data_credit,waterfall,672,5589,"{""workflow_run_id"": 1217, ""source"": ""data_provider_or_ai""}"
2435,81,2026-02-19,action,ai_account_research,2331,5594,"{""workflow_run_id"": 1218, ""source"": ""workflow_execution""}"
2436,81,2026-02-19,data_credit,ai_research,501,5594,"{""workflow_run_id"": 1218, ""source"": ""data_provider_or_ai""}"
2437,81,2026-04-29,action,ai_account_research,2920,5599,"{""workflow_run_id"": 1219, ""source"": ""workflow_execution""}"
2438,81,2026-04-29,data_credit,ai_research,570,5599,"{""workflow_run_id"": 1219, ""source"": ""data_provider_or_ai""}"
2439,81,2026-02-18,action,ai_account_research,2720,5604,"{""workflow_run_id"": 1220, ""source"": ""workflow_execution""}"
2440,81,2026-02-18,data_credit,enrichment,301,5604,"{""workflow_run_id"": 1220, ""source"": ""data_provider_or_ai""}"
2441,81,2026-04-01,action,personalized_outbound,1135,5607,"{""workflow_run_id"": 1221, ""source"": ""workflow_execution""}"
2442,81,2026-04-01,data_credit,enrichment,85,5607,"{""workflow_run_id"": 1221, ""source"": ""data_provider_or_ai""}"
2443,81,2026-03-23,action,crm_sync,114,5612,"{""workflow_run_id"": 1222, ""source"": ""workflow_execution""}"
2444,81,2026-03-23,data_credit,enrichment,620,5612,"{""workflow_run_id"": 1222, ""source"": ""data_provider_or_ai""}"
2445,82,2026-04-24,action,crm_sync,1143,5617,"{""workflow_run_id"": 1223, ""source"": ""workflow_execution""}"
2446,82,2026-04-24,data_credit,waterfall,387,5617,"{""workflow_run_id"": 1223, ""source"": ""data_provider_or_ai""}"
2447,82,2026-05-16,action,personalized_outbound,1544,5622,"{""workflow_run_id"": 1224, ""source"": ""workflow_execution""}"
2448,82,2026-05-16,data_credit,ai_research,597,5622,"{""workflow_run_id"": 1224, ""source"": ""data_provider_or_ai""}"
2449,82,2026-05-08,action,personalized_outbound,2350,5627,"{""workflow_run_id"": 1225, ""source"": ""workflow_execution""}"
2450,82,2026-05-08,data_credit,ai_research,603,5627,"{""workflow_run_id"": 1225, ""source"": ""data_provider_or_ai""}"
2451,82,2026-05-19,action,lead_enrichment,2503,5632,"{""workflow_run_id"": 1226, ""source"": ""workflow_execution""}"
2452,82,2026-05-19,data_credit,waterfall,652,5632,"{""workflow_run_id"": 1226, ""source"": ""data_provider_or_ai""}"
2453,82,2026-04-11,action,waterfall_enrichment,299,5637,"{""workflow_run_id"": 1227, ""source"": ""workflow_execution""}"
2454,82,2026-04-11,data_credit,enrichment,245,5637,"{""workflow_run_id"": 1227, ""source"": ""data_provider_or_ai""}"
2455,82,2026-05-18,action,personalized_outbound,2620,5642,"{""workflow_run_id"": 1228, ""source"": ""workflow_execution""}"
2456,82,2026-05-18,data_credit,waterfall,616,5642,"{""workflow_run_id"": 1228, ""source"": ""data_provider_or_ai""}"
2457,82,2026-06-04,action,crm_sync,1161,5647,"{""workflow_run_id"": 1229, ""source"": ""workflow_execution""}"
2458,82,2026-06-04,data_credit,ai_research,275,5647,"{""workflow_run_id"": 1229, ""source"": ""data_provider_or_ai""}"
2459,83,2026-04-12,action,ai_account_research,2152,5650,"{""workflow_run_id"": 1230, ""source"": ""workflow_execution""}"
2460,83,2026-04-12,data_credit,ai_research,349,5650,"{""workflow_run_id"": 1230, ""source"": ""data_provider_or_ai""}"
2461,83,2026-04-09,action,waterfall_enrichment,1384,5653,"{""workflow_run_id"": 1231, ""source"": ""workflow_execution""}"
2462,83,2026-04-09,data_credit,waterfall,731,5653,"{""workflow_run_id"": 1231, ""source"": ""data_provider_or_ai""}"
2463,83,2026-05-20,action,personalized_outbound,1607,5658,"{""workflow_run_id"": 1232, ""source"": ""workflow_execution""}"
2464,83,2026-05-20,data_credit,waterfall,372,5658,"{""workflow_run_id"": 1232, ""source"": ""data_provider_or_ai""}"
2465,83,2026-06-04,action,ai_account_research,2408,5661,"{""workflow_run_id"": 1233, ""source"": ""workflow_execution""}"
2466,83,2026-06-04,data_credit,ai_research,300,5661,"{""workflow_run_id"": 1233, ""source"": ""data_provider_or_ai""}"
2467,83,2026-05-28,action,lead_enrichment,2383,5664,"{""workflow_run_id"": 1234, ""source"": ""workflow_execution""}"
2468,83,2026-05-28,data_credit,ai_research,731,5664,"{""workflow_run_id"": 1234, ""source"": ""data_provider_or_ai""}"
2469,83,2026-05-09,action,crm_sync,2581,5669,"{""workflow_run_id"": 1235, ""source"": ""workflow_execution""}"
2470,83,2026-05-09,data_credit,ai_research,708,5669,"{""workflow_run_id"": 1235, ""source"": ""data_provider_or_ai""}"
2471,83,2026-05-05,action,waterfall_enrichment,2405,5674,"{""workflow_run_id"": 1236, ""source"": ""workflow_execution""}"
2472,83,2026-05-05,data_credit,enrichment,37,5674,"{""workflow_run_id"": 1236, ""source"": ""data_provider_or_ai""}"
2473,83,2026-07-04,action,personalized_outbound,2605,5679,"{""workflow_run_id"": 1237, ""source"": ""workflow_execution""}"
2474,83,2026-07-04,data_credit,ai_research,53,5679,"{""workflow_run_id"": 1237, ""source"": ""data_provider_or_ai""}"
2475,83,2026-06-02,action,ai_account_research,1018,5684,"{""workflow_run_id"": 1238, ""source"": ""workflow_execution""}"
2476,83,2026-06-02,data_credit,ai_research,45,5684,"{""workflow_run_id"": 1238, ""source"": ""data_provider_or_ai""}"
2477,83,2026-04-18,action,waterfall_enrichment,782,5689,"{""workflow_run_id"": 1239, ""source"": ""workflow_execution""}"
2478,83,2026-04-18,data_credit,enrichment,580,5689,"{""workflow_run_id"": 1239, ""source"": ""data_provider_or_ai""}"
2479,83,2026-04-15,action,ai_account_research,737,5694,"{""workflow_run_id"": 1240, ""source"": ""workflow_execution""}"
2480,83,2026-04-15,data_credit,waterfall,731,5694,"{""workflow_run_id"": 1240, ""source"": ""data_provider_or_ai""}"
2481,83,2026-05-10,action,ai_account_research,1958,5697,"{""workflow_run_id"": 1241, ""source"": ""workflow_execution""}"
2482,83,2026-05-10,data_credit,waterfall,176,5697,"{""workflow_run_id"": 1241, ""source"": ""data_provider_or_ai""}"
2483,83,2026-05-17,action,lead_enrichment,2743,5702,"{""workflow_run_id"": 1242, ""source"": ""workflow_execution""}"
2484,83,2026-05-17,data_credit,ai_research,548,5702,"{""workflow_run_id"": 1242, ""source"": ""data_provider_or_ai""}"
2485,83,2026-04-12,action,waterfall_enrichment,604,5707,"{""workflow_run_id"": 1243, ""source"": ""workflow_execution""}"
2486,83,2026-04-12,data_credit,ai_research,198,5707,"{""workflow_run_id"": 1243, ""source"": ""data_provider_or_ai""}"
2487,83,2026-04-25,action,ai_account_research,104,5712,"{""workflow_run_id"": 1244, ""source"": ""workflow_execution""}"
2488,83,2026-04-25,data_credit,waterfall,728,5712,"{""workflow_run_id"": 1244, ""source"": ""data_provider_or_ai""}"
2489,83,2026-07-04,action,lead_enrichment,2754,5717,"{""workflow_run_id"": 1245, ""source"": ""workflow_execution""}"
2490,83,2026-07-04,data_credit,ai_research,320,5717,"{""workflow_run_id"": 1245, ""source"": ""data_provider_or_ai""}"
2491,84,2026-03-10,action,ai_account_research,719,5722,"{""workflow_run_id"": 1246, ""source"": ""workflow_execution""}"
2492,84,2026-03-10,data_credit,waterfall,412,5722,"{""workflow_run_id"": 1246, ""source"": ""data_provider_or_ai""}"
2493,84,2026-05-31,action,crm_sync,1719,5725,"{""workflow_run_id"": 1247, ""source"": ""workflow_execution""}"
2494,84,2026-05-31,data_credit,waterfall,779,5725,"{""workflow_run_id"": 1247, ""source"": ""data_provider_or_ai""}"
2495,84,2026-06-01,action,personalized_outbound,2211,5730,"{""workflow_run_id"": 1248, ""source"": ""workflow_execution""}"
2496,84,2026-06-01,data_credit,enrichment,79,5730,"{""workflow_run_id"": 1248, ""source"": ""data_provider_or_ai""}"
2497,85,2026-05-07,action,personalized_outbound,2789,5735,"{""workflow_run_id"": 1249, ""source"": ""workflow_execution""}"
2498,85,2026-05-07,data_credit,ai_research,448,5735,"{""workflow_run_id"": 1249, ""source"": ""data_provider_or_ai""}"
2499,85,2026-04-04,action,waterfall_enrichment,2027,5738,"{""workflow_run_id"": 1250, ""source"": ""workflow_execution""}"
2500,85,2026-04-04,data_credit,ai_research,719,5738,"{""workflow_run_id"": 1250, ""source"": ""data_provider_or_ai""}"
2501,85,2026-06-01,action,waterfall_enrichment,1174,5741,"{""workflow_run_id"": 1251, ""source"": ""workflow_execution""}"
2502,85,2026-06-01,data_credit,enrichment,460,5741,"{""workflow_run_id"": 1251, ""source"": ""data_provider_or_ai""}"
2503,85,2026-05-13,action,personalized_outbound,383,5744,"{""workflow_run_id"": 1252, ""source"": ""workflow_execution""}"
2504,85,2026-05-13,data_credit,ai_research,261,5744,"{""workflow_run_id"": 1252, ""source"": ""data_provider_or_ai""}"
2505,85,2026-03-16,action,ai_account_research,1306,5747,"{""workflow_run_id"": 1253, ""source"": ""workflow_execution""}"
2506,85,2026-03-16,data_credit,waterfall,510,5747,"{""workflow_run_id"": 1253, ""source"": ""data_provider_or_ai""}"
2507,86,2026-02-22,action,ai_account_research,958,5752,"{""workflow_run_id"": 1254, ""source"": ""workflow_execution""}"
2508,86,2026-02-22,data_credit,waterfall,576,5752,"{""workflow_run_id"": 1254, ""source"": ""data_provider_or_ai""}"
2509,86,2026-01-06,action,ai_account_research,2887,5757,"{""workflow_run_id"": 1255, ""source"": ""workflow_execution""}"
2510,86,2026-01-06,data_credit,enrichment,554,5757,"{""workflow_run_id"": 1255, ""source"": ""data_provider_or_ai""}"
2511,86,2026-02-17,action,ai_account_research,1444,5762,"{""workflow_run_id"": 1256, ""source"": ""workflow_execution""}"
2512,86,2026-02-17,data_credit,enrichment,177,5762,"{""workflow_run_id"": 1256, ""source"": ""data_provider_or_ai""}"
2513,86,2026-02-05,action,ai_account_research,2030,5767,"{""workflow_run_id"": 1257, ""source"": ""workflow_execution""}"
2514,86,2026-02-05,data_credit,waterfall,167,5767,"{""workflow_run_id"": 1257, ""source"": ""data_provider_or_ai""}"
2515,86,2026-03-05,action,lead_enrichment,1189,5772,"{""workflow_run_id"": 1258, ""source"": ""workflow_execution""}"
2516,86,2026-03-05,data_credit,waterfall,673,5772,"{""workflow_run_id"": 1258, ""source"": ""data_provider_or_ai""}"
2517,86,2026-02-18,action,crm_sync,615,5777,"{""workflow_run_id"": 1259, ""source"": ""workflow_execution""}"
2518,86,2026-02-18,data_credit,enrichment,493,5777,"{""workflow_run_id"": 1259, ""source"": ""data_provider_or_ai""}"
2519,86,2026-03-27,action,ai_account_research,1300,5782,"{""workflow_run_id"": 1260, ""source"": ""workflow_execution""}"
2520,86,2026-03-27,data_credit,enrichment,126,5782,"{""workflow_run_id"": 1260, ""source"": ""data_provider_or_ai""}"
2521,86,2026-02-27,action,personalized_outbound,767,5785,"{""workflow_run_id"": 1261, ""source"": ""workflow_execution""}"
2522,86,2026-02-27,data_credit,waterfall,310,5785,"{""workflow_run_id"": 1261, ""source"": ""data_provider_or_ai""}"
2523,86,2026-03-23,action,waterfall_enrichment,293,5790,"{""workflow_run_id"": 1262, ""source"": ""workflow_execution""}"
2524,86,2026-03-23,data_credit,enrichment,250,5790,"{""workflow_run_id"": 1262, ""source"": ""data_provider_or_ai""}"
2525,86,2026-03-19,action,lead_enrichment,946,5795,"{""workflow_run_id"": 1263, ""source"": ""workflow_execution""}"
2526,86,2026-03-19,data_credit,ai_research,488,5795,"{""workflow_run_id"": 1263, ""source"": ""data_provider_or_ai""}"
2527,86,2026-01-30,action,lead_enrichment,1606,5800,"{""workflow_run_id"": 1264, ""source"": ""workflow_execution""}"
2528,86,2026-01-30,data_credit,ai_research,46,5800,"{""workflow_run_id"": 1264, ""source"": ""data_provider_or_ai""}"
2529,86,2026-02-15,action,waterfall_enrichment,352,5805,"{""workflow_run_id"": 1265, ""source"": ""workflow_execution""}"
2530,86,2026-02-15,data_credit,waterfall,484,5805,"{""workflow_run_id"": 1265, ""source"": ""data_provider_or_ai""}"
2531,86,2026-03-13,action,ai_account_research,345,5808,"{""workflow_run_id"": 1266, ""source"": ""workflow_execution""}"
2532,86,2026-03-13,data_credit,enrichment,229,5808,"{""workflow_run_id"": 1266, ""source"": ""data_provider_or_ai""}"
2533,86,2026-03-31,action,waterfall_enrichment,1887,5813,"{""workflow_run_id"": 1267, ""source"": ""workflow_execution""}"
2534,86,2026-03-31,data_credit,ai_research,259,5813,"{""workflow_run_id"": 1267, ""source"": ""data_provider_or_ai""}"
2535,86,2026-03-28,action,lead_enrichment,1338,5818,"{""workflow_run_id"": 1268, ""source"": ""workflow_execution""}"
2536,86,2026-03-28,data_credit,enrichment,436,5818,"{""workflow_run_id"": 1268, ""source"": ""data_provider_or_ai""}"
2537,86,2026-01-16,action,lead_enrichment,717,5821,"{""workflow_run_id"": 1269, ""source"": ""workflow_execution""}"
2538,86,2026-01-16,data_credit,enrichment,46,5821,"{""workflow_run_id"": 1269, ""source"": ""data_provider_or_ai""}"
2539,86,2026-03-25,action,ai_account_research,2874,5826,"{""workflow_run_id"": 1270, ""source"": ""workflow_execution""}"
2540,86,2026-03-25,data_credit,ai_research,442,5826,"{""workflow_run_id"": 1270, ""source"": ""data_provider_or_ai""}"
2541,86,2026-02-20,action,personalized_outbound,2083,5831,"{""workflow_run_id"": 1271, ""source"": ""workflow_execution""}"
2542,86,2026-02-20,data_credit,enrichment,107,5831,"{""workflow_run_id"": 1271, ""source"": ""data_provider_or_ai""}"
2543,86,2026-03-29,action,personalized_outbound,1179,5836,"{""workflow_run_id"": 1272, ""source"": ""workflow_execution""}"
2544,86,2026-03-29,data_credit,ai_research,626,5836,"{""workflow_run_id"": 1272, ""source"": ""data_provider_or_ai""}"
2545,86,2026-03-01,action,lead_enrichment,414,5839,"{""workflow_run_id"": 1273, ""source"": ""workflow_execution""}"
2546,86,2026-03-01,data_credit,waterfall,115,5839,"{""workflow_run_id"": 1273, ""source"": ""data_provider_or_ai""}"
2547,86,2026-03-31,action,lead_enrichment,2546,5842,"{""workflow_run_id"": 1274, ""source"": ""workflow_execution""}"
2548,86,2026-03-31,data_credit,ai_research,426,5842,"{""workflow_run_id"": 1274, ""source"": ""data_provider_or_ai""}"
2549,87,2026-05-09,action,lead_enrichment,2248,5847,"{""workflow_run_id"": 1275, ""source"": ""workflow_execution""}"
2550,87,2026-05-09,data_credit,waterfall,352,5847,"{""workflow_run_id"": 1275, ""source"": ""data_provider_or_ai""}"
2551,87,2026-07-13,action,personalized_outbound,1063,5852,"{""workflow_run_id"": 1276, ""source"": ""workflow_execution""}"
2552,87,2026-07-13,data_credit,ai_research,458,5852,"{""workflow_run_id"": 1276, ""source"": ""data_provider_or_ai""}"
2553,87,2026-06-24,action,personalized_outbound,1898,5855,"{""workflow_run_id"": 1277, ""source"": ""workflow_execution""}"
2554,87,2026-06-24,data_credit,waterfall,392,5855,"{""workflow_run_id"": 1277, ""source"": ""data_provider_or_ai""}"
2555,87,2026-05-25,action,crm_sync,2455,5860,"{""workflow_run_id"": 1278, ""source"": ""workflow_execution""}"
2556,87,2026-05-25,data_credit,ai_research,472,5860,"{""workflow_run_id"": 1278, ""source"": ""data_provider_or_ai""}"
2557,87,2026-06-06,action,crm_sync,584,5865,"{""workflow_run_id"": 1279, ""source"": ""workflow_execution""}"
2558,87,2026-06-06,data_credit,ai_research,124,5865,"{""workflow_run_id"": 1279, ""source"": ""data_provider_or_ai""}"
2559,87,2026-06-04,action,waterfall_enrichment,1048,5868,"{""workflow_run_id"": 1280, ""source"": ""workflow_execution""}"
2560,87,2026-06-04,data_credit,ai_research,531,5868,"{""workflow_run_id"": 1280, ""source"": ""data_provider_or_ai""}"
2561,87,2026-04-27,action,ai_account_research,1641,5871,"{""workflow_run_id"": 1281, ""source"": ""workflow_execution""}"
2562,87,2026-04-27,data_credit,ai_research,621,5871,"{""workflow_run_id"": 1281, ""source"": ""data_provider_or_ai""}"
2563,87,2026-05-20,action,lead_enrichment,2576,5876,"{""workflow_run_id"": 1282, ""source"": ""workflow_execution""}"
2564,87,2026-05-20,data_credit,enrichment,607,5876,"{""workflow_run_id"": 1282, ""source"": ""data_provider_or_ai""}"
2565,87,2026-06-07,action,crm_sync,2040,5879,"{""workflow_run_id"": 1283, ""source"": ""workflow_execution""}"
2566,87,2026-06-07,data_credit,enrichment,494,5879,"{""workflow_run_id"": 1283, ""source"": ""data_provider_or_ai""}"
2567,88,2026-04-23,action,ai_account_research,2706,5884,"{""workflow_run_id"": 1284, ""source"": ""workflow_execution""}"
2568,88,2026-04-23,data_credit,ai_research,691,5884,"{""workflow_run_id"": 1284, ""source"": ""data_provider_or_ai""}"
2569,88,2026-06-04,action,ai_account_research,2114,5887,"{""workflow_run_id"": 1285, ""source"": ""workflow_execution""}"
2570,88,2026-06-04,data_credit,waterfall,607,5887,"{""workflow_run_id"": 1285, ""source"": ""data_provider_or_ai""}"
2571,88,2026-04-23,action,ai_account_research,398,5892,"{""workflow_run_id"": 1286, ""source"": ""workflow_execution""}"
2572,88,2026-04-23,data_credit,enrichment,758,5892,"{""workflow_run_id"": 1286, ""source"": ""data_provider_or_ai""}"
2573,88,2026-06-09,action,lead_enrichment,347,5897,"{""workflow_run_id"": 1287, ""source"": ""workflow_execution""}"
2574,88,2026-06-09,data_credit,waterfall,796,5897,"{""workflow_run_id"": 1287, ""source"": ""data_provider_or_ai""}"
2575,88,2026-06-05,action,ai_account_research,806,5900,"{""workflow_run_id"": 1288, ""source"": ""workflow_execution""}"
2576,88,2026-06-05,data_credit,enrichment,362,5900,"{""workflow_run_id"": 1288, ""source"": ""data_provider_or_ai""}"
2577,88,2026-04-28,action,personalized_outbound,1748,5903,"{""workflow_run_id"": 1289, ""source"": ""workflow_execution""}"
2578,88,2026-04-28,data_credit,waterfall,796,5903,"{""workflow_run_id"": 1289, ""source"": ""data_provider_or_ai""}"
2579,88,2026-06-14,action,lead_enrichment,1218,5906,"{""workflow_run_id"": 1290, ""source"": ""workflow_execution""}"
2580,88,2026-06-14,data_credit,ai_research,536,5906,"{""workflow_run_id"": 1290, ""source"": ""data_provider_or_ai""}"
2581,88,2026-06-23,action,waterfall_enrichment,1493,5911,"{""workflow_run_id"": 1291, ""source"": ""workflow_execution""}"
2582,88,2026-06-23,data_credit,ai_research,424,5911,"{""workflow_run_id"": 1291, ""source"": ""data_provider_or_ai""}"
2583,88,2026-06-03,action,waterfall_enrichment,2604,5916,"{""workflow_run_id"": 1292, ""source"": ""workflow_execution""}"
2584,88,2026-06-03,data_credit,enrichment,251,5916,"{""workflow_run_id"": 1292, ""source"": ""data_provider_or_ai""}"
2585,88,2026-05-05,action,waterfall_enrichment,1472,5919,"{""workflow_run_id"": 1293, ""source"": ""workflow_execution""}"
2586,88,2026-05-05,data_credit,ai_research,108,5919,"{""workflow_run_id"": 1293, ""source"": ""data_provider_or_ai""}"
2587,88,2026-06-12,action,ai_account_research,1736,5924,"{""workflow_run_id"": 1294, ""source"": ""workflow_execution""}"
2588,88,2026-06-12,data_credit,ai_research,760,5924,"{""workflow_run_id"": 1294, ""source"": ""data_provider_or_ai""}"
2589,88,2026-06-23,action,waterfall_enrichment,2474,5929,"{""workflow_run_id"": 1295, ""source"": ""workflow_execution""}"
2590,88,2026-06-23,data_credit,enrichment,232,5929,"{""workflow_run_id"": 1295, ""source"": ""data_provider_or_ai""}"
2591,88,2026-04-12,action,waterfall_enrichment,2284,5932,"{""workflow_run_id"": 1296, ""source"": ""workflow_execution""}"
2592,88,2026-04-12,data_credit,ai_research,307,5932,"{""workflow_run_id"": 1296, ""source"": ""data_provider_or_ai""}"
2593,88,2026-05-29,action,lead_enrichment,1338,5935,"{""workflow_run_id"": 1297, ""source"": ""workflow_execution""}"
2594,88,2026-05-29,data_credit,waterfall,765,5935,"{""workflow_run_id"": 1297, ""source"": ""data_provider_or_ai""}"
2595,88,2026-04-26,action,personalized_outbound,2268,5940,"{""workflow_run_id"": 1298, ""source"": ""workflow_execution""}"
2596,88,2026-04-26,data_credit,waterfall,391,5940,"{""workflow_run_id"": 1298, ""source"": ""data_provider_or_ai""}"
2597,88,2026-05-04,action,ai_account_research,430,5945,"{""workflow_run_id"": 1299, ""source"": ""workflow_execution""}"
2598,88,2026-05-04,data_credit,waterfall,717,5945,"{""workflow_run_id"": 1299, ""source"": ""data_provider_or_ai""}"
2599,89,2026-04-09,action,waterfall_enrichment,989,5950,"{""workflow_run_id"": 1300, ""source"": ""workflow_execution""}"
2600,89,2026-04-09,data_credit,enrichment,52,5950,"{""workflow_run_id"": 1300, ""source"": ""data_provider_or_ai""}"
2601,89,2026-04-02,action,lead_enrichment,2168,5955,"{""workflow_run_id"": 1301, ""source"": ""workflow_execution""}"
2602,89,2026-04-02,data_credit,ai_research,482,5955,"{""workflow_run_id"": 1301, ""source"": ""data_provider_or_ai""}"
2603,89,2026-05-25,action,lead_enrichment,951,5960,"{""workflow_run_id"": 1302, ""source"": ""workflow_execution""}"
2604,89,2026-05-25,data_credit,enrichment,783,5960,"{""workflow_run_id"": 1302, ""source"": ""data_provider_or_ai""}"
2605,89,2026-05-05,action,waterfall_enrichment,2996,5965,"{""workflow_run_id"": 1303, ""source"": ""workflow_execution""}"
2606,89,2026-05-05,data_credit,waterfall,692,5965,"{""workflow_run_id"": 1303, ""source"": ""data_provider_or_ai""}"
2607,89,2026-04-29,action,lead_enrichment,1433,5968,"{""workflow_run_id"": 1304, ""source"": ""workflow_execution""}"
2608,89,2026-04-29,data_credit,waterfall,153,5968,"{""workflow_run_id"": 1304, ""source"": ""data_provider_or_ai""}"
2609,89,2026-05-26,action,waterfall_enrichment,2635,5973,"{""workflow_run_id"": 1305, ""source"": ""workflow_execution""}"
2610,89,2026-05-26,data_credit,waterfall,239,5973,"{""workflow_run_id"": 1305, ""source"": ""data_provider_or_ai""}"
2611,89,2026-03-19,action,crm_sync,864,5978,"{""workflow_run_id"": 1306, ""source"": ""workflow_execution""}"
2612,89,2026-03-19,data_credit,waterfall,124,5978,"{""workflow_run_id"": 1306, ""source"": ""data_provider_or_ai""}"
2613,89,2026-04-28,action,ai_account_research,1748,5983,"{""workflow_run_id"": 1307, ""source"": ""workflow_execution""}"
2614,89,2026-04-28,data_credit,ai_research,285,5983,"{""workflow_run_id"": 1307, ""source"": ""data_provider_or_ai""}"
2615,89,2026-04-18,action,personalized_outbound,2357,5988,"{""workflow_run_id"": 1308, ""source"": ""workflow_execution""}"
2616,89,2026-04-18,data_credit,waterfall,438,5988,"{""workflow_run_id"": 1308, ""source"": ""data_provider_or_ai""}"
2617,89,2026-05-17,action,lead_enrichment,1392,5991,"{""workflow_run_id"": 1309, ""source"": ""workflow_execution""}"
2618,89,2026-05-17,data_credit,enrichment,787,5991,"{""workflow_run_id"": 1309, ""source"": ""data_provider_or_ai""}"
2619,89,2026-03-17,action,waterfall_enrichment,2661,5996,"{""workflow_run_id"": 1310, ""source"": ""workflow_execution""}"
2620,89,2026-03-17,data_credit,ai_research,761,5996,"{""workflow_run_id"": 1310, ""source"": ""data_provider_or_ai""}"
2621,89,2026-03-18,action,lead_enrichment,1597,6001,"{""workflow_run_id"": 1311, ""source"": ""workflow_execution""}"
2622,89,2026-03-18,data_credit,ai_research,37,6001,"{""workflow_run_id"": 1311, ""source"": ""data_provider_or_ai""}"
2623,89,2026-06-11,action,lead_enrichment,2029,6006,"{""workflow_run_id"": 1312, ""source"": ""workflow_execution""}"
2624,89,2026-06-11,data_credit,ai_research,527,6006,"{""workflow_run_id"": 1312, ""source"": ""data_provider_or_ai""}"
2625,89,2026-05-19,action,ai_account_research,637,6011,"{""workflow_run_id"": 1313, ""source"": ""workflow_execution""}"
2626,89,2026-05-19,data_credit,enrichment,758,6011,"{""workflow_run_id"": 1313, ""source"": ""data_provider_or_ai""}"
2627,89,2026-06-05,action,waterfall_enrichment,597,6014,"{""workflow_run_id"": 1314, ""source"": ""workflow_execution""}"
2628,89,2026-06-05,data_credit,waterfall,703,6014,"{""workflow_run_id"": 1314, ""source"": ""data_provider_or_ai""}"
2629,89,2026-03-30,action,ai_account_research,2971,6019,"{""workflow_run_id"": 1315, ""source"": ""workflow_execution""}"
2630,89,2026-03-30,data_credit,enrichment,639,6019,"{""workflow_run_id"": 1315, ""source"": ""data_provider_or_ai""}"
2631,89,2026-03-16,action,waterfall_enrichment,1829,6024,"{""workflow_run_id"": 1316, ""source"": ""workflow_execution""}"
2632,89,2026-03-16,data_credit,waterfall,26,6024,"{""workflow_run_id"": 1316, ""source"": ""data_provider_or_ai""}"
2633,89,2026-03-29,action,lead_enrichment,1067,6029,"{""workflow_run_id"": 1317, ""source"": ""workflow_execution""}"
2634,89,2026-03-29,data_credit,ai_research,299,6029,"{""workflow_run_id"": 1317, ""source"": ""data_provider_or_ai""}"
2635,89,2026-05-25,action,personalized_outbound,1494,6034,"{""workflow_run_id"": 1318, ""source"": ""workflow_execution""}"
2636,89,2026-05-25,data_credit,ai_research,427,6034,"{""workflow_run_id"": 1318, ""source"": ""data_provider_or_ai""}"
2637,89,2026-05-29,action,personalized_outbound,833,6039,"{""workflow_run_id"": 1319, ""source"": ""workflow_execution""}"
2638,89,2026-05-29,data_credit,enrichment,343,6039,"{""workflow_run_id"": 1319, ""source"": ""data_provider_or_ai""}"
2639,89,2026-06-08,action,crm_sync,669,6044,"{""workflow_run_id"": 1320, ""source"": ""workflow_execution""}"
2640,89,2026-06-08,data_credit,waterfall,557,6044,"{""workflow_run_id"": 1320, ""source"": ""data_provider_or_ai""}"
2641,89,2026-05-04,action,crm_sync,622,6049,"{""workflow_run_id"": 1321, ""source"": ""workflow_execution""}"
2642,89,2026-05-04,data_credit,ai_research,296,6049,"{""workflow_run_id"": 1321, ""source"": ""data_provider_or_ai""}"
2643,89,2026-05-23,action,waterfall_enrichment,704,6052,"{""workflow_run_id"": 1322, ""source"": ""workflow_execution""}"
2644,89,2026-05-23,data_credit,enrichment,350,6052,"{""workflow_run_id"": 1322, ""source"": ""data_provider_or_ai""}"
2645,89,2026-04-18,action,crm_sync,1032,6055,"{""workflow_run_id"": 1323, ""source"": ""workflow_execution""}"
2646,89,2026-04-18,data_credit,enrichment,358,6055,"{""workflow_run_id"": 1323, ""source"": ""data_provider_or_ai""}"
2647,89,2026-03-25,action,personalized_outbound,546,6060,"{""workflow_run_id"": 1324, ""source"": ""workflow_execution""}"
2648,89,2026-03-25,data_credit,waterfall,303,6060,"{""workflow_run_id"": 1324, ""source"": ""data_provider_or_ai""}"
2649,89,2026-06-04,action,lead_enrichment,988,6065,"{""workflow_run_id"": 1325, ""source"": ""workflow_execution""}"
2650,89,2026-06-04,data_credit,waterfall,523,6065,"{""workflow_run_id"": 1325, ""source"": ""data_provider_or_ai""}"
2651,89,2026-05-25,action,personalized_outbound,2882,6070,"{""workflow_run_id"": 1326, ""source"": ""workflow_execution""}"
2652,89,2026-05-25,data_credit,ai_research,360,6070,"{""workflow_run_id"": 1326, ""source"": ""data_provider_or_ai""}"
2653,90,2026-04-02,action,lead_enrichment,1651,6075,"{""workflow_run_id"": 1327, ""source"": ""workflow_execution""}"
2654,90,2026-04-02,data_credit,enrichment,745,6075,"{""workflow_run_id"": 1327, ""source"": ""data_provider_or_ai""}"
2655,90,2026-03-30,action,waterfall_enrichment,2375,6080,"{""workflow_run_id"": 1328, ""source"": ""workflow_execution""}"
2656,90,2026-03-30,data_credit,waterfall,388,6080,"{""workflow_run_id"": 1328, ""source"": ""data_provider_or_ai""}"
2657,90,2026-02-14,action,ai_account_research,115,6085,"{""workflow_run_id"": 1329, ""source"": ""workflow_execution""}"
2658,90,2026-02-14,data_credit,enrichment,670,6085,"{""workflow_run_id"": 1329, ""source"": ""data_provider_or_ai""}"
2659,90,2026-01-22,action,crm_sync,774,6090,"{""workflow_run_id"": 1330, ""source"": ""workflow_execution""}"
2660,90,2026-01-22,data_credit,ai_research,657,6090,"{""workflow_run_id"": 1330, ""source"": ""data_provider_or_ai""}"
2661,90,2026-04-09,action,lead_enrichment,1752,6095,"{""workflow_run_id"": 1331, ""source"": ""workflow_execution""}"
2662,90,2026-04-09,data_credit,waterfall,74,6095,"{""workflow_run_id"": 1331, ""source"": ""data_provider_or_ai""}"
2663,90,2026-02-06,action,personalized_outbound,756,6100,"{""workflow_run_id"": 1332, ""source"": ""workflow_execution""}"
2664,90,2026-02-06,data_credit,enrichment,191,6100,"{""workflow_run_id"": 1332, ""source"": ""data_provider_or_ai""}"
2665,90,2026-02-19,action,crm_sync,1723,6105,"{""workflow_run_id"": 1333, ""source"": ""workflow_execution""}"
2666,90,2026-02-19,data_credit,ai_research,588,6105,"{""workflow_run_id"": 1333, ""source"": ""data_provider_or_ai""}"
2667,90,2026-03-01,action,waterfall_enrichment,592,6110,"{""workflow_run_id"": 1334, ""source"": ""workflow_execution""}"
2668,90,2026-03-01,data_credit,waterfall,205,6110,"{""workflow_run_id"": 1334, ""source"": ""data_provider_or_ai""}"
2669,90,2026-04-13,action,personalized_outbound,1326,6115,"{""workflow_run_id"": 1335, ""source"": ""workflow_execution""}"
2670,90,2026-04-13,data_credit,ai_research,759,6115,"{""workflow_run_id"": 1335, ""source"": ""data_provider_or_ai""}"
2671,90,2026-04-13,action,waterfall_enrichment,2233,6118,"{""workflow_run_id"": 1336, ""source"": ""workflow_execution""}"
2672,90,2026-04-13,data_credit,ai_research,693,6118,"{""workflow_run_id"": 1336, ""source"": ""data_provider_or_ai""}"
2673,90,2026-03-17,action,crm_sync,2390,6123,"{""workflow_run_id"": 1337, ""source"": ""workflow_execution""}"
2674,90,2026-03-17,data_credit,waterfall,747,6123,"{""workflow_run_id"": 1337, ""source"": ""data_provider_or_ai""}"
2675,90,2026-02-18,action,personalized_outbound,527,6128,"{""workflow_run_id"": 1338, ""source"": ""workflow_execution""}"
2676,90,2026-02-18,data_credit,ai_research,233,6128,"{""workflow_run_id"": 1338, ""source"": ""data_provider_or_ai""}"
2677,90,2026-02-14,action,personalized_outbound,2539,6133,"{""workflow_run_id"": 1339, ""source"": ""workflow_execution""}"
2678,90,2026-02-14,data_credit,waterfall,94,6133,"{""workflow_run_id"": 1339, ""source"": ""data_provider_or_ai""}"
2679,90,2026-03-06,action,personalized_outbound,484,6136,"{""workflow_run_id"": 1340, ""source"": ""workflow_execution""}"
2680,90,2026-03-06,data_credit,enrichment,96,6136,"{""workflow_run_id"": 1340, ""source"": ""data_provider_or_ai""}"
2681,90,2026-02-18,action,crm_sync,498,6141,"{""workflow_run_id"": 1341, ""source"": ""workflow_execution""}"
2682,90,2026-02-18,data_credit,ai_research,413,6141,"{""workflow_run_id"": 1341, ""source"": ""data_provider_or_ai""}"
2683,90,2026-03-20,action,crm_sync,842,6146,"{""workflow_run_id"": 1342, ""source"": ""workflow_execution""}"
2684,90,2026-03-20,data_credit,enrichment,799,6146,"{""workflow_run_id"": 1342, ""source"": ""data_provider_or_ai""}"
2685,91,2026-05-30,action,personalized_outbound,789,6149,"{""workflow_run_id"": 1343, ""source"": ""workflow_execution""}"
2686,91,2026-05-30,data_credit,enrichment,411,6149,"{""workflow_run_id"": 1343, ""source"": ""data_provider_or_ai""}"
2687,91,2026-04-27,action,waterfall_enrichment,2753,6154,"{""workflow_run_id"": 1344, ""source"": ""workflow_execution""}"
2688,91,2026-04-27,data_credit,waterfall,56,6154,"{""workflow_run_id"": 1344, ""source"": ""data_provider_or_ai""}"
2689,91,2026-06-28,action,crm_sync,1245,6159,"{""workflow_run_id"": 1345, ""source"": ""workflow_execution""}"
2690,91,2026-06-28,data_credit,enrichment,587,6159,"{""workflow_run_id"": 1345, ""source"": ""data_provider_or_ai""}"
2691,91,2026-06-08,action,ai_account_research,2044,6164,"{""workflow_run_id"": 1346, ""source"": ""workflow_execution""}"
2692,91,2026-06-08,data_credit,ai_research,246,6164,"{""workflow_run_id"": 1346, ""source"": ""data_provider_or_ai""}"
2693,91,2026-05-04,action,crm_sync,927,6167,"{""workflow_run_id"": 1347, ""source"": ""workflow_execution""}"
2694,91,2026-05-04,data_credit,ai_research,318,6167,"{""workflow_run_id"": 1347, ""source"": ""data_provider_or_ai""}"
2695,91,2026-06-06,action,crm_sync,283,6170,"{""workflow_run_id"": 1348, ""source"": ""workflow_execution""}"
2696,91,2026-06-06,data_credit,waterfall,514,6170,"{""workflow_run_id"": 1348, ""source"": ""data_provider_or_ai""}"
2697,92,2026-02-25,action,personalized_outbound,1991,6175,"{""workflow_run_id"": 1349, ""source"": ""workflow_execution""}"
2698,92,2026-02-25,data_credit,ai_research,279,6175,"{""workflow_run_id"": 1349, ""source"": ""data_provider_or_ai""}"
2699,92,2026-05-05,action,crm_sync,267,6180,"{""workflow_run_id"": 1350, ""source"": ""workflow_execution""}"
2700,92,2026-05-05,data_credit,enrichment,527,6180,"{""workflow_run_id"": 1350, ""source"": ""data_provider_or_ai""}"
2701,92,2026-04-17,action,personalized_outbound,1445,6185,"{""workflow_run_id"": 1351, ""source"": ""workflow_execution""}"
2702,92,2026-04-17,data_credit,ai_research,695,6185,"{""workflow_run_id"": 1351, ""source"": ""data_provider_or_ai""}"
2703,92,2026-05-17,action,crm_sync,1106,6190,"{""workflow_run_id"": 1352, ""source"": ""workflow_execution""}"
2704,92,2026-05-17,data_credit,enrichment,777,6190,"{""workflow_run_id"": 1352, ""source"": ""data_provider_or_ai""}"
2705,92,2026-04-13,action,crm_sync,1833,6195,"{""workflow_run_id"": 1353, ""source"": ""workflow_execution""}"
2706,92,2026-04-13,data_credit,waterfall,654,6195,"{""workflow_run_id"": 1353, ""source"": ""data_provider_or_ai""}"
2707,92,2026-02-24,action,ai_account_research,2546,6200,"{""workflow_run_id"": 1354, ""source"": ""workflow_execution""}"
2708,92,2026-02-24,data_credit,waterfall,678,6200,"{""workflow_run_id"": 1354, ""source"": ""data_provider_or_ai""}"
2709,92,2026-03-05,action,lead_enrichment,421,6205,"{""workflow_run_id"": 1355, ""source"": ""workflow_execution""}"
2710,92,2026-03-05,data_credit,waterfall,700,6205,"{""workflow_run_id"": 1355, ""source"": ""data_provider_or_ai""}"
2711,92,2026-03-07,action,waterfall_enrichment,1570,6210,"{""workflow_run_id"": 1356, ""source"": ""workflow_execution""}"
2712,92,2026-03-07,data_credit,ai_research,474,6210,"{""workflow_run_id"": 1356, ""source"": ""data_provider_or_ai""}"
2713,92,2026-05-05,action,personalized_outbound,695,6215,"{""workflow_run_id"": 1357, ""source"": ""workflow_execution""}"
2714,92,2026-05-05,data_credit,enrichment,714,6215,"{""workflow_run_id"": 1357, ""source"": ""data_provider_or_ai""}"
2715,92,2026-04-24,action,crm_sync,2641,6220,"{""workflow_run_id"": 1358, ""source"": ""workflow_execution""}"
2716,92,2026-04-24,data_credit,ai_research,356,6220,"{""workflow_run_id"": 1358, ""source"": ""data_provider_or_ai""}"
2717,92,2026-03-23,action,waterfall_enrichment,2443,6225,"{""workflow_run_id"": 1359, ""source"": ""workflow_execution""}"
2718,92,2026-03-23,data_credit,waterfall,159,6225,"{""workflow_run_id"": 1359, ""source"": ""data_provider_or_ai""}"
2719,92,2026-03-22,action,crm_sync,649,6230,"{""workflow_run_id"": 1360, ""source"": ""workflow_execution""}"
2720,92,2026-03-22,data_credit,enrichment,699,6230,"{""workflow_run_id"": 1360, ""source"": ""data_provider_or_ai""}"
2721,92,2026-04-16,action,crm_sync,1932,6235,"{""workflow_run_id"": 1361, ""source"": ""workflow_execution""}"
2722,92,2026-04-16,data_credit,ai_research,171,6235,"{""workflow_run_id"": 1361, ""source"": ""data_provider_or_ai""}"
2723,92,2026-05-04,action,waterfall_enrichment,1846,6240,"{""workflow_run_id"": 1362, ""source"": ""workflow_execution""}"
2724,92,2026-05-04,data_credit,enrichment,155,6240,"{""workflow_run_id"": 1362, ""source"": ""data_provider_or_ai""}"
2725,92,2026-05-15,action,waterfall_enrichment,726,6245,"{""workflow_run_id"": 1363, ""source"": ""workflow_execution""}"
2726,92,2026-05-15,data_credit,enrichment,522,6245,"{""workflow_run_id"": 1363, ""source"": ""data_provider_or_ai""}"
2727,92,2026-05-15,action,ai_account_research,1488,6250,"{""workflow_run_id"": 1364, ""source"": ""workflow_execution""}"
2728,92,2026-05-15,data_credit,ai_research,309,6250,"{""workflow_run_id"": 1364, ""source"": ""data_provider_or_ai""}"
2729,92,2026-04-02,action,crm_sync,222,6255,"{""workflow_run_id"": 1365, ""source"": ""workflow_execution""}"
2730,92,2026-04-02,data_credit,ai_research,534,6255,"{""workflow_run_id"": 1365, ""source"": ""data_provider_or_ai""}"
2731,92,2026-02-24,action,waterfall_enrichment,2377,6260,"{""workflow_run_id"": 1366, ""source"": ""workflow_execution""}"
2732,92,2026-02-24,data_credit,enrichment,412,6260,"{""workflow_run_id"": 1366, ""source"": ""data_provider_or_ai""}"
2733,92,2026-05-07,action,lead_enrichment,1613,6263,"{""workflow_run_id"": 1367, ""source"": ""workflow_execution""}"
2734,92,2026-05-07,data_credit,enrichment,229,6263,"{""workflow_run_id"": 1367, ""source"": ""data_provider_or_ai""}"
2735,92,2026-02-23,action,lead_enrichment,2392,6268,"{""workflow_run_id"": 1368, ""source"": ""workflow_execution""}"
2736,92,2026-02-23,data_credit,waterfall,565,6268,"{""workflow_run_id"": 1368, ""source"": ""data_provider_or_ai""}"
2737,92,2026-03-17,action,waterfall_enrichment,1757,6273,"{""workflow_run_id"": 1369, ""source"": ""workflow_execution""}"
2738,92,2026-03-17,data_credit,ai_research,465,6273,"{""workflow_run_id"": 1369, ""source"": ""data_provider_or_ai""}"
2739,92,2026-04-20,action,waterfall_enrichment,2222,6278,"{""workflow_run_id"": 1370, ""source"": ""workflow_execution""}"
2740,92,2026-04-20,data_credit,waterfall,115,6278,"{""workflow_run_id"": 1370, ""source"": ""data_provider_or_ai""}"
2741,92,2026-05-17,action,crm_sync,1373,6283,"{""workflow_run_id"": 1371, ""source"": ""workflow_execution""}"
2742,92,2026-05-17,data_credit,enrichment,689,6283,"{""workflow_run_id"": 1371, ""source"": ""data_provider_or_ai""}"
2743,92,2026-03-15,action,ai_account_research,1190,6288,"{""workflow_run_id"": 1372, ""source"": ""workflow_execution""}"
2744,92,2026-03-15,data_credit,waterfall,412,6288,"{""workflow_run_id"": 1372, ""source"": ""data_provider_or_ai""}"
2745,92,2026-04-21,action,lead_enrichment,2114,6293,"{""workflow_run_id"": 1373, ""source"": ""workflow_execution""}"
2746,92,2026-04-21,data_credit,waterfall,328,6293,"{""workflow_run_id"": 1373, ""source"": ""data_provider_or_ai""}"
2747,92,2026-04-25,action,ai_account_research,1169,6298,"{""workflow_run_id"": 1374, ""source"": ""workflow_execution""}"
2748,92,2026-04-25,data_credit,ai_research,674,6298,"{""workflow_run_id"": 1374, ""source"": ""data_provider_or_ai""}"
2749,92,2026-05-06,action,waterfall_enrichment,1610,6303,"{""workflow_run_id"": 1375, ""source"": ""workflow_execution""}"
2750,92,2026-05-06,data_credit,enrichment,160,6303,"{""workflow_run_id"": 1375, ""source"": ""data_provider_or_ai""}"
2751,92,2026-03-21,action,personalized_outbound,458,6308,"{""workflow_run_id"": 1376, ""source"": ""workflow_execution""}"
2752,92,2026-03-21,data_credit,ai_research,660,6308,"{""workflow_run_id"": 1376, ""source"": ""data_provider_or_ai""}"
2753,92,2026-03-14,action,personalized_outbound,106,6313,"{""workflow_run_id"": 1377, ""source"": ""workflow_execution""}"
2754,92,2026-03-14,data_credit,enrichment,431,6313,"{""workflow_run_id"": 1377, ""source"": ""data_provider_or_ai""}"
2755,92,2026-04-23,action,waterfall_enrichment,2551,6316,"{""workflow_run_id"": 1378, ""source"": ""workflow_execution""}"
2756,92,2026-04-23,data_credit,ai_research,41,6316,"{""workflow_run_id"": 1378, ""source"": ""data_provider_or_ai""}"
2757,92,2026-03-06,action,ai_account_research,605,6321,"{""workflow_run_id"": 1379, ""source"": ""workflow_execution""}"
2758,92,2026-03-06,data_credit,enrichment,246,6321,"{""workflow_run_id"": 1379, ""source"": ""data_provider_or_ai""}"
2759,92,2026-04-13,action,ai_account_research,438,6326,"{""workflow_run_id"": 1380, ""source"": ""workflow_execution""}"
2760,92,2026-04-13,data_credit,enrichment,644,6326,"{""workflow_run_id"": 1380, ""source"": ""data_provider_or_ai""}"
2761,92,2026-04-15,action,lead_enrichment,696,6331,"{""workflow_run_id"": 1381, ""source"": ""workflow_execution""}"
2762,92,2026-04-15,data_credit,ai_research,276,6331,"{""workflow_run_id"": 1381, ""source"": ""data_provider_or_ai""}"
2763,93,2026-03-05,action,waterfall_enrichment,2269,6336,"{""workflow_run_id"": 1382, ""source"": ""workflow_execution""}"
2764,93,2026-03-05,data_credit,waterfall,308,6336,"{""workflow_run_id"": 1382, ""source"": ""data_provider_or_ai""}"
2765,93,2026-03-24,action,lead_enrichment,1721,6341,"{""workflow_run_id"": 1383, ""source"": ""workflow_execution""}"
2766,93,2026-03-24,data_credit,ai_research,719,6341,"{""workflow_run_id"": 1383, ""source"": ""data_provider_or_ai""}"
2767,93,2026-03-02,action,crm_sync,503,6346,"{""workflow_run_id"": 1384, ""source"": ""workflow_execution""}"
2768,93,2026-03-02,data_credit,waterfall,71,6346,"{""workflow_run_id"": 1384, ""source"": ""data_provider_or_ai""}"
2769,93,2026-02-06,action,crm_sync,1055,6351,"{""workflow_run_id"": 1385, ""source"": ""workflow_execution""}"
2770,93,2026-02-06,data_credit,ai_research,481,6351,"{""workflow_run_id"": 1385, ""source"": ""data_provider_or_ai""}"
2771,93,2026-01-13,action,lead_enrichment,479,6356,"{""workflow_run_id"": 1386, ""source"": ""workflow_execution""}"
2772,93,2026-01-13,data_credit,waterfall,479,6356,"{""workflow_run_id"": 1386, ""source"": ""data_provider_or_ai""}"
2773,93,2026-03-19,action,lead_enrichment,2764,6361,"{""workflow_run_id"": 1387, ""source"": ""workflow_execution""}"
2774,93,2026-03-19,data_credit,ai_research,95,6361,"{""workflow_run_id"": 1387, ""source"": ""data_provider_or_ai""}"
2775,93,2026-03-25,action,waterfall_enrichment,836,6364,"{""workflow_run_id"": 1388, ""source"": ""workflow_execution""}"
2776,93,2026-03-25,data_credit,ai_research,32,6364,"{""workflow_run_id"": 1388, ""source"": ""data_provider_or_ai""}"
2777,93,2026-03-18,action,waterfall_enrichment,2514,6369,"{""workflow_run_id"": 1389, ""source"": ""workflow_execution""}"
2778,93,2026-03-18,data_credit,waterfall,305,6369,"{""workflow_run_id"": 1389, ""source"": ""data_provider_or_ai""}"
2779,93,2026-01-09,action,waterfall_enrichment,2174,6374,"{""workflow_run_id"": 1390, ""source"": ""workflow_execution""}"
2780,93,2026-01-09,data_credit,enrichment,152,6374,"{""workflow_run_id"": 1390, ""source"": ""data_provider_or_ai""}"
2781,93,2026-01-22,action,personalized_outbound,1743,6379,"{""workflow_run_id"": 1391, ""source"": ""workflow_execution""}"
2782,93,2026-01-22,data_credit,waterfall,265,6379,"{""workflow_run_id"": 1391, ""source"": ""data_provider_or_ai""}"
2783,93,2026-03-22,action,crm_sync,2187,6384,"{""workflow_run_id"": 1392, ""source"": ""workflow_execution""}"
2784,93,2026-03-22,data_credit,ai_research,480,6384,"{""workflow_run_id"": 1392, ""source"": ""data_provider_or_ai""}"
2785,93,2026-03-13,action,crm_sync,1141,6389,"{""workflow_run_id"": 1393, ""source"": ""workflow_execution""}"
2786,93,2026-03-13,data_credit,waterfall,456,6389,"{""workflow_run_id"": 1393, ""source"": ""data_provider_or_ai""}"
2787,93,2026-03-23,action,waterfall_enrichment,987,6394,"{""workflow_run_id"": 1394, ""source"": ""workflow_execution""}"
2788,93,2026-03-23,data_credit,ai_research,60,6394,"{""workflow_run_id"": 1394, ""source"": ""data_provider_or_ai""}"
2789,93,2026-04-01,action,personalized_outbound,2066,6399,"{""workflow_run_id"": 1395, ""source"": ""workflow_execution""}"
2790,93,2026-04-01,data_credit,enrichment,536,6399,"{""workflow_run_id"": 1395, ""source"": ""data_provider_or_ai""}"
2791,93,2026-01-23,action,waterfall_enrichment,2425,6404,"{""workflow_run_id"": 1396, ""source"": ""workflow_execution""}"
2792,93,2026-01-23,data_credit,ai_research,686,6404,"{""workflow_run_id"": 1396, ""source"": ""data_provider_or_ai""}"
2793,93,2026-04-06,action,waterfall_enrichment,381,6409,"{""workflow_run_id"": 1397, ""source"": ""workflow_execution""}"
2794,93,2026-04-06,data_credit,ai_research,726,6409,"{""workflow_run_id"": 1397, ""source"": ""data_provider_or_ai""}"
2795,93,2026-03-13,action,personalized_outbound,1766,6414,"{""workflow_run_id"": 1398, ""source"": ""workflow_execution""}"
2796,93,2026-03-13,data_credit,ai_research,568,6414,"{""workflow_run_id"": 1398, ""source"": ""data_provider_or_ai""}"
2797,93,2026-03-08,action,personalized_outbound,1328,6419,"{""workflow_run_id"": 1399, ""source"": ""workflow_execution""}"
2798,93,2026-03-08,data_credit,ai_research,169,6419,"{""workflow_run_id"": 1399, ""source"": ""data_provider_or_ai""}"
2799,93,2026-03-25,action,ai_account_research,2159,6424,"{""workflow_run_id"": 1400, ""source"": ""workflow_execution""}"
2800,93,2026-03-25,data_credit,enrichment,669,6424,"{""workflow_run_id"": 1400, ""source"": ""data_provider_or_ai""}"
2801,93,2026-01-21,action,waterfall_enrichment,1126,6429,"{""workflow_run_id"": 1401, ""source"": ""workflow_execution""}"
2802,93,2026-01-21,data_credit,waterfall,418,6429,"{""workflow_run_id"": 1401, ""source"": ""data_provider_or_ai""}"
2803,93,2026-04-08,action,ai_account_research,307,6434,"{""workflow_run_id"": 1402, ""source"": ""workflow_execution""}"
2804,93,2026-04-08,data_credit,waterfall,275,6434,"{""workflow_run_id"": 1402, ""source"": ""data_provider_or_ai""}"
2805,93,2026-03-17,action,lead_enrichment,2693,6437,"{""workflow_run_id"": 1403, ""source"": ""workflow_execution""}"
2806,93,2026-03-17,data_credit,ai_research,129,6437,"{""workflow_run_id"": 1403, ""source"": ""data_provider_or_ai""}"
2807,93,2026-02-21,action,personalized_outbound,2546,6442,"{""workflow_run_id"": 1404, ""source"": ""workflow_execution""}"
2808,93,2026-02-21,data_credit,ai_research,88,6442,"{""workflow_run_id"": 1404, ""source"": ""data_provider_or_ai""}"
2809,93,2026-03-05,action,crm_sync,2163,6447,"{""workflow_run_id"": 1405, ""source"": ""workflow_execution""}"
2810,93,2026-03-05,data_credit,ai_research,135,6447,"{""workflow_run_id"": 1405, ""source"": ""data_provider_or_ai""}"
2811,93,2026-01-23,action,lead_enrichment,2748,6452,"{""workflow_run_id"": 1406, ""source"": ""workflow_execution""}"
2812,93,2026-01-23,data_credit,waterfall,329,6452,"{""workflow_run_id"": 1406, ""source"": ""data_provider_or_ai""}"
2813,93,2026-02-17,action,personalized_outbound,1378,6457,"{""workflow_run_id"": 1407, ""source"": ""workflow_execution""}"
2814,93,2026-02-17,data_credit,waterfall,299,6457,"{""workflow_run_id"": 1407, ""source"": ""data_provider_or_ai""}"
2815,93,2026-03-31,action,crm_sync,1126,6462,"{""workflow_run_id"": 1408, ""source"": ""workflow_execution""}"
2816,93,2026-03-31,data_credit,enrichment,752,6462,"{""workflow_run_id"": 1408, ""source"": ""data_provider_or_ai""}"
2817,93,2026-01-25,action,crm_sync,1836,6467,"{""workflow_run_id"": 1409, ""source"": ""workflow_execution""}"
2818,93,2026-01-25,data_credit,enrichment,471,6467,"{""workflow_run_id"": 1409, ""source"": ""data_provider_or_ai""}"
2819,93,2026-03-07,action,crm_sync,262,6472,"{""workflow_run_id"": 1410, ""source"": ""workflow_execution""}"
2820,93,2026-03-07,data_credit,waterfall,479,6472,"{""workflow_run_id"": 1410, ""source"": ""data_provider_or_ai""}"
2821,93,2026-02-21,action,lead_enrichment,1870,6477,"{""workflow_run_id"": 1411, ""source"": ""workflow_execution""}"
2822,93,2026-02-21,data_credit,ai_research,374,6477,"{""workflow_run_id"": 1411, ""source"": ""data_provider_or_ai""}"
2823,93,2026-01-17,action,personalized_outbound,2846,6482,"{""workflow_run_id"": 1412, ""source"": ""workflow_execution""}"
2824,93,2026-01-17,data_credit,enrichment,661,6482,"{""workflow_run_id"": 1412, ""source"": ""data_provider_or_ai""}"
2825,93,2026-03-08,action,personalized_outbound,1846,6487,"{""workflow_run_id"": 1413, ""source"": ""workflow_execution""}"
2826,93,2026-03-08,data_credit,waterfall,718,6487,"{""workflow_run_id"": 1413, ""source"": ""data_provider_or_ai""}"
2827,93,2026-03-25,action,ai_account_research,2419,6492,"{""workflow_run_id"": 1414, ""source"": ""workflow_execution""}"
2828,93,2026-03-25,data_credit,waterfall,309,6492,"{""workflow_run_id"": 1414, ""source"": ""data_provider_or_ai""}"
2829,93,2026-03-23,action,waterfall_enrichment,2362,6497,"{""workflow_run_id"": 1415, ""source"": ""workflow_execution""}"
2830,93,2026-03-23,data_credit,waterfall,306,6497,"{""workflow_run_id"": 1415, ""source"": ""data_provider_or_ai""}"
2831,93,2026-02-23,action,ai_account_research,549,6502,"{""workflow_run_id"": 1416, ""source"": ""workflow_execution""}"
2832,93,2026-02-23,data_credit,waterfall,785,6502,"{""workflow_run_id"": 1416, ""source"": ""data_provider_or_ai""}"
2833,93,2026-01-21,action,waterfall_enrichment,1072,6507,"{""workflow_run_id"": 1417, ""source"": ""workflow_execution""}"
2834,93,2026-01-21,data_credit,enrichment,528,6507,"{""workflow_run_id"": 1417, ""source"": ""data_provider_or_ai""}"
2835,93,2026-01-27,action,waterfall_enrichment,2863,6512,"{""workflow_run_id"": 1418, ""source"": ""workflow_execution""}"
2836,93,2026-01-27,data_credit,waterfall,473,6512,"{""workflow_run_id"": 1418, ""source"": ""data_provider_or_ai""}"
2837,93,2026-04-06,action,ai_account_research,2291,6517,"{""workflow_run_id"": 1419, ""source"": ""workflow_execution""}"
2838,93,2026-04-06,data_credit,ai_research,535,6517,"{""workflow_run_id"": 1419, ""source"": ""data_provider_or_ai""}"
2839,93,2026-01-29,action,waterfall_enrichment,2151,6522,"{""workflow_run_id"": 1420, ""source"": ""workflow_execution""}"
2840,93,2026-01-29,data_credit,ai_research,176,6522,"{""workflow_run_id"": 1420, ""source"": ""data_provider_or_ai""}"
2841,94,2026-02-14,action,waterfall_enrichment,1060,6527,"{""workflow_run_id"": 1421, ""source"": ""workflow_execution""}"
2842,94,2026-02-14,data_credit,ai_research,364,6527,"{""workflow_run_id"": 1421, ""source"": ""data_provider_or_ai""}"
2843,94,2026-02-21,action,crm_sync,1834,6532,"{""workflow_run_id"": 1422, ""source"": ""workflow_execution""}"
2844,94,2026-02-21,data_credit,waterfall,507,6532,"{""workflow_run_id"": 1422, ""source"": ""data_provider_or_ai""}"
2845,94,2026-03-07,action,ai_account_research,2704,6535,"{""workflow_run_id"": 1423, ""source"": ""workflow_execution""}"
2846,94,2026-03-07,data_credit,enrichment,184,6535,"{""workflow_run_id"": 1423, ""source"": ""data_provider_or_ai""}"
2847,94,2026-02-14,action,lead_enrichment,1406,6540,"{""workflow_run_id"": 1424, ""source"": ""workflow_execution""}"
2848,94,2026-02-14,data_credit,ai_research,542,6540,"{""workflow_run_id"": 1424, ""source"": ""data_provider_or_ai""}"
2849,94,2026-03-30,action,lead_enrichment,1968,6543,"{""workflow_run_id"": 1425, ""source"": ""workflow_execution""}"
2850,94,2026-03-30,data_credit,enrichment,28,6543,"{""workflow_run_id"": 1425, ""source"": ""data_provider_or_ai""}"
2851,94,2026-01-16,action,lead_enrichment,1967,6548,"{""workflow_run_id"": 1426, ""source"": ""workflow_execution""}"
2852,94,2026-01-16,data_credit,waterfall,499,6548,"{""workflow_run_id"": 1426, ""source"": ""data_provider_or_ai""}"
2853,95,2026-01-05,action,lead_enrichment,616,6551,"{""workflow_run_id"": 1427, ""source"": ""workflow_execution""}"
2854,95,2026-01-05,data_credit,ai_research,319,6551,"{""workflow_run_id"": 1427, ""source"": ""data_provider_or_ai""}"
2855,95,2026-03-08,action,personalized_outbound,651,6556,"{""workflow_run_id"": 1428, ""source"": ""workflow_execution""}"
2856,95,2026-03-08,data_credit,ai_research,335,6556,"{""workflow_run_id"": 1428, ""source"": ""data_provider_or_ai""}"
2857,95,2026-03-29,action,personalized_outbound,1911,6559,"{""workflow_run_id"": 1429, ""source"": ""workflow_execution""}"
2858,95,2026-03-29,data_credit,waterfall,659,6559,"{""workflow_run_id"": 1429, ""source"": ""data_provider_or_ai""}"
2859,95,2026-03-09,action,crm_sync,1103,6564,"{""workflow_run_id"": 1430, ""source"": ""workflow_execution""}"
2860,95,2026-03-09,data_credit,enrichment,159,6564,"{""workflow_run_id"": 1430, ""source"": ""data_provider_or_ai""}"
2861,95,2026-01-14,action,crm_sync,733,6569,"{""workflow_run_id"": 1431, ""source"": ""workflow_execution""}"
2862,95,2026-01-14,data_credit,ai_research,382,6569,"{""workflow_run_id"": 1431, ""source"": ""data_provider_or_ai""}"
2863,95,2026-04-01,action,crm_sync,2524,6574,"{""workflow_run_id"": 1432, ""source"": ""workflow_execution""}"
2864,95,2026-04-01,data_credit,waterfall,47,6574,"{""workflow_run_id"": 1432, ""source"": ""data_provider_or_ai""}"
2865,95,2026-01-21,action,waterfall_enrichment,2395,6579,"{""workflow_run_id"": 1433, ""source"": ""workflow_execution""}"
2866,95,2026-01-21,data_credit,waterfall,291,6579,"{""workflow_run_id"": 1433, ""source"": ""data_provider_or_ai""}"
2867,95,2026-01-21,action,lead_enrichment,731,6582,"{""workflow_run_id"": 1434, ""source"": ""workflow_execution""}"
2868,95,2026-01-21,data_credit,waterfall,431,6582,"{""workflow_run_id"": 1434, ""source"": ""data_provider_or_ai""}"
2869,95,2026-01-20,action,crm_sync,329,6587,"{""workflow_run_id"": 1435, ""source"": ""workflow_execution""}"
2870,95,2026-01-20,data_credit,enrichment,730,6587,"{""workflow_run_id"": 1435, ""source"": ""data_provider_or_ai""}"
2871,95,2026-03-30,action,crm_sync,2826,6590,"{""workflow_run_id"": 1436, ""source"": ""workflow_execution""}"
2872,95,2026-03-30,data_credit,enrichment,540,6590,"{""workflow_run_id"": 1436, ""source"": ""data_provider_or_ai""}"
2873,95,2026-03-19,action,waterfall_enrichment,2416,6593,"{""workflow_run_id"": 1437, ""source"": ""workflow_execution""}"
2874,95,2026-03-19,data_credit,ai_research,419,6593,"{""workflow_run_id"": 1437, ""source"": ""data_provider_or_ai""}"
2875,95,2026-03-20,action,waterfall_enrichment,951,6598,"{""workflow_run_id"": 1438, ""source"": ""workflow_execution""}"
2876,95,2026-03-20,data_credit,ai_research,528,6598,"{""workflow_run_id"": 1438, ""source"": ""data_provider_or_ai""}"
2877,95,2026-03-20,action,personalized_outbound,1550,6601,"{""workflow_run_id"": 1439, ""source"": ""workflow_execution""}"
2878,95,2026-03-20,data_credit,enrichment,768,6601,"{""workflow_run_id"": 1439, ""source"": ""data_provider_or_ai""}"
2879,95,2026-03-22,action,waterfall_enrichment,639,6606,"{""workflow_run_id"": 1440, ""source"": ""workflow_execution""}"
2880,95,2026-03-22,data_credit,enrichment,400,6606,"{""workflow_run_id"": 1440, ""source"": ""data_provider_or_ai""}"
2881,95,2026-03-28,action,personalized_outbound,2434,6611,"{""workflow_run_id"": 1441, ""source"": ""workflow_execution""}"
2882,95,2026-03-28,data_credit,waterfall,444,6611,"{""workflow_run_id"": 1441, ""source"": ""data_provider_or_ai""}"
2883,95,2026-02-06,action,crm_sync,1279,6614,"{""workflow_run_id"": 1442, ""source"": ""workflow_execution""}"
2884,95,2026-02-06,data_credit,waterfall,717,6614,"{""workflow_run_id"": 1442, ""source"": ""data_provider_or_ai""}"
2885,95,2026-03-29,action,lead_enrichment,1990,6619,"{""workflow_run_id"": 1443, ""source"": ""workflow_execution""}"
2886,95,2026-03-29,data_credit,ai_research,438,6619,"{""workflow_run_id"": 1443, ""source"": ""data_provider_or_ai""}"
2887,96,2026-05-07,action,ai_account_research,984,6624,"{""workflow_run_id"": 1444, ""source"": ""workflow_execution""}"
2888,96,2026-05-07,data_credit,ai_research,642,6624,"{""workflow_run_id"": 1444, ""source"": ""data_provider_or_ai""}"
2889,96,2026-04-30,action,crm_sync,1506,6629,"{""workflow_run_id"": 1445, ""source"": ""workflow_execution""}"
2890,96,2026-04-30,data_credit,ai_research,241,6629,"{""workflow_run_id"": 1445, ""source"": ""data_provider_or_ai""}"
2891,96,2026-02-23,action,waterfall_enrichment,2013,6632,"{""workflow_run_id"": 1446, ""source"": ""workflow_execution""}"
2892,96,2026-02-23,data_credit,enrichment,480,6632,"{""workflow_run_id"": 1446, ""source"": ""data_provider_or_ai""}"
2893,96,2026-02-28,action,ai_account_research,2033,6637,"{""workflow_run_id"": 1447, ""source"": ""workflow_execution""}"
2894,96,2026-02-28,data_credit,enrichment,174,6637,"{""workflow_run_id"": 1447, ""source"": ""data_provider_or_ai""}"
2895,96,2026-02-18,action,waterfall_enrichment,2643,6642,"{""workflow_run_id"": 1448, ""source"": ""workflow_execution""}"
2896,96,2026-02-18,data_credit,enrichment,50,6642,"{""workflow_run_id"": 1448, ""source"": ""data_provider_or_ai""}"
2897,96,2026-03-08,action,personalized_outbound,1833,6647,"{""workflow_run_id"": 1449, ""source"": ""workflow_execution""}"
2898,96,2026-03-08,data_credit,waterfall,525,6647,"{""workflow_run_id"": 1449, ""source"": ""data_provider_or_ai""}"
2899,96,2026-03-31,action,waterfall_enrichment,2873,6652,"{""workflow_run_id"": 1450, ""source"": ""workflow_execution""}"
2900,96,2026-03-31,data_credit,enrichment,422,6652,"{""workflow_run_id"": 1450, ""source"": ""data_provider_or_ai""}"
2901,96,2026-04-13,action,crm_sync,1311,6657,"{""workflow_run_id"": 1451, ""source"": ""workflow_execution""}"
2902,96,2026-04-13,data_credit,enrichment,639,6657,"{""workflow_run_id"": 1451, ""source"": ""data_provider_or_ai""}"
2903,96,2026-04-29,action,waterfall_enrichment,2659,6662,"{""workflow_run_id"": 1452, ""source"": ""workflow_execution""}"
2904,96,2026-04-29,data_credit,waterfall,261,6662,"{""workflow_run_id"": 1452, ""source"": ""data_provider_or_ai""}"
2905,96,2026-04-30,action,crm_sync,703,6667,"{""workflow_run_id"": 1453, ""source"": ""workflow_execution""}"
2906,96,2026-04-30,data_credit,enrichment,284,6667,"{""workflow_run_id"": 1453, ""source"": ""data_provider_or_ai""}"
2907,96,2026-04-12,action,waterfall_enrichment,2132,6672,"{""workflow_run_id"": 1454, ""source"": ""workflow_execution""}"
2908,96,2026-04-12,data_credit,enrichment,140,6672,"{""workflow_run_id"": 1454, ""source"": ""data_provider_or_ai""}"
2909,96,2026-04-02,action,ai_account_research,2310,6675,"{""workflow_run_id"": 1455, ""source"": ""workflow_execution""}"
2910,96,2026-04-02,data_credit,enrichment,761,6675,"{""workflow_run_id"": 1455, ""source"": ""data_provider_or_ai""}"
2911,96,2026-03-29,action,ai_account_research,2883,6678,"{""workflow_run_id"": 1456, ""source"": ""workflow_execution""}"
2912,96,2026-03-29,data_credit,ai_research,636,6678,"{""workflow_run_id"": 1456, ""source"": ""data_provider_or_ai""}"
2913,96,2026-04-12,action,waterfall_enrichment,1892,6681,"{""workflow_run_id"": 1457, ""source"": ""workflow_execution""}"
2914,96,2026-04-12,data_credit,waterfall,104,6681,"{""workflow_run_id"": 1457, ""source"": ""data_provider_or_ai""}"
2915,96,2026-05-07,action,waterfall_enrichment,374,6684,"{""workflow_run_id"": 1458, ""source"": ""workflow_execution""}"
2916,96,2026-05-07,data_credit,enrichment,300,6684,"{""workflow_run_id"": 1458, ""source"": ""data_provider_or_ai""}"
2917,96,2026-04-18,action,ai_account_research,752,6689,"{""workflow_run_id"": 1459, ""source"": ""workflow_execution""}"
2918,96,2026-04-18,data_credit,ai_research,145,6689,"{""workflow_run_id"": 1459, ""source"": ""data_provider_or_ai""}"
2919,97,2026-02-27,action,crm_sync,1884,6692,"{""workflow_run_id"": 1460, ""source"": ""workflow_execution""}"
2920,97,2026-02-27,data_credit,ai_research,338,6692,"{""workflow_run_id"": 1460, ""source"": ""data_provider_or_ai""}"
2921,97,2026-03-28,action,crm_sync,1229,6697,"{""workflow_run_id"": 1461, ""source"": ""workflow_execution""}"
2922,97,2026-03-28,data_credit,enrichment,165,6697,"{""workflow_run_id"": 1461, ""source"": ""data_provider_or_ai""}"
2923,98,2026-03-25,action,ai_account_research,558,6700,"{""workflow_run_id"": 1462, ""source"": ""workflow_execution""}"
2924,98,2026-03-25,data_credit,ai_research,540,6700,"{""workflow_run_id"": 1462, ""source"": ""data_provider_or_ai""}"
2925,98,2026-04-26,action,crm_sync,2997,6705,"{""workflow_run_id"": 1463, ""source"": ""workflow_execution""}"
2926,98,2026-04-26,data_credit,enrichment,555,6705,"{""workflow_run_id"": 1463, ""source"": ""data_provider_or_ai""}"
2927,98,2026-03-12,action,personalized_outbound,2895,6708,"{""workflow_run_id"": 1464, ""source"": ""workflow_execution""}"
2928,98,2026-03-12,data_credit,enrichment,416,6708,"{""workflow_run_id"": 1464, ""source"": ""data_provider_or_ai""}"
2929,98,2026-04-29,action,personalized_outbound,578,6713,"{""workflow_run_id"": 1465, ""source"": ""workflow_execution""}"
2930,98,2026-04-29,data_credit,waterfall,516,6713,"{""workflow_run_id"": 1465, ""source"": ""data_provider_or_ai""}"
2931,98,2026-03-30,action,personalized_outbound,608,6718,"{""workflow_run_id"": 1466, ""source"": ""workflow_execution""}"
2932,98,2026-03-30,data_credit,waterfall,394,6718,"{""workflow_run_id"": 1466, ""source"": ""data_provider_or_ai""}"
2933,98,2026-02-09,action,crm_sync,989,6723,"{""workflow_run_id"": 1467, ""source"": ""workflow_execution""}"
2934,98,2026-02-09,data_credit,enrichment,667,6723,"{""workflow_run_id"": 1467, ""source"": ""data_provider_or_ai""}"
2935,98,2026-04-18,action,crm_sync,2538,6726,"{""workflow_run_id"": 1468, ""source"": ""workflow_execution""}"
2936,98,2026-04-18,data_credit,waterfall,794,6726,"{""workflow_run_id"": 1468, ""source"": ""data_provider_or_ai""}"
2937,98,2026-03-08,action,ai_account_research,200,6731,"{""workflow_run_id"": 1469, ""source"": ""workflow_execution""}"
2938,98,2026-03-08,data_credit,ai_research,163,6731,"{""workflow_run_id"": 1469, ""source"": ""data_provider_or_ai""}"
2939,98,2026-03-06,action,ai_account_research,1886,6736,"{""workflow_run_id"": 1470, ""source"": ""workflow_execution""}"
2940,98,2026-03-06,data_credit,ai_research,383,6736,"{""workflow_run_id"": 1470, ""source"": ""data_provider_or_ai""}"
2941,98,2026-03-04,action,waterfall_enrichment,1853,6741,"{""workflow_run_id"": 1471, ""source"": ""workflow_execution""}"
2942,98,2026-03-04,data_credit,ai_research,128,6741,"{""workflow_run_id"": 1471, ""source"": ""data_provider_or_ai""}"
2943,98,2026-04-28,action,personalized_outbound,1888,6746,"{""workflow_run_id"": 1472, ""source"": ""workflow_execution""}"
2944,98,2026-04-28,data_credit,ai_research,181,6746,"{""workflow_run_id"": 1472, ""source"": ""data_provider_or_ai""}"
2945,98,2026-04-20,action,personalized_outbound,706,6751,"{""workflow_run_id"": 1473, ""source"": ""workflow_execution""}"
2946,98,2026-04-20,data_credit,ai_research,472,6751,"{""workflow_run_id"": 1473, ""source"": ""data_provider_or_ai""}"
2947,98,2026-04-17,action,crm_sync,876,6756,"{""workflow_run_id"": 1474, ""source"": ""workflow_execution""}"
2948,98,2026-04-17,data_credit,ai_research,423,6756,"{""workflow_run_id"": 1474, ""source"": ""data_provider_or_ai""}"
2949,98,2026-02-27,action,crm_sync,2148,6761,"{""workflow_run_id"": 1475, ""source"": ""workflow_execution""}"
2950,98,2026-02-27,data_credit,ai_research,264,6761,"{""workflow_run_id"": 1475, ""source"": ""data_provider_or_ai""}"
2951,98,2026-02-20,action,personalized_outbound,2207,6766,"{""workflow_run_id"": 1476, ""source"": ""workflow_execution""}"
2952,98,2026-02-20,data_credit,ai_research,768,6766,"{""workflow_run_id"": 1476, ""source"": ""data_provider_or_ai""}"
2953,98,2026-04-23,action,crm_sync,1275,6769,"{""workflow_run_id"": 1477, ""source"": ""workflow_execution""}"
2954,98,2026-04-23,data_credit,ai_research,407,6769,"{""workflow_run_id"": 1477, ""source"": ""data_provider_or_ai""}"
2955,98,2026-04-24,action,waterfall_enrichment,2863,6772,"{""workflow_run_id"": 1478, ""source"": ""workflow_execution""}"
2956,98,2026-04-24,data_credit,ai_research,415,6772,"{""workflow_run_id"": 1478, ""source"": ""data_provider_or_ai""}"
2957,98,2026-04-13,action,waterfall_enrichment,2065,6775,"{""workflow_run_id"": 1479, ""source"": ""workflow_execution""}"
2958,98,2026-04-13,data_credit,waterfall,621,6775,"{""workflow_run_id"": 1479, ""source"": ""data_provider_or_ai""}"
2959,98,2026-03-19,action,waterfall_enrichment,832,6780,"{""workflow_run_id"": 1480, ""source"": ""workflow_execution""}"
2960,98,2026-03-19,data_credit,waterfall,624,6780,"{""workflow_run_id"": 1480, ""source"": ""data_provider_or_ai""}"
2961,98,2026-02-18,action,ai_account_research,645,6785,"{""workflow_run_id"": 1481, ""source"": ""workflow_execution""}"
2962,98,2026-02-18,data_credit,ai_research,590,6785,"{""workflow_run_id"": 1481, ""source"": ""data_provider_or_ai""}"
2963,98,2026-02-03,action,personalized_outbound,1645,6790,"{""workflow_run_id"": 1482, ""source"": ""workflow_execution""}"
2964,98,2026-02-03,data_credit,ai_research,642,6790,"{""workflow_run_id"": 1482, ""source"": ""data_provider_or_ai""}"
2965,98,2026-04-29,action,lead_enrichment,1657,6795,"{""workflow_run_id"": 1483, ""source"": ""workflow_execution""}"
2966,98,2026-04-29,data_credit,enrichment,599,6795,"{""workflow_run_id"": 1483, ""source"": ""data_provider_or_ai""}"
2967,98,2026-02-26,action,ai_account_research,1547,6798,"{""workflow_run_id"": 1484, ""source"": ""workflow_execution""}"
2968,98,2026-02-26,data_credit,ai_research,122,6798,"{""workflow_run_id"": 1484, ""source"": ""data_provider_or_ai""}"
2969,98,2026-04-17,action,lead_enrichment,1808,6803,"{""workflow_run_id"": 1485, ""source"": ""workflow_execution""}"
2970,98,2026-04-17,data_credit,enrichment,108,6803,"{""workflow_run_id"": 1485, ""source"": ""data_provider_or_ai""}"
2971,98,2026-04-26,action,personalized_outbound,2858,6808,"{""workflow_run_id"": 1486, ""source"": ""workflow_execution""}"
2972,98,2026-04-26,data_credit,enrichment,181,6808,"{""workflow_run_id"": 1486, ""source"": ""data_provider_or_ai""}"
2973,98,2026-02-03,action,lead_enrichment,1292,6813,"{""workflow_run_id"": 1487, ""source"": ""workflow_execution""}"
2974,98,2026-02-03,data_credit,waterfall,24,6813,"{""workflow_run_id"": 1487, ""source"": ""data_provider_or_ai""}"
2975,98,2026-04-11,action,waterfall_enrichment,2090,6818,"{""workflow_run_id"": 1488, ""source"": ""workflow_execution""}"
2976,98,2026-04-11,data_credit,ai_research,670,6818,"{""workflow_run_id"": 1488, ""source"": ""data_provider_or_ai""}"
2977,99,2026-03-05,action,lead_enrichment,2333,6823,"{""workflow_run_id"": 1489, ""source"": ""workflow_execution""}"
2978,99,2026-03-05,data_credit,enrichment,764,6823,"{""workflow_run_id"": 1489, ""source"": ""data_provider_or_ai""}"
2979,99,2026-03-27,action,lead_enrichment,1674,6828,"{""workflow_run_id"": 1490, ""source"": ""workflow_execution""}"
2980,99,2026-03-27,data_credit,ai_research,184,6828,"{""workflow_run_id"": 1490, ""source"": ""data_provider_or_ai""}"
2981,99,2026-03-09,action,ai_account_research,553,6833,"{""workflow_run_id"": 1491, ""source"": ""workflow_execution""}"
2982,99,2026-03-09,data_credit,ai_research,135,6833,"{""workflow_run_id"": 1491, ""source"": ""data_provider_or_ai""}"
2983,99,2026-04-19,action,personalized_outbound,164,6838,"{""workflow_run_id"": 1492, ""source"": ""workflow_execution""}"
2984,99,2026-04-19,data_credit,enrichment,194,6838,"{""workflow_run_id"": 1492, ""source"": ""data_provider_or_ai""}"
2985,99,2026-02-24,action,lead_enrichment,1932,6843,"{""workflow_run_id"": 1493, ""source"": ""workflow_execution""}"
2986,99,2026-02-24,data_credit,ai_research,350,6843,"{""workflow_run_id"": 1493, ""source"": ""data_provider_or_ai""}"
2987,99,2026-02-19,action,crm_sync,265,6848,"{""workflow_run_id"": 1494, ""source"": ""workflow_execution""}"
2988,99,2026-02-19,data_credit,waterfall,367,6848,"{""workflow_run_id"": 1494, ""source"": ""data_provider_or_ai""}"
2989,99,2026-03-20,action,lead_enrichment,144,6853,"{""workflow_run_id"": 1495, ""source"": ""workflow_execution""}"
2990,99,2026-03-20,data_credit,enrichment,389,6853,"{""workflow_run_id"": 1495, ""source"": ""data_provider_or_ai""}"
2991,99,2026-03-02,action,ai_account_research,363,6858,"{""workflow_run_id"": 1496, ""source"": ""workflow_execution""}"
2992,99,2026-03-02,data_credit,waterfall,87,6858,"{""workflow_run_id"": 1496, ""source"": ""data_provider_or_ai""}"
2993,99,2026-04-20,action,crm_sync,1934,6863,"{""workflow_run_id"": 1497, ""source"": ""workflow_execution""}"
2994,99,2026-04-20,data_credit,waterfall,775,6863,"{""workflow_run_id"": 1497, ""source"": ""data_provider_or_ai""}"
2995,99,2026-05-07,action,crm_sync,2961,6868,"{""workflow_run_id"": 1498, ""source"": ""workflow_execution""}"
2996,99,2026-05-07,data_credit,ai_research,436,6868,"{""workflow_run_id"": 1498, ""source"": ""data_provider_or_ai""}"
2997,99,2026-05-18,action,waterfall_enrichment,2825,6873,"{""workflow_run_id"": 1499, ""source"": ""workflow_execution""}"
2998,99,2026-05-18,data_credit,waterfall,230,6873,"{""workflow_run_id"": 1499, ""source"": ""data_provider_or_ai""}"
2999,99,2026-02-19,action,crm_sync,1577,6878,"{""workflow_run_id"": 1500, ""source"": ""workflow_execution""}"
3000,99,2026-02-19,data_credit,waterfall,745,6878,"{""workflow_run_id"": 1500, ""source"": ""data_provider_or_ai""}"
3001,99,2026-04-23,action,ai_account_research,1272,6881,"{""workflow_run_id"": 1501, ""source"": ""workflow_execution""}"
3002,99,2026-04-23,data_credit,ai_research,566,6881,"{""workflow_run_id"": 1501, ""source"": ""data_provider_or_ai""}"
3003,99,2026-03-25,action,ai_account_research,737,6886,"{""workflow_run_id"": 1502, ""source"": ""workflow_execution""}"
3004,99,2026-03-25,data_credit,enrichment,504,6886,"{""workflow_run_id"": 1502, ""source"": ""data_provider_or_ai""}"
3005,99,2026-04-02,action,ai_account_research,1633,6891,"{""workflow_run_id"": 1503, ""source"": ""workflow_execution""}"
3006,99,2026-04-02,data_credit,waterfall,427,6891,"{""workflow_run_id"": 1503, ""source"": ""data_provider_or_ai""}"
3007,99,2026-03-16,action,crm_sync,580,6896,"{""workflow_run_id"": 1504, ""source"": ""workflow_execution""}"
3008,99,2026-03-16,data_credit,waterfall,777,6896,"{""workflow_run_id"": 1504, ""source"": ""data_provider_or_ai""}"
3009,99,2026-03-30,action,crm_sync,1650,6901,"{""workflow_run_id"": 1505, ""source"": ""workflow_execution""}"
3010,99,2026-03-30,data_credit,waterfall,263,6901,"{""workflow_run_id"": 1505, ""source"": ""data_provider_or_ai""}"
3011,99,2026-03-05,action,ai_account_research,978,6906,"{""workflow_run_id"": 1506, ""source"": ""workflow_execution""}"
3012,99,2026-03-05,data_credit,waterfall,687,6906,"{""workflow_run_id"": 1506, ""source"": ""data_provider_or_ai""}"
3013,99,2026-05-09,action,crm_sync,2066,6911,"{""workflow_run_id"": 1507, ""source"": ""workflow_execution""}"
3014,99,2026-05-09,data_credit,enrichment,602,6911,"{""workflow_run_id"": 1507, ""source"": ""data_provider_or_ai""}"
3015,99,2026-05-17,action,crm_sync,2721,6916,"{""workflow_run_id"": 1508, ""source"": ""workflow_execution""}"
3016,99,2026-05-17,data_credit,ai_research,716,6916,"{""workflow_run_id"": 1508, ""source"": ""data_provider_or_ai""}"
3017,99,2026-03-12,action,lead_enrichment,2225,6921,"{""workflow_run_id"": 1509, ""source"": ""workflow_execution""}"
3018,99,2026-03-12,data_credit,waterfall,522,6921,"{""workflow_run_id"": 1509, ""source"": ""data_provider_or_ai""}"
3019,99,2026-05-19,action,crm_sync,109,6926,"{""workflow_run_id"": 1510, ""source"": ""workflow_execution""}"
3020,99,2026-05-19,data_credit,waterfall,162,6926,"{""workflow_run_id"": 1510, ""source"": ""data_provider_or_ai""}"
3021,99,2026-03-15,action,lead_enrichment,250,6931,"{""workflow_run_id"": 1511, ""source"": ""workflow_execution""}"
3022,99,2026-03-15,data_credit,waterfall,493,6931,"{""workflow_run_id"": 1511, ""source"": ""data_provider_or_ai""}"
3023,99,2026-04-10,action,personalized_outbound,377,6936,"{""workflow_run_id"": 1512, ""source"": ""workflow_execution""}"
3024,99,2026-04-10,data_credit,ai_research,755,6936,"{""workflow_run_id"": 1512, ""source"": ""data_provider_or_ai""}"
3025,99,2026-05-04,action,crm_sync,1697,6941,"{""workflow_run_id"": 1513, ""source"": ""workflow_execution""}"
3026,99,2026-05-04,data_credit,ai_research,474,6941,"{""workflow_run_id"": 1513, ""source"": ""data_provider_or_ai""}"
3027,99,2026-02-21,action,lead_enrichment,1556,6946,"{""workflow_run_id"": 1514, ""source"": ""workflow_execution""}"
3028,99,2026-02-21,data_credit,waterfall,584,6946,"{""workflow_run_id"": 1514, ""source"": ""data_provider_or_ai""}"
3029,99,2026-04-12,action,waterfall_enrichment,2816,6951,"{""workflow_run_id"": 1515, ""source"": ""workflow_execution""}"
3030,99,2026-04-12,data_credit,ai_research,160,6951,"{""workflow_run_id"": 1515, ""source"": ""data_provider_or_ai""}"
3031,99,2026-03-30,action,lead_enrichment,2519,6956,"{""workflow_run_id"": 1516, ""source"": ""workflow_execution""}"
3032,99,2026-03-30,data_credit,enrichment,358,6956,"{""workflow_run_id"": 1516, ""source"": ""data_provider_or_ai""}"
3033,99,2026-04-17,action,crm_sync,437,6961,"{""workflow_run_id"": 1517, ""source"": ""workflow_execution""}"
3034,99,2026-04-17,data_credit,ai_research,695,6961,"{""workflow_run_id"": 1517, ""source"": ""data_provider_or_ai""}"
3035,99,2026-04-01,action,ai_account_research,1490,6966,"{""workflow_run_id"": 1518, ""source"": ""workflow_execution""}"
3036,99,2026-04-01,data_credit,enrichment,295,6966,"{""workflow_run_id"": 1518, ""source"": ""data_provider_or_ai""}"
3037,99,2026-04-16,action,crm_sync,2989,6971,"{""workflow_run_id"": 1519, ""source"": ""workflow_execution""}"
3038,99,2026-04-16,data_credit,ai_research,273,6971,"{""workflow_run_id"": 1519, ""source"": ""data_provider_or_ai""}"
3039,99,2026-03-11,action,lead_enrichment,2552,6976,"{""workflow_run_id"": 1520, ""source"": ""workflow_execution""}"
3040,99,2026-03-11,data_credit,waterfall,530,6976,"{""workflow_run_id"": 1520, ""source"": ""data_provider_or_ai""}"
3041,99,2026-04-23,action,personalized_outbound,350,6981,"{""workflow_run_id"": 1521, ""source"": ""workflow_execution""}"
3042,99,2026-04-23,data_credit,ai_research,536,6981,"{""workflow_run_id"": 1521, ""source"": ""data_provider_or_ai""}"
3043,99,2026-03-28,action,crm_sync,2902,6986,"{""workflow_run_id"": 1522, ""source"": ""workflow_execution""}"
3044,99,2026-03-28,data_credit,enrichment,88,6986,"{""workflow_run_id"": 1522, ""source"": ""data_provider_or_ai""}"
3045,99,2026-05-04,action,waterfall_enrichment,306,6989,"{""workflow_run_id"": 1523, ""source"": ""workflow_execution""}"
3046,99,2026-05-04,data_credit,ai_research,163,6989,"{""workflow_run_id"": 1523, ""source"": ""data_provider_or_ai""}"
3047,99,2026-05-09,action,crm_sync,1477,6994,"{""workflow_run_id"": 1524, ""source"": ""workflow_execution""}"
3048,99,2026-05-09,data_credit,enrichment,784,6994,"{""workflow_run_id"": 1524, ""source"": ""data_provider_or_ai""}"
3049,99,2026-04-19,action,crm_sync,2055,6999,"{""workflow_run_id"": 1525, ""source"": ""workflow_execution""}"
3050,99,2026-04-19,data_credit,enrichment,467,6999,"{""workflow_run_id"": 1525, ""source"": ""data_provider_or_ai""}"
3051,100,2026-04-20,action,personalized_outbound,2905,7004,"{""workflow_run_id"": 1526, ""source"": ""workflow_execution""}"
3052,100,2026-04-20,data_credit,ai_research,328,7004,"{""workflow_run_id"": 1526, ""source"": ""data_provider_or_ai""}"
3053,100,2026-05-06,action,personalized_outbound,2128,7007,"{""workflow_run_id"": 1527, ""source"": ""workflow_execution""}"
3054,100,2026-05-06,data_credit,ai_research,267,7007,"{""workflow_run_id"": 1527, ""source"": ""data_provider_or_ai""}"
3055,100,2026-06-07,action,ai_account_research,2752,7012,"{""workflow_run_id"": 1528, ""source"": ""workflow_execution""}"
3056,100,2026-06-07,data_credit,waterfall,203,7012,"{""workflow_run_id"": 1528, ""source"": ""data_provider_or_ai""}"
3057,100,2026-05-13,action,ai_account_research,2181,7015,"{""workflow_run_id"": 1529, ""source"": ""workflow_execution""}"
3058,100,2026-05-13,data_credit,ai_research,91,7015,"{""workflow_run_id"": 1529, ""source"": ""data_provider_or_ai""}"
3059,100,2026-04-24,action,crm_sync,2949,7018,"{""workflow_run_id"": 1530, ""source"": ""workflow_execution""}"
3060,100,2026-04-24,data_credit,enrichment,443,7018,"{""workflow_run_id"": 1530, ""source"": ""data_provider_or_ai""}"
