workflow_run_id,customer_id,user_id,workflow_id,started_at,completed_at,run_status,run_metadata
1,1,1,wf_1_1,2026-03-07,2026-03-07 02:00:00,completed,"{""workflow_category"": ""crm_sync"", ""template_used"": ""lead_enrichment"", ""records_input"": 1240}"
2,1,4,wf_1_2,2026-03-12,2026-03-12 00:36:00,completed,"{""workflow_category"": ""personalized_outbound"", ""template_used"": ""lead_enrichment"", ""records_input"": 1828}"
3,1,3,wf_1_3,2026-03-20,2026-03-20 00:53:00,completed,"{""workflow_category"": ""waterfall_enrichment"", ""template_used"": ""personalized_outbound"", ""records_input"": 1268}"
4,1,1,wf_1_4,2026-05-05,2026-05-05 00:25:00,completed,"{""workflow_category"": ""personalized_outbound"", ""template_used"": ""lead_enrichment"", ""records_input"": 380}"
5,1,3,wf_1_5,2026-04-08,2026-04-08 00:35:00,completed,"{""workflow_category"": ""ai_account_research"", ""template_used"": ""personalized_outbound"", ""records_input"": 1395}"
6,1,1,wf_1_6,2026-04-06,,failed,"{""workflow_category"": ""personalized_outbound"", ""template_used"": ""crm_enrichment"", ""records_input"": 2817}"
7,1,4,wf_1_7,2026-04-11,2026-04-11 00:31:00,completed,"{""workflow_category"": ""crm_sync"", ""template_used"": ""crm_enrichment"", ""records_input"": 308}"
8,1,1,wf_1_8,2026-05-12,2026-05-12 01:15:00,completed,"{""workflow_category"": ""ai_account_research"", ""template_used"": ""crm_enrichment"", ""records_input"": 1593}"
9,1,3,wf_1_9,2026-04-20,2026-04-20 01:47:00,completed,"{""workflow_category"": ""ai_account_research"", ""template_used"": ""lead_enrichment"", ""records_input"": 2972}"
10,2,10,wf_2_1,2026-04-30,,failed,"{""workflow_category"": ""personalized_outbound"", ""template_used"": ""crm_enrichment"", ""records_input"": 2004}"
11,2,5,wf_2_2,2026-05-02,2026-05-02 01:48:00,completed,"{""workflow_category"": ""lead_enrichment"", ""template_used"": ""lead_enrichment"", ""records_input"": 2046}"
12,2,8,wf_2_3,2026-04-26,,failed,"{""workflow_category"": ""personalized_outbound"", ""template_used"": ""account_research"", ""records_input"": 2383}"
13,2,10,wf_2_4,2026-06-03,2026-06-03 01:02:00,completed,"{""workflow_category"": ""ai_account_research"", ""template_used"": ""crm_enrichment"", ""records_input"": 2235}"
14,2,5,wf_2_5,2026-05-03,2026-05-03 00:54:00,completed,"{""workflow_category"": ""ai_account_research"", ""template_used"": ""personalized_outbound"", ""records_input"": 1769}"
15,2,9,wf_2_6,2026-05-12,2026-05-12 01:41:00,completed,"{""workflow_category"": ""waterfall_enrichment"", ""template_used"": ""lead_enrichment"", ""records_input"": 2099}"
16,2,8,wf_2_7,2026-04-10,2026-04-10 00:38:00,completed,"{""workflow_category"": ""ai_account_research"", ""template_used"": ""crm_enrichment"", ""records_input"": 1482}"
17,2,6,wf_2_8,2026-04-20,2026-04-20 01:05:00,completed,"{""workflow_category"": ""personalized_outbound"", ""template_used"": ""personalized_outbound"", ""records_input"": 2965}"
18,2,8,wf_2_9,2026-06-16,,failed,"{""workflow_category"": ""waterfall_enrichment"", ""template_used"": ""lead_enrichment"", ""records_input"": 411}"
19,2,8,wf_2_10,2026-06-25,2026-06-25 00:48:00,completed,"{""workflow_category"": ""waterfall_enrichment"", ""template_used"": ""account_research"", ""records_input"": 1875}"
20,3,13,wf_3_1,2026-04-17,,failed,"{""workflow_category"": ""waterfall_enrichment"", ""template_used"": ""personalized_outbound"", ""records_input"": 2354}"
21,3,13,wf_3_2,2026-05-24,,failed,"{""workflow_category"": ""ai_account_research"", ""template_used"": ""lead_enrichment"", ""records_input"": 1578}"
22,3,11,wf_3_3,2026-05-08,2026-05-08 01:06:00,completed,"{""workflow_category"": ""ai_account_research"", ""template_used"": ""crm_enrichment"", ""records_input"": 2056}"
23,3,12,wf_3_4,2026-05-19,2026-05-19 01:42:00,completed,"{""workflow_category"": ""personalized_outbound"", ""template_used"": ""personalized_outbound"", ""records_input"": 1945}"
24,4,17,wf_4_1,2026-06-05,2026-06-05 01:34:00,completed,"{""workflow_category"": ""crm_sync"", ""template_used"": ""personalized_outbound"", ""records_input"": 1893}"
25,4,17,wf_4_2,2026-06-02,,failed,"{""workflow_category"": ""waterfall_enrichment"", ""template_used"": ""personalized_outbound"", ""records_input"": 473}"
26,4,17,wf_4_3,2026-05-30,2026-05-30 00:46:00,completed,"{""workflow_category"": ""waterfall_enrichment"", ""template_used"": ""account_research"", ""records_input"": 2793}"
27,4,17,wf_4_4,2026-05-01,2026-05-01 01:25:00,completed,"{""workflow_category"": ""ai_account_research"", ""template_used"": ""lead_enrichment"", ""records_input"": 1372}"
28,4,15,wf_4_5,2026-06-20,2026-06-20 01:51:00,completed,"{""workflow_category"": ""waterfall_enrichment"", ""template_used"": ""personalized_outbound"", ""records_input"": 2357}"
29,4,15,wf_4_6,2026-06-05,2026-06-05 01:52:00,completed,"{""workflow_category"": ""waterfall_enrichment"", ""template_used"": ""personalized_outbound"", ""records_input"": 2306}"
30,4,15,wf_4_7,2026-06-09,2026-06-09 01:56:00,completed,"{""workflow_category"": ""waterfall_enrichment"", ""template_used"": ""personalized_outbound"", ""records_input"": 162}"
31,4,16,wf_4_8,2026-07-20,2026-07-20 00:15:00,completed,"{""workflow_category"": ""personalized_outbound"", ""template_used"": ""crm_enrichment"", ""records_input"": 2667}"
32,4,15,wf_4_9,2026-05-10,2026-05-10 01:01:00,completed,"{""workflow_category"": ""crm_sync"", ""template_used"": ""account_research"", ""records_input"": 1428}"
33,4,16,wf_4_10,2026-05-27,2026-05-27 01:04:00,completed,"{""workflow_category"": ""waterfall_enrichment"", ""template_used"": ""account_research"", ""records_input"": 2005}"
34,4,16,wf_4_11,2026-06-04,,failed,"{""workflow_category"": ""waterfall_enrichment"", ""template_used"": ""account_research"", ""records_input"": 2418}"
35,4,16,wf_4_12,2026-05-20,2026-05-20 00:30:00,completed,"{""workflow_category"": ""personalized_outbound"", ""template_used"": ""crm_enrichment"", ""records_input"": 773}"
36,4,15,wf_4_13,2026-06-17,2026-06-17 01:53:00,completed,"{""workflow_category"": ""crm_sync"", ""template_used"": ""personalized_outbound"", ""records_input"": 157}"
37,4,16,wf_4_14,2026-06-19,2026-06-19 00:19:00,completed,"{""workflow_category"": ""lead_enrichment"", ""template_used"": ""personalized_outbound"", ""records_input"": 575}"
38,4,15,wf_4_15,2026-05-10,2026-05-10 01:32:00,completed,"{""workflow_category"": ""crm_sync"", ""template_used"": ""personalized_outbound"", ""records_input"": 1230}"
39,4,16,wf_4_16,2026-07-12,2026-07-12 00:32:00,completed,"{""workflow_category"": ""ai_account_research"", ""template_used"": ""lead_enrichment"", ""records_input"": 2541}"
40,4,15,wf_4_17,2026-05-04,2026-05-04 00:21:00,completed,"{""workflow_category"": ""personalized_outbound"", ""template_used"": ""account_research"", ""records_input"": 2050}"
41,4,17,wf_4_18,2026-06-23,2026-06-23 00:14:00,completed,"{""workflow_category"": ""crm_sync"", ""template_used"": ""lead_enrichment"", ""records_input"": 369}"
42,4,16,wf_4_19,2026-06-25,2026-06-25 00:56:00,completed,"{""workflow_category"": ""lead_enrichment"", ""template_used"": ""personalized_outbound"", ""records_input"": 1380}"
43,4,17,wf_4_20,2026-06-12,2026-06-12 01:56:00,completed,"{""workflow_category"": ""waterfall_enrichment"", ""template_used"": ""account_research"", ""records_input"": 1278}"
44,4,17,wf_4_21,2026-07-08,2026-07-08 01:43:00,completed,"{""workflow_category"": ""personalized_outbound"", ""template_used"": ""account_research"", ""records_input"": 2594}"
45,4,16,wf_4_22,2026-06-20,2026-06-20 01:03:00,completed,"{""workflow_category"": ""crm_sync"", ""template_used"": ""crm_enrichment"", ""records_input"": 2424}"
46,4,16,wf_4_23,2026-07-02,2026-07-02 00:19:00,completed,"{""workflow_category"": ""lead_enrichment"", ""template_used"": ""personalized_outbound"", ""records_input"": 2258}"
47,4,15,wf_4_24,2026-05-13,2026-05-13 00:05:00,completed,"{""workflow_category"": ""waterfall_enrichment"", ""template_used"": ""lead_enrichment"", ""records_input"": 1657}"
48,4,15,wf_4_25,2026-05-12,2026-05-12 00:56:00,completed,"{""workflow_category"": ""crm_sync"", ""template_used"": ""personalized_outbound"", ""records_input"": 2924}"
49,4,15,wf_4_26,2026-06-11,2026-06-11 00:49:00,completed,"{""workflow_category"": ""ai_account_research"", ""template_used"": ""account_research"", ""records_input"": 699}"
50,4,17,wf_4_27,2026-06-24,,failed,"{""workflow_category"": ""personalized_outbound"", ""template_used"": ""crm_enrichment"", ""records_input"": 2669}"
51,4,15,wf_4_28,2026-06-24,2026-06-24 00:09:00,completed,"{""workflow_category"": ""crm_sync"", ""template_used"": ""account_research"", ""records_input"": 2619}"
52,4,15,wf_4_29,2026-07-01,,failed,"{""workflow_category"": ""waterfall_enrichment"", ""template_used"": ""crm_enrichment"", ""records_input"": 445}"
53,4,15,wf_4_30,2026-06-10,2026-06-10 01:31:00,completed,"{""workflow_category"": ""crm_sync"", ""template_used"": ""crm_enrichment"", ""records_input"": 487}"
54,4,15,wf_4_31,2026-05-08,2026-05-08 00:44:00,completed,"{""workflow_category"": ""crm_sync"", ""template_used"": ""account_research"", ""records_input"": 2746}"
55,4,15,wf_4_32,2026-07-04,2026-07-04 00:09:00,completed,"{""workflow_category"": ""personalized_outbound"", ""template_used"": ""personalized_outbound"", ""records_input"": 731}"
56,4,17,wf_4_33,2026-06-23,2026-06-23 01:04:00,completed,"{""workflow_category"": ""waterfall_enrichment"", ""template_used"": ""personalized_outbound"", ""records_input"": 763}"
57,4,15,wf_4_34,2026-05-26,2026-05-26 01:49:00,completed,"{""workflow_category"": ""crm_sync"", ""template_used"": ""personalized_outbound"", ""records_input"": 318}"
58,4,16,wf_4_35,2026-06-27,2026-06-27 01:34:00,completed,"{""workflow_category"": ""waterfall_enrichment"", ""template_used"": ""account_research"", ""records_input"": 424}"
59,4,16,wf_4_36,2026-07-10,2026-07-10 00:35:00,completed,"{""workflow_category"": ""crm_sync"", ""template_used"": ""account_research"", ""records_input"": 2618}"
60,4,15,wf_4_37,2026-07-07,2026-07-07 00:07:00,completed,"{""workflow_category"": ""waterfall_enrichment"", ""template_used"": ""personalized_outbound"", ""records_input"": 1629}"
61,4,15,wf_4_38,2026-06-26,2026-06-26 01:34:00,completed,"{""workflow_category"": ""ai_account_research"", ""template_used"": ""account_research"", ""records_input"": 1974}"
62,4,16,wf_4_39,2026-05-02,2026-05-02 01:41:00,completed,"{""workflow_category"": ""crm_sync"", ""template_used"": ""account_research"", ""records_input"": 2785}"
63,4,16,wf_4_40,2026-07-06,2026-07-06 00:42:00,completed,"{""workflow_category"": ""lead_enrichment"", ""template_used"": ""crm_enrichment"", ""records_input"": 1355}"
64,5,19,wf_5_1,2026-04-06,2026-04-06 01:23:00,completed,"{""workflow_category"": ""waterfall_enrichment"", ""template_used"": ""account_research"", ""records_input"": 655}"
65,5,20,wf_5_2,2026-03-27,,failed,"{""workflow_category"": ""lead_enrichment"", ""template_used"": ""crm_enrichment"", ""records_input"": 2014}"
66,5,21,wf_5_3,2026-05-24,,failed,"{""workflow_category"": ""ai_account_research"", ""template_used"": ""account_research"", ""records_input"": 608}"
67,5,19,wf_5_4,2026-05-17,2026-05-17 00:16:00,completed,"{""workflow_category"": ""ai_account_research"", ""template_used"": ""lead_enrichment"", ""records_input"": 2798}"
68,5,19,wf_5_5,2026-04-17,2026-04-17 01:03:00,completed,"{""workflow_category"": ""lead_enrichment"", ""template_used"": ""personalized_outbound"", ""records_input"": 1802}"
69,5,19,wf_5_6,2026-05-08,2026-05-08 00:20:00,completed,"{""workflow_category"": ""ai_account_research"", ""template_used"": ""account_research"", ""records_input"": 307}"
70,5,18,wf_5_7,2026-05-07,2026-05-07 00:35:00,completed,"{""workflow_category"": ""crm_sync"", ""template_used"": ""account_research"", ""records_input"": 1252}"
71,5,18,wf_5_8,2026-05-19,,failed,"{""workflow_category"": ""personalized_outbound"", ""template_used"": ""lead_enrichment"", ""records_input"": 496}"
72,5,20,wf_5_9,2026-05-14,2026-05-14 00:22:00,completed,"{""workflow_category"": ""personalized_outbound"", ""template_used"": ""lead_enrichment"", ""records_input"": 1709}"
73,5,19,wf_5_10,2026-05-25,2026-05-25 01:05:00,completed,"{""workflow_category"": ""personalized_outbound"", ""template_used"": ""account_research"", ""records_input"": 2490}"
74,5,21,wf_5_11,2026-05-02,2026-05-02 00:24:00,completed,"{""workflow_category"": ""ai_account_research"", ""template_used"": ""personalized_outbound"", ""records_input"": 355}"
75,5,21,wf_5_12,2026-04-05,2026-04-05 01:33:00,completed,"{""workflow_category"": ""crm_sync"", ""template_used"": ""crm_enrichment"", ""records_input"": 2395}"
76,5,19,wf_5_13,2026-04-13,2026-04-13 00:22:00,completed,"{""workflow_category"": ""personalized_outbound"", ""template_used"": ""lead_enrichment"", ""records_input"": 307}"
77,6,24,wf_6_1,2026-05-06,2026-05-06 00:37:00,completed,"{""workflow_category"": ""lead_enrichment"", ""template_used"": ""crm_enrichment"", ""records_input"": 1308}"
78,6,22,wf_6_2,2026-03-27,2026-03-27 00:43:00,completed,"{""workflow_category"": ""personalized_outbound"", ""template_used"": ""crm_enrichment"", ""records_input"": 2777}"
79,6,23,wf_6_3,2026-05-02,2026-05-02 00:33:00,completed,"{""workflow_category"": ""ai_account_research"", ""template_used"": ""lead_enrichment"", ""records_input"": 1963}"
80,6,23,wf_6_4,2026-03-10,2026-03-10 01:18:00,completed,"{""workflow_category"": ""ai_account_research"", ""template_used"": ""personalized_outbound"", ""records_input"": 576}"
81,6,24,wf_6_5,2026-04-12,2026-04-12 01:17:00,completed,"{""workflow_category"": ""waterfall_enrichment"", ""template_used"": ""crm_enrichment"", ""records_input"": 189}"
82,6,24,wf_6_6,2026-02-17,2026-02-17 00:41:00,completed,"{""workflow_category"": ""ai_account_research"", ""template_used"": ""personalized_outbound"", ""records_input"": 1633}"
83,6,23,wf_6_7,2026-05-10,2026-05-10 01:37:00,completed,"{""workflow_category"": ""personalized_outbound"", ""template_used"": ""lead_enrichment"", ""records_input"": 1113}"
84,6,24,wf_6_8,2026-02-25,2026-02-25 01:21:00,completed,"{""workflow_category"": ""personalized_outbound"", ""template_used"": ""account_research"", ""records_input"": 1102}"
85,6,24,wf_6_9,2026-03-26,2026-03-26 00:35:00,completed,"{""workflow_category"": ""ai_account_research"", ""template_used"": ""lead_enrichment"", ""records_input"": 1793}"
86,6,22,wf_6_10,2026-04-07,2026-04-07 00:57:00,completed,"{""workflow_category"": ""waterfall_enrichment"", ""template_used"": ""personalized_outbound"", ""records_input"": 1087}"
87,6,23,wf_6_11,2026-03-16,2026-03-16 00:37:00,completed,"{""workflow_category"": ""lead_enrichment"", ""template_used"": ""crm_enrichment"", ""records_input"": 478}"
88,6,22,wf_6_12,2026-02-28,,failed,"{""workflow_category"": ""waterfall_enrichment"", ""template_used"": ""lead_enrichment"", ""records_input"": 1724}"
89,6,24,wf_6_13,2026-04-06,2026-04-06 00:10:00,completed,"{""workflow_category"": ""ai_account_research"", ""template_used"": ""lead_enrichment"", ""records_input"": 166}"
90,7,31,wf_7_1,2026-05-28,2026-05-28 00:37:00,completed,"{""workflow_category"": ""crm_sync"", ""template_used"": ""personalized_outbound"", ""records_input"": 423}"
91,7,25,wf_7_2,2026-05-21,2026-05-21 00:12:00,completed,"{""workflow_category"": ""ai_account_research"", ""template_used"": ""personalized_outbound"", ""records_input"": 1877}"
92,7,29,wf_7_3,2026-04-25,,failed,"{""workflow_category"": ""crm_sync"", ""template_used"": ""account_research"", ""records_input"": 834}"
93,7,31,wf_7_4,2026-05-03,2026-05-03 00:54:00,completed,"{""workflow_category"": ""ai_account_research"", ""template_used"": ""account_research"", ""records_input"": 2151}"
94,7,28,wf_7_5,2026-05-23,2026-05-23 00:34:00,completed,"{""workflow_category"": ""waterfall_enrichment"", ""template_used"": ""lead_enrichment"", ""records_input"": 2884}"
95,7,25,wf_7_6,2026-04-30,2026-04-30 01:01:00,completed,"{""workflow_category"": ""crm_sync"", ""template_used"": ""lead_enrichment"", ""records_input"": 457}"
96,7,26,wf_7_7,2026-05-27,2026-05-27 00:26:00,completed,"{""workflow_category"": ""ai_account_research"", ""template_used"": ""crm_enrichment"", ""records_input"": 1333}"
97,7,31,wf_7_8,2026-05-11,2026-05-11 00:47:00,completed,"{""workflow_category"": ""waterfall_enrichment"", ""template_used"": ""crm_enrichment"", ""records_input"": 1903}"
98,7,27,wf_7_9,2026-06-11,,failed,"{""workflow_category"": ""ai_account_research"", ""template_used"": ""personalized_outbound"", ""records_input"": 1248}"
99,7,26,wf_7_10,2026-05-13,2026-05-13 01:31:00,completed,"{""workflow_category"": ""crm_sync"", ""template_used"": ""crm_enrichment"", ""records_input"": 2797}"
100,7,30,wf_7_11,2026-05-14,2026-05-14 01:14:00,completed,"{""workflow_category"": ""crm_sync"", ""template_used"": ""account_research"", ""records_input"": 547}"
101,7,26,wf_7_12,2026-05-27,2026-05-27 01:16:00,completed,"{""workflow_category"": ""personalized_outbound"", ""template_used"": ""personalized_outbound"", ""records_input"": 1632}"
102,7,28,wf_7_13,2026-05-04,2026-05-04 01:03:00,completed,"{""workflow_category"": ""personalized_outbound"", ""template_used"": ""crm_enrichment"", ""records_input"": 2050}"
103,7,26,wf_7_14,2026-04-11,2026-04-11 00:47:00,completed,"{""workflow_category"": ""waterfall_enrichment"", ""template_used"": ""personalized_outbound"", ""records_input"": 2679}"
104,7,30,wf_7_15,2026-05-02,2026-05-02 00:30:00,completed,"{""workflow_category"": ""crm_sync"", ""template_used"": ""personalized_outbound"", ""records_input"": 2261}"
105,7,28,wf_7_16,2026-05-08,2026-05-08 01:33:00,completed,"{""workflow_category"": ""waterfall_enrichment"", ""template_used"": ""lead_enrichment"", ""records_input"": 2454}"
106,7,29,wf_7_17,2026-04-15,2026-04-15 01:49:00,completed,"{""workflow_category"": ""personalized_outbound"", ""template_used"": ""personalized_outbound"", ""records_input"": 1775}"
107,7,25,wf_7_18,2026-05-24,2026-05-24 01:15:00,completed,"{""workflow_category"": ""personalized_outbound"", ""template_used"": ""crm_enrichment"", ""records_input"": 2324}"
108,7,27,wf_7_19,2026-04-29,,failed,"{""workflow_category"": ""waterfall_enrichment"", ""template_used"": ""crm_enrichment"", ""records_input"": 456}"
109,7,27,wf_7_20,2026-04-12,,failed,"{""workflow_category"": ""crm_sync"", ""template_used"": ""crm_enrichment"", ""records_input"": 2207}"
110,7,30,wf_7_21,2026-05-11,2026-05-11 01:07:00,completed,"{""workflow_category"": ""crm_sync"", ""template_used"": ""personalized_outbound"", ""records_input"": 1636}"
111,7,31,wf_7_22,2026-04-02,,failed,"{""workflow_category"": ""crm_sync"", ""template_used"": ""account_research"", ""records_input"": 2289}"
112,7,25,wf_7_23,2026-06-10,2026-06-10 01:45:00,completed,"{""workflow_category"": ""lead_enrichment"", ""template_used"": ""lead_enrichment"", ""records_input"": 1907}"
113,7,28,wf_7_24,2026-03-28,2026-03-28 00:55:00,completed,"{""workflow_category"": ""ai_account_research"", ""template_used"": ""account_research"", ""records_input"": 2982}"
114,7,25,wf_7_25,2026-03-31,2026-03-31 00:34:00,completed,"{""workflow_category"": ""lead_enrichment"", ""template_used"": ""crm_enrichment"", ""records_input"": 1605}"
115,7,25,wf_7_26,2026-05-13,2026-05-13 01:23:00,completed,"{""workflow_category"": ""ai_account_research"", ""template_used"": ""account_research"", ""records_input"": 673}"
116,7,28,wf_7_27,2026-05-11,2026-05-11 00:42:00,completed,"{""workflow_category"": ""ai_account_research"", ""template_used"": ""personalized_outbound"", ""records_input"": 561}"
117,7,31,wf_7_28,2026-05-30,2026-05-30 01:32:00,completed,"{""workflow_category"": ""waterfall_enrichment"", ""template_used"": ""account_research"", ""records_input"": 168}"
118,7,25,wf_7_29,2026-05-25,2026-05-25 01:43:00,completed,"{""workflow_category"": ""waterfall_enrichment"", ""template_used"": ""lead_enrichment"", ""records_input"": 1236}"
119,7,30,wf_7_30,2026-05-19,2026-05-19 01:23:00,completed,"{""workflow_category"": ""crm_sync"", ""template_used"": ""lead_enrichment"", ""records_input"": 589}"
120,7,30,wf_7_31,2026-04-25,2026-04-25 01:12:00,completed,"{""workflow_category"": ""personalized_outbound"", ""template_used"": ""account_research"", ""records_input"": 2132}"
121,7,26,wf_7_32,2026-05-21,2026-05-21 00:51:00,completed,"{""workflow_category"": ""ai_account_research"", ""template_used"": ""account_research"", ""records_input"": 2364}"
122,7,28,wf_7_33,2026-04-19,2026-04-19 01:47:00,completed,"{""workflow_category"": ""lead_enrichment"", ""template_used"": ""account_research"", ""records_input"": 2005}"
123,7,26,wf_7_34,2026-04-16,,failed,"{""workflow_category"": ""ai_account_research"", ""template_used"": ""account_research"", ""records_input"": 1779}"
124,7,31,wf_7_35,2026-04-26,2026-04-26 00:16:00,completed,"{""workflow_category"": ""ai_account_research"", ""template_used"": ""personalized_outbound"", ""records_input"": 2970}"
125,7,31,wf_7_36,2026-04-21,2026-04-21 00:42:00,completed,"{""workflow_category"": ""crm_sync"", ""template_used"": ""personalized_outbound"", ""records_input"": 2970}"
126,7,28,wf_7_37,2026-04-06,2026-04-06 01:13:00,completed,"{""workflow_category"": ""ai_account_research"", ""template_used"": ""crm_enrichment"", ""records_input"": 1997}"
127,8,32,wf_8_1,2026-05-03,,failed,"{""workflow_category"": ""crm_sync"", ""template_used"": ""account_research"", ""records_input"": 1988}"
128,8,32,wf_8_2,2026-04-28,2026-04-28 00:40:00,completed,"{""workflow_category"": ""waterfall_enrichment"", ""template_used"": ""lead_enrichment"", ""records_input"": 2683}"
129,8,32,wf_8_3,2026-06-01,2026-06-01 01:43:00,completed,"{""workflow_category"": ""ai_account_research"", ""template_used"": ""account_research"", ""records_input"": 1115}"
130,8,32,wf_8_4,2026-05-09,2026-05-09 01:07:00,completed,"{""workflow_category"": ""lead_enrichment"", ""template_used"": ""lead_enrichment"", ""records_input"": 181}"
131,8,33,wf_8_5,2026-05-25,2026-05-25 00:46:00,completed,"{""workflow_category"": ""ai_account_research"", ""template_used"": ""personalized_outbound"", ""records_input"": 2759}"
132,8,32,wf_8_6,2026-05-17,,failed,"{""workflow_category"": ""ai_account_research"", ""template_used"": ""crm_enrichment"", ""records_input"": 1929}"
133,8,33,wf_8_7,2026-06-19,2026-06-19 01:57:00,completed,"{""workflow_category"": ""personalized_outbound"", ""template_used"": ""account_research"", ""records_input"": 2063}"
134,8,33,wf_8_8,2026-07-02,,failed,"{""workflow_category"": ""lead_enrichment"", ""template_used"": ""lead_enrichment"", ""records_input"": 2587}"
135,8,33,wf_8_9,2026-05-17,2026-05-17 00:17:00,completed,"{""workflow_category"": ""personalized_outbound"", ""template_used"": ""lead_enrichment"", ""records_input"": 323}"
136,8,33,wf_8_10,2026-07-08,2026-07-08 01:14:00,completed,"{""workflow_category"": ""crm_sync"", ""template_used"": ""crm_enrichment"", ""records_input"": 864}"
137,8,32,wf_8_11,2026-06-24,,failed,"{""workflow_category"": ""waterfall_enrichment"", ""template_used"": ""personalized_outbound"", ""records_input"": 1324}"
138,8,33,wf_8_12,2026-05-12,2026-05-12 01:50:00,completed,"{""workflow_category"": ""personalized_outbound"", ""template_used"": ""crm_enrichment"", ""records_input"": 374}"
139,8,33,wf_8_13,2026-06-05,2026-06-05 01:28:00,completed,"{""workflow_category"": ""personalized_outbound"", ""template_used"": ""account_research"", ""records_input"": 805}"
140,8,33,wf_8_14,2026-05-16,2026-05-16 00:22:00,completed,"{""workflow_category"": ""waterfall_enrichment"", ""template_used"": ""crm_enrichment"", ""records_input"": 1807}"
141,8,33,wf_8_15,2026-04-24,2026-04-24 00:36:00,completed,"{""workflow_category"": ""lead_enrichment"", ""template_used"": ""lead_enrichment"", ""records_input"": 1222}"
142,8,33,wf_8_16,2026-05-20,,failed,"{""workflow_category"": ""lead_enrichment"", ""template_used"": ""account_research"", ""records_input"": 1683}"
143,8,33,wf_8_17,2026-07-02,2026-07-02 01:47:00,completed,"{""workflow_category"": ""crm_sync"", ""template_used"": ""crm_enrichment"", ""records_input"": 1835}"
144,8,33,wf_8_18,2026-05-22,2026-05-22 01:26:00,completed,"{""workflow_category"": ""crm_sync"", ""template_used"": ""crm_enrichment"", ""records_input"": 871}"
145,9,34,wf_9_1,2026-07-17,2026-07-17 01:19:00,completed,"{""workflow_category"": ""personalized_outbound"", ""template_used"": ""personalized_outbound"", ""records_input"": 896}"
146,9,37,wf_9_2,2026-05-19,2026-05-19 00:45:00,completed,"{""workflow_category"": ""lead_enrichment"", ""template_used"": ""crm_enrichment"", ""records_input"": 957}"
147,9,35,wf_9_3,2026-07-22,2026-07-22 00:05:00,completed,"{""workflow_category"": ""ai_account_research"", ""template_used"": ""crm_enrichment"", ""records_input"": 1378}"
148,9,36,wf_9_4,2026-05-14,,failed,"{""workflow_category"": ""waterfall_enrichment"", ""template_used"": ""lead_enrichment"", ""records_input"": 775}"
149,9,34,wf_9_5,2026-05-03,,failed,"{""workflow_category"": ""lead_enrichment"", ""template_used"": ""account_research"", ""records_input"": 2925}"
150,9,37,wf_9_6,2026-05-12,2026-05-12 00:41:00,completed,"{""workflow_category"": ""lead_enrichment"", ""template_used"": ""lead_enrichment"", ""records_input"": 2594}"
151,9,34,wf_9_7,2026-07-09,2026-07-09 01:30:00,completed,"{""workflow_category"": ""lead_enrichment"", ""template_used"": ""account_research"", ""records_input"": 1148}"
152,9,34,wf_9_8,2026-06-20,2026-06-20 01:39:00,completed,"{""workflow_category"": ""lead_enrichment"", ""template_used"": ""lead_enrichment"", ""records_input"": 2817}"
153,9,37,wf_9_9,2026-05-31,2026-05-31 01:51:00,completed,"{""workflow_category"": ""waterfall_enrichment"", ""template_used"": ""lead_enrichment"", ""records_input"": 563}"
154,9,35,wf_9_10,2026-04-28,2026-04-28 01:35:00,completed,"{""workflow_category"": ""personalized_outbound"", ""template_used"": ""crm_enrichment"", ""records_input"": 2226}"
155,9,37,wf_9_11,2026-05-03,2026-05-03 01:09:00,completed,"{""workflow_category"": ""waterfall_enrichment"", ""template_used"": ""lead_enrichment"", ""records_input"": 422}"
156,9,34,wf_9_12,2026-07-21,,failed,"{""workflow_category"": ""crm_sync"", ""template_used"": ""lead_enrichment"", ""records_input"": 1961}"
157,9,35,wf_9_13,2026-05-12,2026-05-12 01:54:00,completed,"{""workflow_category"": ""waterfall_enrichment"", ""template_used"": ""crm_enrichment"", ""records_input"": 541}"
158,9,34,wf_9_14,2026-07-10,2026-07-10 00:27:00,completed,"{""workflow_category"": ""ai_account_research"", ""template_used"": ""personalized_outbound"", ""records_input"": 2793}"
159,9,34,wf_9_15,2026-07-19,2026-07-19 00:27:00,completed,"{""workflow_category"": ""crm_sync"", ""template_used"": ""crm_enrichment"", ""records_input"": 2403}"
160,9,36,wf_9_16,2026-06-02,2026-06-02 01:32:00,completed,"{""workflow_category"": ""lead_enrichment"", ""template_used"": ""lead_enrichment"", ""records_input"": 2316}"
161,9,35,wf_9_17,2026-07-17,2026-07-17 01:35:00,completed,"{""workflow_category"": ""crm_sync"", ""template_used"": ""lead_enrichment"", ""records_input"": 1304}"
162,9,34,wf_9_18,2026-04-27,2026-04-27 00:47:00,completed,"{""workflow_category"": ""ai_account_research"", ""template_used"": ""lead_enrichment"", ""records_input"": 1421}"
163,9,37,wf_9_19,2026-06-08,2026-06-08 00:47:00,completed,"{""workflow_category"": ""ai_account_research"", ""template_used"": ""account_research"", ""records_input"": 569}"
164,10,39,wf_10_1,2026-04-26,2026-04-26 00:16:00,completed,"{""workflow_category"": ""ai_account_research"", ""template_used"": ""account_research"", ""records_input"": 2455}"
165,10,39,wf_10_2,2026-07-08,2026-07-08 00:16:00,completed,"{""workflow_category"": ""waterfall_enrichment"", ""template_used"": ""personalized_outbound"", ""records_input"": 2806}"
166,10,38,wf_10_3,2026-05-31,2026-05-31 00:31:00,completed,"{""workflow_category"": ""crm_sync"", ""template_used"": ""personalized_outbound"", ""records_input"": 2745}"
167,10,38,wf_10_4,2026-05-29,2026-05-29 01:30:00,completed,"{""workflow_category"": ""lead_enrichment"", ""template_used"": ""personalized_outbound"", ""records_input"": 1455}"
168,10,38,wf_10_5,2026-06-01,2026-06-01 00:59:00,completed,"{""workflow_category"": ""crm_sync"", ""template_used"": ""lead_enrichment"", ""records_input"": 2724}"
169,10,38,wf_10_6,2026-05-01,2026-05-01 01:59:00,completed,"{""workflow_category"": ""personalized_outbound"", ""template_used"": ""personalized_outbound"", ""records_input"": 2516}"
170,10,38,wf_10_7,2026-04-23,2026-04-23 01:29:00,completed,"{""workflow_category"": ""personalized_outbound"", ""template_used"": ""lead_enrichment"", ""records_input"": 1927}"
171,10,39,wf_10_8,2026-04-27,2026-04-27 01:30:00,completed,"{""workflow_category"": ""crm_sync"", ""template_used"": ""personalized_outbound"", ""records_input"": 1962}"
172,10,38,wf_10_9,2026-06-05,,failed,"{""workflow_category"": ""personalized_outbound"", ""template_used"": ""lead_enrichment"", ""records_input"": 1901}"
173,10,38,wf_10_10,2026-04-27,2026-04-27 00:21:00,completed,"{""workflow_category"": ""ai_account_research"", ""template_used"": ""account_research"", ""records_input"": 2444}"
174,10,39,wf_10_11,2026-07-15,2026-07-15 01:10:00,completed,"{""workflow_category"": ""crm_sync"", ""template_used"": ""account_research"", ""records_input"": 1041}"
175,11,42,wf_11_1,2026-03-08,2026-03-08 01:54:00,completed,"{""workflow_category"": ""personalized_outbound"", ""template_used"": ""crm_enrichment"", ""records_input"": 2887}"
176,11,41,wf_11_2,2026-04-14,2026-04-14 01:23:00,completed,"{""workflow_category"": ""lead_enrichment"", ""template_used"": ""personalized_outbound"", ""records_input"": 2704}"
177,11,42,wf_11_3,2026-03-31,2026-03-31 00:06:00,completed,"{""workflow_category"": ""personalized_outbound"", ""template_used"": ""lead_enrichment"", ""records_input"": 237}"
178,11,41,wf_11_4,2026-03-20,2026-03-20 01:30:00,completed,"{""workflow_category"": ""personalized_outbound"", ""template_used"": ""account_research"", ""records_input"": 2982}"
179,11,40,wf_11_5,2026-04-15,2026-04-15 00:14:00,completed,"{""workflow_category"": ""crm_sync"", ""template_used"": ""crm_enrichment"", ""records_input"": 2303}"
180,11,43,wf_11_6,2026-04-30,2026-04-30 01:34:00,completed,"{""workflow_category"": ""crm_sync"", ""template_used"": ""crm_enrichment"", ""records_input"": 2215}"
181,11,45,wf_11_7,2026-03-02,2026-03-02 01:59:00,completed,"{""workflow_category"": ""ai_account_research"", ""template_used"": ""lead_enrichment"", ""records_input"": 2143}"
182,11,42,wf_11_8,2026-02-08,2026-02-08 01:53:00,completed,"{""workflow_category"": ""personalized_outbound"", ""template_used"": ""personalized_outbound"", ""records_input"": 2453}"
183,11,45,wf_11_9,2026-02-18,2026-02-18 01:34:00,completed,"{""workflow_category"": ""crm_sync"", ""template_used"": ""account_research"", ""records_input"": 148}"
184,11,42,wf_11_10,2026-05-03,2026-05-03 01:41:00,completed,"{""workflow_category"": ""waterfall_enrichment"", ""template_used"": ""personalized_outbound"", ""records_input"": 836}"
185,12,49,wf_12_1,2026-04-11,2026-04-11 01:58:00,completed,"{""workflow_category"": ""personalized_outbound"", ""template_used"": ""personalized_outbound"", ""records_input"": 2687}"
186,12,48,wf_12_2,2026-04-06,2026-04-06 00:26:00,completed,"{""workflow_category"": ""lead_enrichment"", ""template_used"": ""lead_enrichment"", ""records_input"": 2811}"
187,12,49,wf_12_3,2026-03-18,2026-03-18 01:24:00,completed,"{""workflow_category"": ""waterfall_enrichment"", ""template_used"": ""lead_enrichment"", ""records_input"": 1113}"
188,12,50,wf_12_4,2026-05-13,2026-05-13 01:14:00,completed,"{""workflow_category"": ""personalized_outbound"", ""template_used"": ""personalized_outbound"", ""records_input"": 2244}"
189,12,50,wf_12_5,2026-04-22,2026-04-22 00:06:00,completed,"{""workflow_category"": ""waterfall_enrichment"", ""template_used"": ""crm_enrichment"", ""records_input"": 137}"
190,12,49,wf_12_6,2026-05-02,2026-05-02 01:48:00,completed,"{""workflow_category"": ""crm_sync"", ""template_used"": ""crm_enrichment"", ""records_input"": 1791}"
191,12,49,wf_12_7,2026-02-19,2026-02-19 01:13:00,completed,"{""workflow_category"": ""lead_enrichment"", ""template_used"": ""crm_enrichment"", ""records_input"": 612}"
192,12,48,wf_12_8,2026-05-13,2026-05-13 01:46:00,completed,"{""workflow_category"": ""lead_enrichment"", ""template_used"": ""account_research"", ""records_input"": 1191}"
193,12,51,wf_12_9,2026-02-17,2026-02-17 00:30:00,completed,"{""workflow_category"": ""lead_enrichment"", ""template_used"": ""lead_enrichment"", ""records_input"": 2036}"
194,12,52,wf_12_10,2026-03-23,2026-03-23 00:30:00,completed,"{""workflow_category"": ""lead_enrichment"", ""template_used"": ""lead_enrichment"", ""records_input"": 562}"
195,12,50,wf_12_11,2026-04-01,2026-04-01 01:43:00,completed,"{""workflow_category"": ""ai_account_research"", ""template_used"": ""account_research"", ""records_input"": 2909}"
196,12,49,wf_12_12,2026-02-15,2026-02-15 01:33:00,completed,"{""workflow_category"": ""ai_account_research"", ""template_used"": ""account_research"", ""records_input"": 2087}"
197,12,52,wf_12_13,2026-02-13,2026-02-13 01:44:00,completed,"{""workflow_category"": ""waterfall_enrichment"", ""template_used"": ""lead_enrichment"", ""records_input"": 176}"
198,12,50,wf_12_14,2026-04-24,2026-04-24 00:24:00,completed,"{""workflow_category"": ""crm_sync"", ""template_used"": ""crm_enrichment"", ""records_input"": 552}"
199,12,49,wf_12_15,2026-05-08,2026-05-08 01:07:00,completed,"{""workflow_category"": ""personalized_outbound"", ""template_used"": ""account_research"", ""records_input"": 1600}"
200,12,49,wf_12_16,2026-04-01,2026-04-01 01:46:00,completed,"{""workflow_category"": ""personalized_outbound"", ""template_used"": ""account_research"", ""records_input"": 388}"
201,12,50,wf_12_17,2026-05-04,2026-05-04 00:27:00,completed,"{""workflow_category"": ""personalized_outbound"", ""template_used"": ""account_research"", ""records_input"": 2715}"
202,12,48,wf_12_18,2026-03-26,2026-03-26 01:22:00,completed,"{""workflow_category"": ""personalized_outbound"", ""template_used"": ""personalized_outbound"", ""records_input"": 2353}"
203,12,48,wf_12_19,2026-04-24,2026-04-24 01:10:00,completed,"{""workflow_category"": ""personalized_outbound"", ""template_used"": ""account_research"", ""records_input"": 254}"
204,12,51,wf_12_20,2026-05-12,2026-05-12 01:34:00,completed,"{""workflow_category"": ""lead_enrichment"", ""template_used"": ""crm_enrichment"", ""records_input"": 253}"
205,12,52,wf_12_21,2026-04-23,2026-04-23 01:17:00,completed,"{""workflow_category"": ""personalized_outbound"", ""template_used"": ""lead_enrichment"", ""records_input"": 727}"
206,12,50,wf_12_22,2026-02-19,2026-02-19 01:15:00,completed,"{""workflow_category"": ""lead_enrichment"", ""template_used"": ""personalized_outbound"", ""records_input"": 2958}"
207,12,49,wf_12_23,2026-03-09,2026-03-09 00:46:00,completed,"{""workflow_category"": ""lead_enrichment"", ""template_used"": ""lead_enrichment"", ""records_input"": 1532}"
208,12,47,wf_12_24,2026-03-03,2026-03-03 01:56:00,completed,"{""workflow_category"": ""crm_sync"", ""template_used"": ""crm_enrichment"", ""records_input"": 2941}"
209,12,48,wf_12_25,2026-02-18,2026-02-18 00:37:00,completed,"{""workflow_category"": ""crm_sync"", ""template_used"": ""crm_enrichment"", ""records_input"": 317}"
210,12,51,wf_12_26,2026-04-30,2026-04-30 01:13:00,completed,"{""workflow_category"": ""ai_account_research"", ""template_used"": ""personalized_outbound"", ""records_input"": 2396}"
211,12,51,wf_12_27,2026-04-03,,failed,"{""workflow_category"": ""lead_enrichment"", ""template_used"": ""crm_enrichment"", ""records_input"": 1023}"
212,12,51,wf_12_28,2026-04-11,2026-04-11 01:14:00,completed,"{""workflow_category"": ""ai_account_research"", ""template_used"": ""lead_enrichment"", ""records_input"": 665}"
213,12,47,wf_12_29,2026-05-05,2026-05-05 01:39:00,completed,"{""workflow_category"": ""ai_account_research"", ""template_used"": ""lead_enrichment"", ""records_input"": 856}"
214,12,50,wf_12_30,2026-05-07,2026-05-07 00:52:00,completed,"{""workflow_category"": ""waterfall_enrichment"", ""template_used"": ""personalized_outbound"", ""records_input"": 663}"
215,12,50,wf_12_31,2026-04-10,2026-04-10 01:55:00,completed,"{""workflow_category"": ""crm_sync"", ""template_used"": ""lead_enrichment"", ""records_input"": 1851}"
216,12,48,wf_12_32,2026-02-18,2026-02-18 01:16:00,completed,"{""workflow_category"": ""lead_enrichment"", ""template_used"": ""crm_enrichment"", ""records_input"": 1900}"
217,12,50,wf_12_33,2026-02-16,2026-02-16 00:27:00,completed,"{""workflow_category"": ""ai_account_research"", ""template_used"": ""account_research"", ""records_input"": 1124}"
218,13,57,wf_13_1,2026-03-24,2026-03-24 00:57:00,completed,"{""workflow_category"": ""personalized_outbound"", ""template_used"": ""account_research"", ""records_input"": 1102}"
219,13,53,wf_13_2,2026-03-04,,failed,"{""workflow_category"": ""lead_enrichment"", ""template_used"": ""personalized_outbound"", ""records_input"": 830}"
220,13,53,wf_13_3,2026-04-05,2026-04-05 00:13:00,completed,"{""workflow_category"": ""ai_account_research"", ""template_used"": ""crm_enrichment"", ""records_input"": 1448}"
221,13,56,wf_13_4,2026-04-12,,failed,"{""workflow_category"": ""crm_sync"", ""template_used"": ""crm_enrichment"", ""records_input"": 1163}"
222,13,56,wf_13_5,2026-02-20,2026-02-20 01:47:00,completed,"{""workflow_category"": ""waterfall_enrichment"", ""template_used"": ""account_research"", ""records_input"": 1467}"
223,13,55,wf_13_6,2026-04-13,,failed,"{""workflow_category"": ""ai_account_research"", ""template_used"": ""crm_enrichment"", ""records_input"": 2854}"
224,13,54,wf_13_7,2026-04-21,2026-04-21 00:45:00,completed,"{""workflow_category"": ""lead_enrichment"", ""template_used"": ""crm_enrichment"", ""records_input"": 1548}"
225,13,53,wf_13_8,2026-04-02,2026-04-02 00:43:00,completed,"{""workflow_category"": ""crm_sync"", ""template_used"": ""lead_enrichment"", ""records_input"": 479}"
226,13,56,wf_13_9,2026-02-10,2026-02-10 00:31:00,completed,"{""workflow_category"": ""waterfall_enrichment"", ""template_used"": ""account_research"", ""records_input"": 116}"
227,13,53,wf_13_10,2026-02-09,2026-02-09 00:39:00,completed,"{""workflow_category"": ""crm_sync"", ""template_used"": ""account_research"", ""records_input"": 2651}"
228,13,56,wf_13_11,2026-03-26,2026-03-26 02:00:00,completed,"{""workflow_category"": ""lead_enrichment"", ""template_used"": ""account_research"", ""records_input"": 452}"
229,13,54,wf_13_12,2026-03-25,2026-03-25 01:05:00,completed,"{""workflow_category"": ""ai_account_research"", ""template_used"": ""crm_enrichment"", ""records_input"": 1588}"
230,13,57,wf_13_13,2026-03-07,2026-03-07 01:16:00,completed,"{""workflow_category"": ""crm_sync"", ""template_used"": ""personalized_outbound"", ""records_input"": 1741}"
231,14,58,wf_14_1,2026-05-21,2026-05-21 01:13:00,completed,"{""workflow_category"": ""personalized_outbound"", ""template_used"": ""lead_enrichment"", ""records_input"": 942}"
232,14,58,wf_14_2,2026-03-31,2026-03-31 00:05:00,completed,"{""workflow_category"": ""crm_sync"", ""template_used"": ""crm_enrichment"", ""records_input"": 227}"
233,14,58,wf_14_3,2026-04-11,2026-04-11 00:06:00,completed,"{""workflow_category"": ""lead_enrichment"", ""template_used"": ""personalized_outbound"", ""records_input"": 2794}"
234,14,58,wf_14_4,2026-03-25,2026-03-25 01:18:00,completed,"{""workflow_category"": ""ai_account_research"", ""template_used"": ""personalized_outbound"", ""records_input"": 2337}"
235,14,58,wf_14_5,2026-05-23,2026-05-23 01:11:00,completed,"{""workflow_category"": ""personalized_outbound"", ""template_used"": ""lead_enrichment"", ""records_input"": 2035}"
236,14,58,wf_14_6,2026-06-07,2026-06-07 00:26:00,completed,"{""workflow_category"": ""crm_sync"", ""template_used"": ""crm_enrichment"", ""records_input"": 2085}"
237,14,58,wf_14_7,2026-04-16,,failed,"{""workflow_category"": ""ai_account_research"", ""template_used"": ""lead_enrichment"", ""records_input"": 2260}"
238,14,58,wf_14_8,2026-03-31,2026-03-31 01:27:00,completed,"{""workflow_category"": ""lead_enrichment"", ""template_used"": ""lead_enrichment"", ""records_input"": 2000}"
239,15,61,wf_15_1,2026-04-11,2026-04-11 01:32:00,completed,"{""workflow_category"": ""ai_account_research"", ""template_used"": ""crm_enrichment"", ""records_input"": 1131}"
240,15,59,wf_15_2,2026-06-14,2026-06-14 00:21:00,completed,"{""workflow_category"": ""personalized_outbound"", ""template_used"": ""account_research"", ""records_input"": 2949}"
241,15,59,wf_15_3,2026-04-30,,failed,"{""workflow_category"": ""crm_sync"", ""template_used"": ""personalized_outbound"", ""records_input"": 1691}"
242,15,59,wf_15_4,2026-05-24,2026-05-24 01:36:00,completed,"{""workflow_category"": ""lead_enrichment"", ""template_used"": ""account_research"", ""records_input"": 2440}"
243,15,61,wf_15_5,2026-05-30,2026-05-30 01:06:00,completed,"{""workflow_category"": ""lead_enrichment"", ""template_used"": ""lead_enrichment"", ""records_input"": 113}"
244,15,61,wf_15_6,2026-04-20,2026-04-20 01:15:00,completed,"{""workflow_category"": ""waterfall_enrichment"", ""template_used"": ""lead_enrichment"", ""records_input"": 1324}"
245,15,60,wf_15_7,2026-06-06,2026-06-06 01:27:00,completed,"{""workflow_category"": ""personalized_outbound"", ""template_used"": ""account_research"", ""records_input"": 251}"
246,15,59,wf_15_8,2026-06-16,2026-06-16 00:10:00,completed,"{""workflow_category"": ""ai_account_research"", ""template_used"": ""lead_enrichment"", ""records_input"": 2691}"
247,15,61,wf_15_9,2026-06-23,2026-06-23 00:56:00,completed,"{""workflow_category"": ""personalized_outbound"", ""template_used"": ""lead_enrichment"", ""records_input"": 1417}"
248,15,59,wf_15_10,2026-04-19,2026-04-19 01:01:00,completed,"{""workflow_category"": ""personalized_outbound"", ""template_used"": ""lead_enrichment"", ""records_input"": 509}"
249,15,61,wf_15_11,2026-04-28,2026-04-28 00:27:00,completed,"{""workflow_category"": ""lead_enrichment"", ""template_used"": ""lead_enrichment"", ""records_input"": 2147}"
250,15,60,wf_15_12,2026-04-12,2026-04-12 01:46:00,completed,"{""workflow_category"": ""waterfall_enrichment"", ""template_used"": ""lead_enrichment"", ""records_input"": 754}"
251,15,61,wf_15_13,2026-04-07,2026-04-07 01:59:00,completed,"{""workflow_category"": ""waterfall_enrichment"", ""template_used"": ""crm_enrichment"", ""records_input"": 1816}"
252,15,59,wf_15_14,2026-06-11,2026-06-11 01:07:00,completed,"{""workflow_category"": ""waterfall_enrichment"", ""template_used"": ""lead_enrichment"", ""records_input"": 2596}"
253,16,62,wf_16_1,2026-04-12,2026-04-12 00:42:00,completed,"{""workflow_category"": ""lead_enrichment"", ""template_used"": ""personalized_outbound"", ""records_input"": 2840}"
254,16,65,wf_16_2,2026-04-26,2026-04-26 01:35:00,completed,"{""workflow_category"": ""lead_enrichment"", ""template_used"": ""crm_enrichment"", ""records_input"": 2274}"
255,16,67,wf_16_3,2026-05-16,2026-05-16 00:10:00,completed,"{""workflow_category"": ""ai_account_research"", ""template_used"": ""account_research"", ""records_input"": 2396}"
256,16,64,wf_16_4,2026-05-24,2026-05-24 00:59:00,completed,"{""workflow_category"": ""lead_enrichment"", ""template_used"": ""crm_enrichment"", ""records_input"": 1953}"
257,16,65,wf_16_5,2026-03-19,2026-03-19 00:40:00,completed,"{""workflow_category"": ""ai_account_research"", ""template_used"": ""lead_enrichment"", ""records_input"": 936}"
258,16,67,wf_16_6,2026-05-19,2026-05-19 00:47:00,completed,"{""workflow_category"": ""crm_sync"", ""template_used"": ""crm_enrichment"", ""records_input"": 2091}"
259,16,67,wf_16_7,2026-04-25,2026-04-25 00:26:00,completed,"{""workflow_category"": ""ai_account_research"", ""template_used"": ""crm_enrichment"", ""records_input"": 846}"
260,16,63,wf_16_8,2026-03-02,2026-03-02 01:30:00,completed,"{""workflow_category"": ""crm_sync"", ""template_used"": ""crm_enrichment"", ""records_input"": 1936}"
261,17,73,wf_17_1,2026-03-18,2026-03-18 01:07:00,completed,"{""workflow_category"": ""personalized_outbound"", ""template_used"": ""account_research"", ""records_input"": 2831}"
262,17,74,wf_17_2,2026-04-19,2026-04-19 00:41:00,completed,"{""workflow_category"": ""waterfall_enrichment"", ""template_used"": ""personalized_outbound"", ""records_input"": 671}"
263,17,70,wf_17_3,2026-05-05,,failed,"{""workflow_category"": ""ai_account_research"", ""template_used"": ""personalized_outbound"", ""records_input"": 1285}"
264,17,69,wf_17_4,2026-04-16,2026-04-16 00:27:00,completed,"{""workflow_category"": ""ai_account_research"", ""template_used"": ""account_research"", ""records_input"": 1235}"
265,17,71,wf_17_5,2026-05-21,2026-05-21 00:22:00,completed,"{""workflow_category"": ""lead_enrichment"", ""template_used"": ""crm_enrichment"", ""records_input"": 1818}"
266,17,69,wf_17_6,2026-04-01,2026-04-01 00:39:00,completed,"{""workflow_category"": ""crm_sync"", ""template_used"": ""crm_enrichment"", ""records_input"": 688}"
267,17,72,wf_17_7,2026-03-08,2026-03-08 01:49:00,completed,"{""workflow_category"": ""lead_enrichment"", ""template_used"": ""crm_enrichment"", ""records_input"": 1376}"
268,17,69,wf_17_8,2026-05-21,,failed,"{""workflow_category"": ""lead_enrichment"", ""template_used"": ""personalized_outbound"", ""records_input"": 1866}"
269,17,69,wf_17_9,2026-03-02,2026-03-02 00:43:00,completed,"{""workflow_category"": ""lead_enrichment"", ""template_used"": ""lead_enrichment"", ""records_input"": 2506}"
270,17,69,wf_17_10,2026-05-11,2026-05-11 00:35:00,completed,"{""workflow_category"": ""lead_enrichment"", ""template_used"": ""account_research"", ""records_input"": 2266}"
271,17,71,wf_17_11,2026-04-19,,failed,"{""workflow_category"": ""ai_account_research"", ""template_used"": ""personalized_outbound"", ""records_input"": 1837}"
272,17,70,wf_17_12,2026-04-02,,failed,"{""workflow_category"": ""waterfall_enrichment"", ""template_used"": ""personalized_outbound"", ""records_input"": 1290}"
273,18,79,wf_18_1,2026-07-05,,failed,"{""workflow_category"": ""waterfall_enrichment"", ""template_used"": ""crm_enrichment"", ""records_input"": 725}"
274,18,79,wf_18_2,2026-05-13,2026-05-13 01:14:00,completed,"{""workflow_category"": ""personalized_outbound"", ""template_used"": ""account_research"", ""records_input"": 229}"
275,18,79,wf_18_3,2026-06-11,,failed,"{""workflow_category"": ""personalized_outbound"", ""template_used"": ""personalized_outbound"", ""records_input"": 2049}"
276,18,76,wf_18_4,2026-05-21,2026-05-21 00:12:00,completed,"{""workflow_category"": ""lead_enrichment"", ""template_used"": ""crm_enrichment"", ""records_input"": 1528}"
277,18,79,wf_18_5,2026-05-21,,failed,"{""workflow_category"": ""waterfall_enrichment"", ""template_used"": ""personalized_outbound"", ""records_input"": 1192}"
278,18,79,wf_18_6,2026-07-07,2026-07-07 01:31:00,completed,"{""workflow_category"": ""waterfall_enrichment"", ""template_used"": ""crm_enrichment"", ""records_input"": 782}"
279,18,78,wf_18_7,2026-04-18,,failed,"{""workflow_category"": ""waterfall_enrichment"", ""template_used"": ""lead_enrichment"", ""records_input"": 1522}"
280,18,77,wf_18_8,2026-05-03,,failed,"{""workflow_category"": ""waterfall_enrichment"", ""template_used"": ""personalized_outbound"", ""records_input"": 2418}"
281,19,83,wf_19_1,2026-06-10,2026-06-10 01:48:00,completed,"{""workflow_category"": ""ai_account_research"", ""template_used"": ""lead_enrichment"", ""records_input"": 690}"
282,19,80,wf_19_2,2026-06-08,2026-06-08 01:50:00,completed,"{""workflow_category"": ""personalized_outbound"", ""template_used"": ""account_research"", ""records_input"": 2929}"
283,19,86,wf_19_3,2026-05-12,2026-05-12 01:01:00,completed,"{""workflow_category"": ""waterfall_enrichment"", ""template_used"": ""account_research"", ""records_input"": 1222}"
284,19,85,wf_19_4,2026-04-25,2026-04-25 01:42:00,completed,"{""workflow_category"": ""ai_account_research"", ""template_used"": ""personalized_outbound"", ""records_input"": 2725}"
285,19,86,wf_19_5,2026-05-25,2026-05-25 00:27:00,completed,"{""workflow_category"": ""crm_sync"", ""template_used"": ""crm_enrichment"", ""records_input"": 913}"
286,19,81,wf_19_6,2026-07-07,2026-07-07 00:38:00,completed,"{""workflow_category"": ""crm_sync"", ""template_used"": ""account_research"", ""records_input"": 157}"
287,19,80,wf_19_7,2026-05-16,2026-05-16 00:58:00,completed,"{""workflow_category"": ""ai_account_research"", ""template_used"": ""crm_enrichment"", ""records_input"": 1172}"
288,19,84,wf_19_8,2026-06-03,2026-06-03 00:35:00,completed,"{""workflow_category"": ""crm_sync"", ""template_used"": ""account_research"", ""records_input"": 121}"
289,19,80,wf_19_9,2026-06-16,2026-06-16 00:23:00,completed,"{""workflow_category"": ""crm_sync"", ""template_used"": ""lead_enrichment"", ""records_input"": 2144}"
290,19,81,wf_19_10,2026-05-21,2026-05-21 00:28:00,completed,"{""workflow_category"": ""crm_sync"", ""template_used"": ""personalized_outbound"", ""records_input"": 1887}"
291,19,81,wf_19_11,2026-07-04,2026-07-04 00:28:00,completed,"{""workflow_category"": ""lead_enrichment"", ""template_used"": ""personalized_outbound"", ""records_input"": 2872}"
292,19,83,wf_19_12,2026-06-19,2026-06-19 01:51:00,completed,"{""workflow_category"": ""waterfall_enrichment"", ""template_used"": ""crm_enrichment"", ""records_input"": 2533}"
293,19,83,wf_19_13,2026-05-03,,failed,"{""workflow_category"": ""ai_account_research"", ""template_used"": ""personalized_outbound"", ""records_input"": 1267}"
294,19,83,wf_19_14,2026-05-17,2026-05-17 01:07:00,completed,"{""workflow_category"": ""waterfall_enrichment"", ""template_used"": ""crm_enrichment"", ""records_input"": 2406}"
295,19,80,wf_19_15,2026-05-11,2026-05-11 01:08:00,completed,"{""workflow_category"": ""personalized_outbound"", ""template_used"": ""crm_enrichment"", ""records_input"": 2017}"
296,20,88,wf_20_1,2026-05-11,2026-05-11 01:13:00,completed,"{""workflow_category"": ""waterfall_enrichment"", ""template_used"": ""account_research"", ""records_input"": 803}"
297,20,90,wf_20_2,2026-03-20,2026-03-20 00:31:00,completed,"{""workflow_category"": ""ai_account_research"", ""template_used"": ""personalized_outbound"", ""records_input"": 2664}"
298,20,93,wf_20_3,2026-04-28,2026-04-28 00:06:00,completed,"{""workflow_category"": ""waterfall_enrichment"", ""template_used"": ""personalized_outbound"", ""records_input"": 2470}"
299,20,91,wf_20_4,2026-05-13,2026-05-13 01:34:00,completed,"{""workflow_category"": ""ai_account_research"", ""template_used"": ""lead_enrichment"", ""records_input"": 2022}"
300,20,94,wf_20_5,2026-06-02,2026-06-02 01:07:00,completed,"{""workflow_category"": ""waterfall_enrichment"", ""template_used"": ""crm_enrichment"", ""records_input"": 1061}"
301,20,92,wf_20_6,2026-05-27,2026-05-27 00:33:00,completed,"{""workflow_category"": ""crm_sync"", ""template_used"": ""account_research"", ""records_input"": 2381}"
302,20,89,wf_20_7,2026-05-20,2026-05-20 01:08:00,completed,"{""workflow_category"": ""lead_enrichment"", ""template_used"": ""crm_enrichment"", ""records_input"": 1470}"
303,21,99,wf_21_1,2026-06-18,,failed,"{""workflow_category"": ""personalized_outbound"", ""template_used"": ""crm_enrichment"", ""records_input"": 1509}"
304,21,97,wf_21_2,2026-06-30,2026-06-30 01:15:00,completed,"{""workflow_category"": ""crm_sync"", ""template_used"": ""account_research"", ""records_input"": 214}"
305,21,102,wf_21_3,2026-05-11,2026-05-11 01:02:00,completed,"{""workflow_category"": ""lead_enrichment"", ""template_used"": ""crm_enrichment"", ""records_input"": 1067}"
306,21,102,wf_21_4,2026-06-19,2026-06-19 01:58:00,completed,"{""workflow_category"": ""ai_account_research"", ""template_used"": ""account_research"", ""records_input"": 1612}"
307,21,101,wf_21_5,2026-07-06,,failed,"{""workflow_category"": ""lead_enrichment"", ""template_used"": ""account_research"", ""records_input"": 595}"
308,21,98,wf_21_6,2026-05-02,2026-05-02 01:59:00,completed,"{""workflow_category"": ""crm_sync"", ""template_used"": ""lead_enrichment"", ""records_input"": 2102}"
309,21,101,wf_21_7,2026-05-07,2026-05-07 01:47:00,completed,"{""workflow_category"": ""personalized_outbound"", ""template_used"": ""personalized_outbound"", ""records_input"": 1053}"
310,21,98,wf_21_8,2026-05-20,2026-05-20 01:24:00,completed,"{""workflow_category"": ""lead_enrichment"", ""template_used"": ""personalized_outbound"", ""records_input"": 2158}"
311,21,100,wf_21_9,2026-07-10,2026-07-10 00:10:00,completed,"{""workflow_category"": ""lead_enrichment"", ""template_used"": ""personalized_outbound"", ""records_input"": 839}"
312,21,101,wf_21_10,2026-05-28,2026-05-28 01:43:00,completed,"{""workflow_category"": ""crm_sync"", ""template_used"": ""lead_enrichment"", ""records_input"": 341}"
313,22,104,wf_22_1,2026-02-23,2026-02-23 01:49:00,completed,"{""workflow_category"": ""personalized_outbound"", ""template_used"": ""lead_enrichment"", ""records_input"": 102}"
314,22,105,wf_22_2,2026-04-04,2026-04-04 01:58:00,completed,"{""workflow_category"": ""crm_sync"", ""template_used"": ""crm_enrichment"", ""records_input"": 2998}"
315,22,105,wf_22_3,2026-04-14,2026-04-14 01:13:00,completed,"{""workflow_category"": ""lead_enrichment"", ""template_used"": ""account_research"", ""records_input"": 2850}"
316,22,105,wf_22_4,2026-04-09,2026-04-09 00:29:00,completed,"{""workflow_category"": ""personalized_outbound"", ""template_used"": ""crm_enrichment"", ""records_input"": 1005}"
317,22,103,wf_22_5,2026-03-03,2026-03-03 00:21:00,completed,"{""workflow_category"": ""personalized_outbound"", ""template_used"": ""crm_enrichment"", ""records_input"": 885}"
318,22,103,wf_22_6,2026-04-30,2026-04-30 01:42:00,completed,"{""workflow_category"": ""ai_account_research"", ""template_used"": ""crm_enrichment"", ""records_input"": 1820}"
319,22,103,wf_22_7,2026-04-06,2026-04-06 00:44:00,completed,"{""workflow_category"": ""lead_enrichment"", ""template_used"": ""personalized_outbound"", ""records_input"": 1869}"
320,22,105,wf_22_8,2026-05-13,2026-05-13 01:01:00,completed,"{""workflow_category"": ""waterfall_enrichment"", ""template_used"": ""account_research"", ""records_input"": 450}"
321,22,104,wf_22_9,2026-03-02,2026-03-02 01:16:00,completed,"{""workflow_category"": ""waterfall_enrichment"", ""template_used"": ""account_research"", ""records_input"": 2628}"
322,22,105,wf_22_10,2026-05-09,2026-05-09 00:29:00,completed,"{""workflow_category"": ""lead_enrichment"", ""template_used"": ""account_research"", ""records_input"": 2528}"
323,22,105,wf_22_11,2026-05-17,2026-05-17 01:41:00,completed,"{""workflow_category"": ""personalized_outbound"", ""template_used"": ""lead_enrichment"", ""records_input"": 703}"
324,22,104,wf_22_12,2026-03-20,,failed,"{""workflow_category"": ""lead_enrichment"", ""template_used"": ""lead_enrichment"", ""records_input"": 2835}"
325,22,104,wf_22_13,2026-03-21,2026-03-21 00:56:00,completed,"{""workflow_category"": ""lead_enrichment"", ""template_used"": ""account_research"", ""records_input"": 402}"
326,22,103,wf_22_14,2026-03-17,2026-03-17 00:48:00,completed,"{""workflow_category"": ""ai_account_research"", ""template_used"": ""lead_enrichment"", ""records_input"": 188}"
327,22,105,wf_22_15,2026-04-11,2026-04-11 01:29:00,completed,"{""workflow_category"": ""personalized_outbound"", ""template_used"": ""personalized_outbound"", ""records_input"": 367}"
328,22,105,wf_22_16,2026-03-30,2026-03-30 01:56:00,completed,"{""workflow_category"": ""personalized_outbound"", ""template_used"": ""personalized_outbound"", ""records_input"": 957}"
329,22,104,wf_22_17,2026-04-11,2026-04-11 01:12:00,completed,"{""workflow_category"": ""waterfall_enrichment"", ""template_used"": ""crm_enrichment"", ""records_input"": 2480}"
330,22,104,wf_22_18,2026-03-27,2026-03-27 01:15:00,completed,"{""workflow_category"": ""lead_enrichment"", ""template_used"": ""personalized_outbound"", ""records_input"": 2225}"
331,22,105,wf_22_19,2026-03-04,,failed,"{""workflow_category"": ""crm_sync"", ""template_used"": ""account_research"", ""records_input"": 1232}"
332,23,112,wf_23_1,2026-04-25,2026-04-25 01:51:00,completed,"{""workflow_category"": ""ai_account_research"", ""template_used"": ""personalized_outbound"", ""records_input"": 2908}"
333,23,113,wf_23_2,2026-03-21,2026-03-21 00:29:00,completed,"{""workflow_category"": ""crm_sync"", ""template_used"": ""crm_enrichment"", ""records_input"": 481}"
334,23,106,wf_23_3,2026-02-08,2026-02-08 01:03:00,completed,"{""workflow_category"": ""personalized_outbound"", ""template_used"": ""lead_enrichment"", ""records_input"": 1438}"
335,23,108,wf_23_4,2026-04-28,2026-04-28 01:03:00,completed,"{""workflow_category"": ""lead_enrichment"", ""template_used"": ""personalized_outbound"", ""records_input"": 362}"
336,23,107,wf_23_5,2026-03-30,,failed,"{""workflow_category"": ""ai_account_research"", ""template_used"": ""personalized_outbound"", ""records_input"": 2961}"
337,23,106,wf_23_6,2026-03-29,2026-03-29 00:26:00,completed,"{""workflow_category"": ""personalized_outbound"", ""template_used"": ""personalized_outbound"", ""records_input"": 209}"
338,23,108,wf_23_7,2026-02-10,2026-02-10 01:15:00,completed,"{""workflow_category"": ""waterfall_enrichment"", ""template_used"": ""personalized_outbound"", ""records_input"": 1243}"
339,23,107,wf_23_8,2026-04-27,2026-04-27 01:13:00,completed,"{""workflow_category"": ""lead_enrichment"", ""template_used"": ""personalized_outbound"", ""records_input"": 2927}"
340,23,108,wf_23_9,2026-02-28,2026-02-28 01:57:00,completed,"{""workflow_category"": ""ai_account_research"", ""template_used"": ""account_research"", ""records_input"": 1802}"
341,23,111,wf_23_10,2026-04-25,2026-04-25 01:49:00,completed,"{""workflow_category"": ""personalized_outbound"", ""template_used"": ""account_research"", ""records_input"": 375}"
342,23,111,wf_23_11,2026-03-12,2026-03-12 01:53:00,completed,"{""workflow_category"": ""lead_enrichment"", ""template_used"": ""account_research"", ""records_input"": 2592}"
343,23,111,wf_23_12,2026-03-03,2026-03-03 01:24:00,completed,"{""workflow_category"": ""ai_account_research"", ""template_used"": ""personalized_outbound"", ""records_input"": 1314}"
344,23,106,wf_23_13,2026-04-07,,failed,"{""workflow_category"": ""crm_sync"", ""template_used"": ""lead_enrichment"", ""records_input"": 1456}"
345,23,107,wf_23_14,2026-04-21,2026-04-21 00:05:00,completed,"{""workflow_category"": ""waterfall_enrichment"", ""template_used"": ""lead_enrichment"", ""records_input"": 313}"
346,23,110,wf_23_15,2026-03-10,2026-03-10 00:41:00,completed,"{""workflow_category"": ""ai_account_research"", ""template_used"": ""personalized_outbound"", ""records_input"": 427}"
347,23,113,wf_23_16,2026-02-22,2026-02-22 00:37:00,completed,"{""workflow_category"": ""crm_sync"", ""template_used"": ""crm_enrichment"", ""records_input"": 1636}"
348,23,112,wf_23_17,2026-03-11,,failed,"{""workflow_category"": ""lead_enrichment"", ""template_used"": ""account_research"", ""records_input"": 609}"
349,23,113,wf_23_18,2026-04-30,2026-04-30 01:30:00,completed,"{""workflow_category"": ""crm_sync"", ""template_used"": ""lead_enrichment"", ""records_input"": 1141}"
350,24,120,wf_24_1,2026-06-11,,failed,"{""workflow_category"": ""lead_enrichment"", ""template_used"": ""lead_enrichment"", ""records_input"": 426}"
351,24,114,wf_24_2,2026-07-10,,failed,"{""workflow_category"": ""lead_enrichment"", ""template_used"": ""lead_enrichment"", ""records_input"": 2239}"
352,24,120,wf_24_3,2026-05-28,2026-05-28 01:48:00,completed,"{""workflow_category"": ""waterfall_enrichment"", ""template_used"": ""personalized_outbound"", ""records_input"": 668}"
353,24,115,wf_24_4,2026-04-21,,failed,"{""workflow_category"": ""waterfall_enrichment"", ""template_used"": ""personalized_outbound"", ""records_input"": 1739}"
354,24,118,wf_24_5,2026-05-10,2026-05-10 01:36:00,completed,"{""workflow_category"": ""personalized_outbound"", ""template_used"": ""account_research"", ""records_input"": 623}"
355,24,119,wf_24_6,2026-05-21,,failed,"{""workflow_category"": ""waterfall_enrichment"", ""template_used"": ""account_research"", ""records_input"": 2825}"
356,24,118,wf_24_7,2026-06-30,,failed,"{""workflow_category"": ""lead_enrichment"", ""template_used"": ""crm_enrichment"", ""records_input"": 621}"
357,25,124,wf_25_1,2026-02-10,2026-02-10 01:15:00,completed,"{""workflow_category"": ""waterfall_enrichment"", ""template_used"": ""crm_enrichment"", ""records_input"": 1703}"
358,25,121,wf_25_2,2026-03-05,,failed,"{""workflow_category"": ""crm_sync"", ""template_used"": ""lead_enrichment"", ""records_input"": 1642}"
359,25,122,wf_25_3,2026-04-24,,failed,"{""workflow_category"": ""waterfall_enrichment"", ""template_used"": ""account_research"", ""records_input"": 586}"
360,26,125,wf_26_1,2026-04-13,2026-04-13 00:21:00,completed,"{""workflow_category"": ""ai_account_research"", ""template_used"": ""crm_enrichment"", ""records_input"": 243}"
361,26,125,wf_26_2,2026-06-12,2026-06-12 00:31:00,completed,"{""workflow_category"": ""lead_enrichment"", ""template_used"": ""account_research"", ""records_input"": 870}"
362,26,125,wf_26_3,2026-07-03,,failed,"{""workflow_category"": ""ai_account_research"", ""template_used"": ""account_research"", ""records_input"": 2678}"
363,26,125,wf_26_4,2026-04-16,2026-04-16 00:47:00,completed,"{""workflow_category"": ""crm_sync"", ""template_used"": ""crm_enrichment"", ""records_input"": 699}"
364,26,125,wf_26_5,2026-06-14,2026-06-14 00:49:00,completed,"{""workflow_category"": ""crm_sync"", ""template_used"": ""account_research"", ""records_input"": 296}"
365,26,125,wf_26_6,2026-06-03,,failed,"{""workflow_category"": ""personalized_outbound"", ""template_used"": ""crm_enrichment"", ""records_input"": 1852}"
366,26,125,wf_26_7,2026-06-12,2026-06-12 01:38:00,completed,"{""workflow_category"": ""waterfall_enrichment"", ""template_used"": ""personalized_outbound"", ""records_input"": 156}"
367,27,129,wf_27_1,2026-01-17,2026-01-17 01:07:00,completed,"{""workflow_category"": ""crm_sync"", ""template_used"": ""personalized_outbound"", ""records_input"": 1719}"
368,27,126,wf_27_2,2026-01-19,2026-01-19 00:55:00,completed,"{""workflow_category"": ""crm_sync"", ""template_used"": ""lead_enrichment"", ""records_input"": 2828}"
369,27,131,wf_27_3,2026-01-03,,failed,"{""workflow_category"": ""lead_enrichment"", ""template_used"": ""personalized_outbound"", ""records_input"": 2545}"
370,27,128,wf_27_4,2026-02-25,,failed,"{""workflow_category"": ""lead_enrichment"", ""template_used"": ""lead_enrichment"", ""records_input"": 2521}"
371,27,129,wf_27_5,2026-03-10,,failed,"{""workflow_category"": ""ai_account_research"", ""template_used"": ""crm_enrichment"", ""records_input"": 1845}"
372,27,131,wf_27_6,2026-01-08,2026-01-08 00:28:00,completed,"{""workflow_category"": ""lead_enrichment"", ""template_used"": ""lead_enrichment"", ""records_input"": 1268}"
373,27,129,wf_27_7,2026-03-10,2026-03-10 01:22:00,completed,"{""workflow_category"": ""crm_sync"", ""template_used"": ""personalized_outbound"", ""records_input"": 457}"
374,28,139,wf_28_1,2026-01-28,2026-01-28 01:13:00,completed,"{""workflow_category"": ""crm_sync"", ""template_used"": ""crm_enrichment"", ""records_input"": 440}"
375,28,135,wf_28_2,2026-01-04,2026-01-04 01:13:00,completed,"{""workflow_category"": ""personalized_outbound"", ""template_used"": ""personalized_outbound"", ""records_input"": 2778}"
376,28,138,wf_28_3,2026-01-26,2026-01-26 01:17:00,completed,"{""workflow_category"": ""ai_account_research"", ""template_used"": ""account_research"", ""records_input"": 1370}"
377,28,134,wf_28_4,2026-02-19,2026-02-19 00:54:00,completed,"{""workflow_category"": ""lead_enrichment"", ""template_used"": ""lead_enrichment"", ""records_input"": 1117}"
378,28,138,wf_28_5,2026-03-15,2026-03-15 01:59:00,completed,"{""workflow_category"": ""ai_account_research"", ""template_used"": ""crm_enrichment"", ""records_input"": 2061}"
379,28,136,wf_28_6,2026-01-30,2026-01-30 00:08:00,completed,"{""workflow_category"": ""waterfall_enrichment"", ""template_used"": ""crm_enrichment"", ""records_input"": 2784}"
380,28,139,wf_28_7,2026-01-07,2026-01-07 01:22:00,completed,"{""workflow_category"": ""waterfall_enrichment"", ""template_used"": ""lead_enrichment"", ""records_input"": 2882}"
381,28,141,wf_28_8,2026-03-26,2026-03-26 00:23:00,completed,"{""workflow_category"": ""waterfall_enrichment"", ""template_used"": ""personalized_outbound"", ""records_input"": 375}"
382,28,141,wf_28_9,2026-02-24,2026-02-24 01:15:00,completed,"{""workflow_category"": ""personalized_outbound"", ""template_used"": ""lead_enrichment"", ""records_input"": 1675}"
383,29,142,wf_29_1,2026-04-20,2026-04-20 00:51:00,completed,"{""workflow_category"": ""ai_account_research"", ""template_used"": ""account_research"", ""records_input"": 2431}"
384,30,148,wf_30_1,2026-02-25,2026-02-25 00:39:00,completed,"{""workflow_category"": ""personalized_outbound"", ""template_used"": ""account_research"", ""records_input"": 2409}"
385,30,144,wf_30_2,2026-03-09,,failed,"{""workflow_category"": ""personalized_outbound"", ""template_used"": ""lead_enrichment"", ""records_input"": 197}"
386,30,149,wf_30_3,2026-02-15,2026-02-15 01:09:00,completed,"{""workflow_category"": ""personalized_outbound"", ""template_used"": ""crm_enrichment"", ""records_input"": 1932}"
387,30,145,wf_30_4,2026-02-07,2026-02-07 01:03:00,completed,"{""workflow_category"": ""crm_sync"", ""template_used"": ""account_research"", ""records_input"": 1247}"
388,30,147,wf_30_5,2026-03-18,,failed,"{""workflow_category"": ""ai_account_research"", ""template_used"": ""crm_enrichment"", ""records_input"": 2199}"
389,30,144,wf_30_6,2026-02-02,,failed,"{""workflow_category"": ""personalized_outbound"", ""template_used"": ""lead_enrichment"", ""records_input"": 531}"
390,31,155,wf_31_1,2026-04-29,2026-04-29 01:56:00,completed,"{""workflow_category"": ""ai_account_research"", ""template_used"": ""crm_enrichment"", ""records_input"": 853}"
391,31,151,wf_31_2,2026-03-04,2026-03-04 01:16:00,completed,"{""workflow_category"": ""personalized_outbound"", ""template_used"": ""account_research"", ""records_input"": 2835}"
392,31,150,wf_31_3,2026-05-23,2026-05-23 01:02:00,completed,"{""workflow_category"": ""personalized_outbound"", ""template_used"": ""account_research"", ""records_input"": 995}"
393,31,155,wf_31_4,2026-05-06,2026-05-06 01:49:00,completed,"{""workflow_category"": ""waterfall_enrichment"", ""template_used"": ""personalized_outbound"", ""records_input"": 1795}"
394,31,156,wf_31_5,2026-04-27,2026-04-27 01:26:00,completed,"{""workflow_category"": ""personalized_outbound"", ""template_used"": ""account_research"", ""records_input"": 458}"
395,31,155,wf_31_6,2026-05-23,2026-05-23 01:01:00,completed,"{""workflow_category"": ""lead_enrichment"", ""template_used"": ""crm_enrichment"", ""records_input"": 1822}"
396,31,155,wf_31_7,2026-04-11,,failed,"{""workflow_category"": ""waterfall_enrichment"", ""template_used"": ""lead_enrichment"", ""records_input"": 117}"
397,31,154,wf_31_8,2026-04-02,,failed,"{""workflow_category"": ""ai_account_research"", ""template_used"": ""personalized_outbound"", ""records_input"": 311}"
398,31,156,wf_31_9,2026-03-19,2026-03-19 01:09:00,completed,"{""workflow_category"": ""personalized_outbound"", ""template_used"": ""personalized_outbound"", ""records_input"": 2669}"
399,31,155,wf_31_10,2026-03-06,2026-03-06 01:40:00,completed,"{""workflow_category"": ""waterfall_enrichment"", ""template_used"": ""crm_enrichment"", ""records_input"": 864}"
400,31,154,wf_31_11,2026-05-16,2026-05-16 01:55:00,completed,"{""workflow_category"": ""waterfall_enrichment"", ""template_used"": ""account_research"", ""records_input"": 538}"
401,31,151,wf_31_12,2026-04-24,2026-04-24 00:14:00,completed,"{""workflow_category"": ""lead_enrichment"", ""template_used"": ""personalized_outbound"", ""records_input"": 1637}"
402,31,155,wf_31_13,2026-05-18,2026-05-18 01:14:00,completed,"{""workflow_category"": ""personalized_outbound"", ""template_used"": ""crm_enrichment"", ""records_input"": 598}"
403,31,152,wf_31_14,2026-04-07,2026-04-07 01:06:00,completed,"{""workflow_category"": ""lead_enrichment"", ""template_used"": ""crm_enrichment"", ""records_input"": 2013}"
404,31,153,wf_31_15,2026-04-12,2026-04-12 01:24:00,completed,"{""workflow_category"": ""waterfall_enrichment"", ""template_used"": ""lead_enrichment"", ""records_input"": 2423}"
405,31,152,wf_31_16,2026-04-03,2026-04-03 00:14:00,completed,"{""workflow_category"": ""crm_sync"", ""template_used"": ""lead_enrichment"", ""records_input"": 1387}"
406,31,154,wf_31_17,2026-05-13,2026-05-13 00:40:00,completed,"{""workflow_category"": ""lead_enrichment"", ""template_used"": ""personalized_outbound"", ""records_input"": 2894}"
407,31,151,wf_31_18,2026-03-24,2026-03-24 01:21:00,completed,"{""workflow_category"": ""waterfall_enrichment"", ""template_used"": ""account_research"", ""records_input"": 1267}"
408,31,155,wf_31_19,2026-03-05,2026-03-05 00:13:00,completed,"{""workflow_category"": ""waterfall_enrichment"", ""template_used"": ""crm_enrichment"", ""records_input"": 1225}"
409,31,151,wf_31_20,2026-03-20,,failed,"{""workflow_category"": ""waterfall_enrichment"", ""template_used"": ""lead_enrichment"", ""records_input"": 460}"
410,31,154,wf_31_21,2026-04-06,2026-04-06 01:34:00,completed,"{""workflow_category"": ""ai_account_research"", ""template_used"": ""personalized_outbound"", ""records_input"": 591}"
411,31,155,wf_31_22,2026-04-03,2026-04-03 01:29:00,completed,"{""workflow_category"": ""ai_account_research"", ""template_used"": ""account_research"", ""records_input"": 407}"
412,31,151,wf_31_23,2026-05-25,2026-05-25 00:24:00,completed,"{""workflow_category"": ""lead_enrichment"", ""template_used"": ""lead_enrichment"", ""records_input"": 1589}"
413,31,151,wf_31_24,2026-03-17,2026-03-17 00:35:00,completed,"{""workflow_category"": ""waterfall_enrichment"", ""template_used"": ""crm_enrichment"", ""records_input"": 217}"
414,31,155,wf_31_25,2026-04-06,2026-04-06 00:52:00,completed,"{""workflow_category"": ""waterfall_enrichment"", ""template_used"": ""personalized_outbound"", ""records_input"": 894}"
415,31,154,wf_31_26,2026-03-11,2026-03-11 01:13:00,completed,"{""workflow_category"": ""ai_account_research"", ""template_used"": ""personalized_outbound"", ""records_input"": 1705}"
416,31,151,wf_31_27,2026-05-21,2026-05-21 01:06:00,completed,"{""workflow_category"": ""ai_account_research"", ""template_used"": ""crm_enrichment"", ""records_input"": 2891}"
417,31,154,wf_31_28,2026-03-04,2026-03-04 01:21:00,completed,"{""workflow_category"": ""waterfall_enrichment"", ""template_used"": ""account_research"", ""records_input"": 2100}"
418,31,153,wf_31_29,2026-03-15,2026-03-15 00:17:00,completed,"{""workflow_category"": ""crm_sync"", ""template_used"": ""personalized_outbound"", ""records_input"": 1536}"
419,31,156,wf_31_30,2026-05-23,2026-05-23 00:07:00,completed,"{""workflow_category"": ""waterfall_enrichment"", ""template_used"": ""lead_enrichment"", ""records_input"": 2800}"
420,31,152,wf_31_31,2026-04-22,2026-04-22 01:20:00,completed,"{""workflow_category"": ""crm_sync"", ""template_used"": ""lead_enrichment"", ""records_input"": 268}"
421,31,154,wf_31_32,2026-05-05,2026-05-05 01:32:00,completed,"{""workflow_category"": ""ai_account_research"", ""template_used"": ""crm_enrichment"", ""records_input"": 2655}"
422,31,152,wf_31_33,2026-04-17,2026-04-17 01:29:00,completed,"{""workflow_category"": ""lead_enrichment"", ""template_used"": ""lead_enrichment"", ""records_input"": 1534}"
423,31,153,wf_31_34,2026-05-02,2026-05-02 00:50:00,completed,"{""workflow_category"": ""waterfall_enrichment"", ""template_used"": ""personalized_outbound"", ""records_input"": 501}"
424,31,150,wf_31_35,2026-05-11,2026-05-11 00:28:00,completed,"{""workflow_category"": ""waterfall_enrichment"", ""template_used"": ""lead_enrichment"", ""records_input"": 2256}"
425,31,154,wf_31_36,2026-05-16,2026-05-16 01:10:00,completed,"{""workflow_category"": ""personalized_outbound"", ""template_used"": ""crm_enrichment"", ""records_input"": 319}"
426,31,152,wf_31_37,2026-04-06,,failed,"{""workflow_category"": ""lead_enrichment"", ""template_used"": ""account_research"", ""records_input"": 1290}"
427,31,156,wf_31_38,2026-03-22,2026-03-22 00:43:00,completed,"{""workflow_category"": ""lead_enrichment"", ""template_used"": ""personalized_outbound"", ""records_input"": 2654}"
428,31,153,wf_31_39,2026-04-22,,failed,"{""workflow_category"": ""crm_sync"", ""template_used"": ""personalized_outbound"", ""records_input"": 853}"
429,31,154,wf_31_40,2026-05-02,2026-05-02 01:06:00,completed,"{""workflow_category"": ""lead_enrichment"", ""template_used"": ""personalized_outbound"", ""records_input"": 1604}"
430,32,160,wf_32_1,2026-01-11,2026-01-11 01:52:00,completed,"{""workflow_category"": ""waterfall_enrichment"", ""template_used"": ""lead_enrichment"", ""records_input"": 2459}"
431,32,160,wf_32_2,2026-01-23,2026-01-23 00:34:00,completed,"{""workflow_category"": ""lead_enrichment"", ""template_used"": ""personalized_outbound"", ""records_input"": 1425}"
432,32,161,wf_32_3,2026-02-20,,failed,"{""workflow_category"": ""personalized_outbound"", ""template_used"": ""lead_enrichment"", ""records_input"": 901}"
433,32,159,wf_32_4,2026-02-24,2026-02-24 01:17:00,completed,"{""workflow_category"": ""lead_enrichment"", ""template_used"": ""lead_enrichment"", ""records_input"": 2894}"
434,32,157,wf_32_5,2026-01-11,2026-01-11 01:01:00,completed,"{""workflow_category"": ""waterfall_enrichment"", ""template_used"": ""account_research"", ""records_input"": 620}"
435,32,157,wf_32_6,2026-01-11,,failed,"{""workflow_category"": ""crm_sync"", ""template_used"": ""lead_enrichment"", ""records_input"": 2220}"
436,32,161,wf_32_7,2026-01-10,2026-01-10 00:35:00,completed,"{""workflow_category"": ""personalized_outbound"", ""template_used"": ""account_research"", ""records_input"": 1516}"
437,32,160,wf_32_8,2026-03-07,2026-03-07 01:09:00,completed,"{""workflow_category"": ""crm_sync"", ""template_used"": ""personalized_outbound"", ""records_input"": 1342}"
438,32,158,wf_32_9,2026-02-17,2026-02-17 00:29:00,completed,"{""workflow_category"": ""lead_enrichment"", ""template_used"": ""lead_enrichment"", ""records_input"": 476}"
439,32,162,wf_32_10,2026-02-08,2026-02-08 00:10:00,completed,"{""workflow_category"": ""personalized_outbound"", ""template_used"": ""lead_enrichment"", ""records_input"": 1297}"
440,32,161,wf_32_11,2026-01-31,2026-01-31 01:01:00,completed,"{""workflow_category"": ""crm_sync"", ""template_used"": ""crm_enrichment"", ""records_input"": 2777}"
441,32,159,wf_32_12,2026-01-20,,failed,"{""workflow_category"": ""ai_account_research"", ""template_used"": ""lead_enrichment"", ""records_input"": 602}"
442,33,167,wf_33_1,2026-02-24,,failed,"{""workflow_category"": ""crm_sync"", ""template_used"": ""personalized_outbound"", ""records_input"": 1836}"
443,33,165,wf_33_2,2026-01-10,2026-01-10 01:23:00,completed,"{""workflow_category"": ""crm_sync"", ""template_used"": ""account_research"", ""records_input"": 609}"
444,33,165,wf_33_3,2026-02-15,2026-02-15 00:13:00,completed,"{""workflow_category"": ""crm_sync"", ""template_used"": ""crm_enrichment"", ""records_input"": 2127}"
445,33,165,wf_33_4,2026-03-17,2026-03-17 01:36:00,completed,"{""workflow_category"": ""crm_sync"", ""template_used"": ""account_research"", ""records_input"": 2878}"
446,33,163,wf_33_5,2026-03-29,,failed,"{""workflow_category"": ""ai_account_research"", ""template_used"": ""crm_enrichment"", ""records_input"": 2586}"
447,33,163,wf_33_6,2026-03-31,2026-03-31 01:37:00,completed,"{""workflow_category"": ""lead_enrichment"", ""template_used"": ""lead_enrichment"", ""records_input"": 2415}"
448,33,165,wf_33_7,2026-03-03,2026-03-03 00:45:00,completed,"{""workflow_category"": ""personalized_outbound"", ""template_used"": ""lead_enrichment"", ""records_input"": 1446}"
449,33,166,wf_33_8,2026-02-21,2026-02-21 01:28:00,completed,"{""workflow_category"": ""ai_account_research"", ""template_used"": ""personalized_outbound"", ""records_input"": 1041}"
450,33,164,wf_33_9,2026-01-24,2026-01-24 01:18:00,completed,"{""workflow_category"": ""ai_account_research"", ""template_used"": ""personalized_outbound"", ""records_input"": 163}"
451,33,163,wf_33_10,2026-04-05,2026-04-05 01:16:00,completed,"{""workflow_category"": ""crm_sync"", ""template_used"": ""crm_enrichment"", ""records_input"": 1478}"
452,33,164,wf_33_11,2026-03-02,,failed,"{""workflow_category"": ""ai_account_research"", ""template_used"": ""account_research"", ""records_input"": 723}"
453,33,166,wf_33_12,2026-03-13,2026-03-13 01:59:00,completed,"{""workflow_category"": ""personalized_outbound"", ""template_used"": ""crm_enrichment"", ""records_input"": 1422}"
454,33,165,wf_33_13,2026-03-03,,failed,"{""workflow_category"": ""crm_sync"", ""template_used"": ""account_research"", ""records_input"": 1048}"
455,33,166,wf_33_14,2026-02-01,,failed,"{""workflow_category"": ""personalized_outbound"", ""template_used"": ""personalized_outbound"", ""records_input"": 2233}"
456,34,170,wf_34_1,2026-05-24,2026-05-24 01:49:00,completed,"{""workflow_category"": ""waterfall_enrichment"", ""template_used"": ""lead_enrichment"", ""records_input"": 913}"
457,34,173,wf_34_2,2026-06-09,2026-06-09 00:53:00,completed,"{""workflow_category"": ""ai_account_research"", ""template_used"": ""crm_enrichment"", ""records_input"": 2083}"
458,34,171,wf_34_3,2026-04-06,,failed,"{""workflow_category"": ""crm_sync"", ""template_used"": ""personalized_outbound"", ""records_input"": 1432}"
459,34,172,wf_34_4,2026-04-08,,failed,"{""workflow_category"": ""waterfall_enrichment"", ""template_used"": ""personalized_outbound"", ""records_input"": 2914}"
460,34,171,wf_34_5,2026-05-05,,failed,"{""workflow_category"": ""crm_sync"", ""template_used"": ""personalized_outbound"", ""records_input"": 1006}"
461,34,169,wf_34_6,2026-06-01,2026-06-01 00:13:00,completed,"{""workflow_category"": ""personalized_outbound"", ""template_used"": ""crm_enrichment"", ""records_input"": 2293}"
462,34,172,wf_34_7,2026-03-25,,failed,"{""workflow_category"": ""lead_enrichment"", ""template_used"": ""personalized_outbound"", ""records_input"": 2086}"
463,34,172,wf_34_8,2026-05-15,2026-05-15 00:07:00,completed,"{""workflow_category"": ""personalized_outbound"", ""template_used"": ""lead_enrichment"", ""records_input"": 491}"
464,35,177,wf_35_1,2026-03-09,2026-03-09 00:37:00,completed,"{""workflow_category"": ""crm_sync"", ""template_used"": ""account_research"", ""records_input"": 1416}"
465,35,178,wf_35_2,2026-01-25,2026-01-25 01:11:00,completed,"{""workflow_category"": ""ai_account_research"", ""template_used"": ""personalized_outbound"", ""records_input"": 565}"
466,35,177,wf_35_3,2026-02-08,2026-02-08 01:11:00,completed,"{""workflow_category"": ""crm_sync"", ""template_used"": ""lead_enrichment"", ""records_input"": 1288}"
467,35,179,wf_35_4,2026-01-27,2026-01-27 00:24:00,completed,"{""workflow_category"": ""lead_enrichment"", ""template_used"": ""lead_enrichment"", ""records_input"": 916}"
468,35,176,wf_35_5,2026-02-06,2026-02-06 01:16:00,completed,"{""workflow_category"": ""ai_account_research"", ""template_used"": ""lead_enrichment"", ""records_input"": 521}"
469,35,178,wf_35_6,2026-01-31,2026-01-31 00:26:00,completed,"{""workflow_category"": ""ai_account_research"", ""template_used"": ""account_research"", ""records_input"": 2618}"
470,36,185,wf_36_1,2026-04-20,2026-04-20 01:12:00,completed,"{""workflow_category"": ""personalized_outbound"", ""template_used"": ""crm_enrichment"", ""records_input"": 485}"
471,36,183,wf_36_2,2026-05-02,2026-05-02 01:07:00,completed,"{""workflow_category"": ""personalized_outbound"", ""template_used"": ""account_research"", ""records_input"": 1613}"
472,36,188,wf_36_3,2026-05-27,2026-05-27 01:23:00,completed,"{""workflow_category"": ""crm_sync"", ""template_used"": ""crm_enrichment"", ""records_input"": 793}"
473,36,185,wf_36_4,2026-05-08,2026-05-08 00:57:00,completed,"{""workflow_category"": ""lead_enrichment"", ""template_used"": ""crm_enrichment"", ""records_input"": 2396}"
474,36,184,wf_36_5,2026-03-16,2026-03-16 00:28:00,completed,"{""workflow_category"": ""lead_enrichment"", ""template_used"": ""account_research"", ""records_input"": 990}"
475,36,186,wf_36_6,2026-03-27,2026-03-27 00:40:00,completed,"{""workflow_category"": ""crm_sync"", ""template_used"": ""lead_enrichment"", ""records_input"": 871}"
476,36,184,wf_36_7,2026-04-29,2026-04-29 00:49:00,completed,"{""workflow_category"": ""crm_sync"", ""template_used"": ""crm_enrichment"", ""records_input"": 2965}"
477,36,188,wf_36_8,2026-05-19,2026-05-19 00:46:00,completed,"{""workflow_category"": ""waterfall_enrichment"", ""template_used"": ""account_research"", ""records_input"": 1420}"
478,36,187,wf_36_9,2026-04-30,2026-04-30 01:48:00,completed,"{""workflow_category"": ""personalized_outbound"", ""template_used"": ""personalized_outbound"", ""records_input"": 1735}"
479,36,188,wf_36_10,2026-05-09,,failed,"{""workflow_category"": ""personalized_outbound"", ""template_used"": ""lead_enrichment"", ""records_input"": 2426}"
480,36,186,wf_36_11,2026-03-15,2026-03-15 00:28:00,completed,"{""workflow_category"": ""ai_account_research"", ""template_used"": ""account_research"", ""records_input"": 1102}"
481,36,188,wf_36_12,2026-04-25,2026-04-25 01:43:00,completed,"{""workflow_category"": ""crm_sync"", ""template_used"": ""personalized_outbound"", ""records_input"": 2545}"
482,36,186,wf_36_13,2026-05-08,2026-05-08 01:50:00,completed,"{""workflow_category"": ""personalized_outbound"", ""template_used"": ""account_research"", ""records_input"": 2744}"
483,37,190,wf_37_1,2026-03-12,2026-03-12 00:51:00,completed,"{""workflow_category"": ""ai_account_research"", ""template_used"": ""personalized_outbound"", ""records_input"": 2863}"
484,37,190,wf_37_2,2026-03-06,2026-03-06 01:03:00,completed,"{""workflow_category"": ""personalized_outbound"", ""template_used"": ""crm_enrichment"", ""records_input"": 1843}"
485,37,189,wf_37_3,2026-02-03,2026-02-03 00:27:00,completed,"{""workflow_category"": ""lead_enrichment"", ""template_used"": ""lead_enrichment"", ""records_input"": 2692}"
486,37,190,wf_37_4,2026-01-21,,failed,"{""workflow_category"": ""lead_enrichment"", ""template_used"": ""account_research"", ""records_input"": 1483}"
487,37,189,wf_37_5,2026-02-05,,failed,"{""workflow_category"": ""personalized_outbound"", ""template_used"": ""account_research"", ""records_input"": 1632}"
488,37,189,wf_37_6,2026-02-07,,failed,"{""workflow_category"": ""crm_sync"", ""template_used"": ""lead_enrichment"", ""records_input"": 1020}"
489,38,194,wf_38_1,2026-01-14,,failed,"{""workflow_category"": ""personalized_outbound"", ""template_used"": ""lead_enrichment"", ""records_input"": 1637}"
490,38,194,wf_38_2,2026-03-04,2026-03-04 01:15:00,completed,"{""workflow_category"": ""ai_account_research"", ""template_used"": ""crm_enrichment"", ""records_input"": 1408}"
491,38,194,wf_38_3,2026-03-27,2026-03-27 01:28:00,completed,"{""workflow_category"": ""waterfall_enrichment"", ""template_used"": ""lead_enrichment"", ""records_input"": 2706}"
492,38,193,wf_38_4,2026-02-02,2026-02-02 01:17:00,completed,"{""workflow_category"": ""lead_enrichment"", ""template_used"": ""account_research"", ""records_input"": 2563}"
493,38,194,wf_38_5,2026-03-30,,failed,"{""workflow_category"": ""ai_account_research"", ""template_used"": ""account_research"", ""records_input"": 2574}"
494,38,193,wf_38_6,2026-02-18,2026-02-18 01:48:00,completed,"{""workflow_category"": ""lead_enrichment"", ""template_used"": ""personalized_outbound"", ""records_input"": 2195}"
495,38,194,wf_38_7,2026-02-23,2026-02-23 01:27:00,completed,"{""workflow_category"": ""waterfall_enrichment"", ""template_used"": ""lead_enrichment"", ""records_input"": 1164}"
496,38,194,wf_38_8,2026-02-01,2026-02-01 01:17:00,completed,"{""workflow_category"": ""waterfall_enrichment"", ""template_used"": ""crm_enrichment"", ""records_input"": 732}"
497,38,193,wf_38_9,2026-03-04,2026-03-04 01:06:00,completed,"{""workflow_category"": ""ai_account_research"", ""template_used"": ""lead_enrichment"", ""records_input"": 2504}"
498,38,195,wf_38_10,2026-04-05,2026-04-05 00:30:00,completed,"{""workflow_category"": ""waterfall_enrichment"", ""template_used"": ""account_research"", ""records_input"": 2246}"
499,38,195,wf_38_11,2026-01-22,2026-01-22 01:47:00,completed,"{""workflow_category"": ""personalized_outbound"", ""template_used"": ""lead_enrichment"", ""records_input"": 1102}"
500,38,195,wf_38_12,2026-01-19,2026-01-19 00:31:00,completed,"{""workflow_category"": ""personalized_outbound"", ""template_used"": ""personalized_outbound"", ""records_input"": 2001}"
501,38,194,wf_38_13,2026-03-15,2026-03-15 00:43:00,completed,"{""workflow_category"": ""personalized_outbound"", ""template_used"": ""account_research"", ""records_input"": 1913}"
502,38,194,wf_38_14,2026-02-16,2026-02-16 01:31:00,completed,"{""workflow_category"": ""crm_sync"", ""template_used"": ""account_research"", ""records_input"": 846}"
503,38,191,wf_38_15,2026-02-20,,failed,"{""workflow_category"": ""waterfall_enrichment"", ""template_used"": ""crm_enrichment"", ""records_input"": 2596}"
504,38,192,wf_38_16,2026-03-13,,failed,"{""workflow_category"": ""crm_sync"", ""template_used"": ""crm_enrichment"", ""records_input"": 1466}"
505,38,193,wf_38_17,2026-02-07,2026-02-07 01:29:00,completed,"{""workflow_category"": ""crm_sync"", ""template_used"": ""account_research"", ""records_input"": 1418}"
506,38,194,wf_38_18,2026-03-14,2026-03-14 01:37:00,completed,"{""workflow_category"": ""lead_enrichment"", ""template_used"": ""personalized_outbound"", ""records_input"": 1123}"
507,39,197,wf_39_1,2026-03-07,,failed,"{""workflow_category"": ""waterfall_enrichment"", ""template_used"": ""crm_enrichment"", ""records_input"": 915}"
508,39,197,wf_39_2,2026-04-08,,failed,"{""workflow_category"": ""crm_sync"", ""template_used"": ""crm_enrichment"", ""records_input"": 2454}"
509,39,197,wf_39_3,2026-05-01,,failed,"{""workflow_category"": ""lead_enrichment"", ""template_used"": ""crm_enrichment"", ""records_input"": 2007}"
510,39,197,wf_39_4,2026-02-14,,failed,"{""workflow_category"": ""lead_enrichment"", ""template_used"": ""account_research"", ""records_input"": 134}"
511,40,199,wf_40_1,2026-02-19,2026-02-19 00:16:00,completed,"{""workflow_category"": ""crm_sync"", ""template_used"": ""crm_enrichment"", ""records_input"": 2183}"
512,40,198,wf_40_2,2026-03-06,2026-03-06 00:10:00,completed,"{""workflow_category"": ""ai_account_research"", ""template_used"": ""account_research"", ""records_input"": 624}"
513,40,198,wf_40_3,2026-02-13,2026-02-13 00:58:00,completed,"{""workflow_category"": ""personalized_outbound"", ""template_used"": ""lead_enrichment"", ""records_input"": 1595}"
514,40,200,wf_40_4,2026-02-11,2026-02-11 00:57:00,completed,"{""workflow_category"": ""waterfall_enrichment"", ""template_used"": ""lead_enrichment"", ""records_input"": 747}"
515,40,199,wf_40_5,2026-04-03,,failed,"{""workflow_category"": ""lead_enrichment"", ""template_used"": ""personalized_outbound"", ""records_input"": 2439}"
516,40,200,wf_40_6,2026-04-18,2026-04-18 00:43:00,completed,"{""workflow_category"": ""waterfall_enrichment"", ""template_used"": ""crm_enrichment"", ""records_input"": 639}"
517,40,198,wf_40_7,2026-02-11,2026-02-11 01:26:00,completed,"{""workflow_category"": ""ai_account_research"", ""template_used"": ""personalized_outbound"", ""records_input"": 1421}"
518,40,199,wf_40_8,2026-03-08,,failed,"{""workflow_category"": ""ai_account_research"", ""template_used"": ""crm_enrichment"", ""records_input"": 2096}"
519,40,199,wf_40_9,2026-01-27,2026-01-27 01:14:00,completed,"{""workflow_category"": ""ai_account_research"", ""template_used"": ""account_research"", ""records_input"": 592}"
520,40,200,wf_40_10,2026-01-26,2026-01-26 00:30:00,completed,"{""workflow_category"": ""crm_sync"", ""template_used"": ""lead_enrichment"", ""records_input"": 2405}"
521,40,199,wf_40_11,2026-02-28,,failed,"{""workflow_category"": ""waterfall_enrichment"", ""template_used"": ""personalized_outbound"", ""records_input"": 2237}"
522,40,199,wf_40_12,2026-03-15,2026-03-15 01:45:00,completed,"{""workflow_category"": ""waterfall_enrichment"", ""template_used"": ""lead_enrichment"", ""records_input"": 1118}"
523,40,198,wf_40_13,2026-03-25,2026-03-25 00:34:00,completed,"{""workflow_category"": ""crm_sync"", ""template_used"": ""personalized_outbound"", ""records_input"": 729}"
524,40,199,wf_40_14,2026-04-23,2026-04-23 01:00:00,completed,"{""workflow_category"": ""lead_enrichment"", ""template_used"": ""crm_enrichment"", ""records_input"": 1130}"
525,40,199,wf_40_15,2026-03-27,2026-03-27 01:16:00,completed,"{""workflow_category"": ""personalized_outbound"", ""template_used"": ""personalized_outbound"", ""records_input"": 272}"
526,40,199,wf_40_16,2026-04-11,2026-04-11 00:58:00,completed,"{""workflow_category"": ""lead_enrichment"", ""template_used"": ""personalized_outbound"", ""records_input"": 1987}"
527,40,199,wf_40_17,2026-02-24,2026-02-24 00:40:00,completed,"{""workflow_category"": ""lead_enrichment"", ""template_used"": ""personalized_outbound"", ""records_input"": 2963}"
528,40,199,wf_40_18,2026-02-05,2026-02-05 01:37:00,completed,"{""workflow_category"": ""waterfall_enrichment"", ""template_used"": ""personalized_outbound"", ""records_input"": 2719}"
529,40,198,wf_40_19,2026-04-02,2026-04-02 00:27:00,completed,"{""workflow_category"": ""lead_enrichment"", ""template_used"": ""account_research"", ""records_input"": 470}"
530,40,198,wf_40_20,2026-01-29,2026-01-29 00:36:00,completed,"{""workflow_category"": ""crm_sync"", ""template_used"": ""personalized_outbound"", ""records_input"": 1019}"
531,40,200,wf_40_21,2026-02-17,2026-02-17 00:57:00,completed,"{""workflow_category"": ""personalized_outbound"", ""template_used"": ""personalized_outbound"", ""records_input"": 2669}"
532,40,200,wf_40_22,2026-02-05,,failed,"{""workflow_category"": ""waterfall_enrichment"", ""template_used"": ""crm_enrichment"", ""records_input"": 529}"
533,40,199,wf_40_23,2026-01-26,2026-01-26 01:16:00,completed,"{""workflow_category"": ""lead_enrichment"", ""template_used"": ""personalized_outbound"", ""records_input"": 2993}"
534,40,200,wf_40_24,2026-04-20,2026-04-20 00:43:00,completed,"{""workflow_category"": ""personalized_outbound"", ""template_used"": ""personalized_outbound"", ""records_input"": 690}"
535,41,202,wf_41_1,2026-02-12,,failed,"{""workflow_category"": ""personalized_outbound"", ""template_used"": ""account_research"", ""records_input"": 806}"
536,41,201,wf_41_2,2026-03-01,2026-03-01 00:08:00,completed,"{""workflow_category"": ""personalized_outbound"", ""template_used"": ""crm_enrichment"", ""records_input"": 1293}"
537,41,202,wf_41_3,2026-03-07,,failed,"{""workflow_category"": ""lead_enrichment"", ""template_used"": ""account_research"", ""records_input"": 2067}"
538,41,201,wf_41_4,2026-03-08,,failed,"{""workflow_category"": ""lead_enrichment"", ""template_used"": ""lead_enrichment"", ""records_input"": 465}"
539,41,202,wf_41_5,2026-03-10,,failed,"{""workflow_category"": ""personalized_outbound"", ""template_used"": ""account_research"", ""records_input"": 978}"
540,41,201,wf_41_6,2026-02-03,,failed,"{""workflow_category"": ""crm_sync"", ""template_used"": ""personalized_outbound"", ""records_input"": 1035}"
541,41,202,wf_41_7,2026-02-21,,failed,"{""workflow_category"": ""ai_account_research"", ""template_used"": ""crm_enrichment"", ""records_input"": 2558}"
542,41,202,wf_41_8,2026-03-17,2026-03-17 00:38:00,completed,"{""workflow_category"": ""lead_enrichment"", ""template_used"": ""lead_enrichment"", ""records_input"": 454}"
543,41,201,wf_41_9,2026-03-29,,failed,"{""workflow_category"": ""ai_account_research"", ""template_used"": ""crm_enrichment"", ""records_input"": 279}"
544,41,202,wf_41_10,2026-01-12,2026-01-12 01:52:00,completed,"{""workflow_category"": ""personalized_outbound"", ""template_used"": ""lead_enrichment"", ""records_input"": 687}"
545,41,201,wf_41_11,2026-04-01,2026-04-01 00:34:00,completed,"{""workflow_category"": ""lead_enrichment"", ""template_used"": ""personalized_outbound"", ""records_input"": 2422}"
546,41,202,wf_41_12,2026-02-19,2026-02-19 00:33:00,completed,"{""workflow_category"": ""ai_account_research"", ""template_used"": ""crm_enrichment"", ""records_input"": 756}"
547,42,203,wf_42_1,2026-06-08,2026-06-08 01:00:00,completed,"{""workflow_category"": ""waterfall_enrichment"", ""template_used"": ""lead_enrichment"", ""records_input"": 1680}"
548,42,204,wf_42_2,2026-04-04,2026-04-04 01:55:00,completed,"{""workflow_category"": ""crm_sync"", ""template_used"": ""crm_enrichment"", ""records_input"": 1561}"
549,42,209,wf_42_3,2026-04-22,2026-04-22 00:25:00,completed,"{""workflow_category"": ""personalized_outbound"", ""template_used"": ""lead_enrichment"", ""records_input"": 2400}"
550,42,208,wf_42_4,2026-05-17,2026-05-17 01:58:00,completed,"{""workflow_category"": ""lead_enrichment"", ""template_used"": ""account_research"", ""records_input"": 825}"
551,42,203,wf_42_5,2026-04-27,2026-04-27 01:10:00,completed,"{""workflow_category"": ""personalized_outbound"", ""template_used"": ""personalized_outbound"", ""records_input"": 1404}"
552,42,209,wf_42_6,2026-06-02,2026-06-02 00:53:00,completed,"{""workflow_category"": ""crm_sync"", ""template_used"": ""crm_enrichment"", ""records_input"": 1602}"
553,42,206,wf_42_7,2026-04-25,2026-04-25 00:52:00,completed,"{""workflow_category"": ""personalized_outbound"", ""template_used"": ""account_research"", ""records_input"": 408}"
554,42,206,wf_42_8,2026-04-09,2026-04-09 01:36:00,completed,"{""workflow_category"": ""crm_sync"", ""template_used"": ""personalized_outbound"", ""records_input"": 908}"
555,42,207,wf_42_9,2026-05-02,2026-05-02 00:25:00,completed,"{""workflow_category"": ""personalized_outbound"", ""template_used"": ""personalized_outbound"", ""records_input"": 2175}"
556,42,209,wf_42_10,2026-05-17,2026-05-17 02:00:00,completed,"{""workflow_category"": ""personalized_outbound"", ""template_used"": ""account_research"", ""records_input"": 2860}"
557,42,206,wf_42_11,2026-06-04,2026-06-04 00:45:00,completed,"{""workflow_category"": ""ai_account_research"", ""template_used"": ""lead_enrichment"", ""records_input"": 274}"
558,42,204,wf_42_12,2026-04-22,,failed,"{""workflow_category"": ""ai_account_research"", ""template_used"": ""account_research"", ""records_input"": 1702}"
559,42,208,wf_42_13,2026-04-10,,failed,"{""workflow_category"": ""lead_enrichment"", ""template_used"": ""personalized_outbound"", ""records_input"": 2589}"
560,42,206,wf_42_14,2026-04-05,2026-04-05 01:02:00,completed,"{""workflow_category"": ""ai_account_research"", ""template_used"": ""crm_enrichment"", ""records_input"": 2919}"
561,42,205,wf_42_15,2026-05-13,2026-05-13 01:10:00,completed,"{""workflow_category"": ""waterfall_enrichment"", ""template_used"": ""crm_enrichment"", ""records_input"": 433}"
562,42,206,wf_42_16,2026-05-13,2026-05-13 01:22:00,completed,"{""workflow_category"": ""ai_account_research"", ""template_used"": ""account_research"", ""records_input"": 1310}"
563,42,204,wf_42_17,2026-06-13,2026-06-13 00:25:00,completed,"{""workflow_category"": ""crm_sync"", ""template_used"": ""crm_enrichment"", ""records_input"": 1967}"
564,42,208,wf_42_18,2026-05-21,2026-05-21 01:15:00,completed,"{""workflow_category"": ""waterfall_enrichment"", ""template_used"": ""personalized_outbound"", ""records_input"": 829}"
565,42,204,wf_42_19,2026-06-08,,failed,"{""workflow_category"": ""ai_account_research"", ""template_used"": ""crm_enrichment"", ""records_input"": 1562}"
566,42,203,wf_42_20,2026-05-02,2026-05-02 00:35:00,completed,"{""workflow_category"": ""personalized_outbound"", ""template_used"": ""account_research"", ""records_input"": 2733}"
567,42,206,wf_42_21,2026-07-01,2026-07-01 00:58:00,completed,"{""workflow_category"": ""lead_enrichment"", ""template_used"": ""account_research"", ""records_input"": 955}"
568,42,209,wf_42_22,2026-05-05,2026-05-05 00:47:00,completed,"{""workflow_category"": ""crm_sync"", ""template_used"": ""account_research"", ""records_input"": 2764}"
569,42,203,wf_42_23,2026-06-17,2026-06-17 01:49:00,completed,"{""workflow_category"": ""waterfall_enrichment"", ""template_used"": ""lead_enrichment"", ""records_input"": 2421}"
570,42,207,wf_42_24,2026-04-24,2026-04-24 01:07:00,completed,"{""workflow_category"": ""personalized_outbound"", ""template_used"": ""lead_enrichment"", ""records_input"": 418}"
571,42,207,wf_42_25,2026-05-20,2026-05-20 00:14:00,completed,"{""workflow_category"": ""lead_enrichment"", ""template_used"": ""account_research"", ""records_input"": 591}"
572,42,207,wf_42_26,2026-05-03,2026-05-03 01:03:00,completed,"{""workflow_category"": ""personalized_outbound"", ""template_used"": ""crm_enrichment"", ""records_input"": 192}"
573,42,206,wf_42_27,2026-04-28,2026-04-28 01:47:00,completed,"{""workflow_category"": ""crm_sync"", ""template_used"": ""lead_enrichment"", ""records_input"": 2924}"
574,42,205,wf_42_28,2026-06-26,2026-06-26 02:00:00,completed,"{""workflow_category"": ""personalized_outbound"", ""template_used"": ""crm_enrichment"", ""records_input"": 2718}"
575,42,208,wf_42_29,2026-04-08,2026-04-08 00:48:00,completed,"{""workflow_category"": ""ai_account_research"", ""template_used"": ""lead_enrichment"", ""records_input"": 2449}"
576,42,210,wf_42_30,2026-04-24,2026-04-24 01:39:00,completed,"{""workflow_category"": ""crm_sync"", ""template_used"": ""account_research"", ""records_input"": 1433}"
577,43,212,wf_43_1,2026-05-07,2026-05-07 00:48:00,completed,"{""workflow_category"": ""ai_account_research"", ""template_used"": ""personalized_outbound"", ""records_input"": 2636}"
578,43,212,wf_43_2,2026-05-17,,failed,"{""workflow_category"": ""lead_enrichment"", ""template_used"": ""crm_enrichment"", ""records_input"": 2327}"
579,43,211,wf_43_3,2026-05-08,,failed,"{""workflow_category"": ""waterfall_enrichment"", ""template_used"": ""personalized_outbound"", ""records_input"": 488}"
580,43,211,wf_43_4,2026-06-14,2026-06-14 00:47:00,completed,"{""workflow_category"": ""ai_account_research"", ""template_used"": ""lead_enrichment"", ""records_input"": 2074}"
581,43,212,wf_43_5,2026-06-10,2026-06-10 00:08:00,completed,"{""workflow_category"": ""crm_sync"", ""template_used"": ""account_research"", ""records_input"": 2251}"
582,43,212,wf_43_6,2026-04-10,2026-04-10 01:18:00,completed,"{""workflow_category"": ""ai_account_research"", ""template_used"": ""crm_enrichment"", ""records_input"": 2382}"
583,43,211,wf_43_7,2026-05-16,2026-05-16 00:12:00,completed,"{""workflow_category"": ""lead_enrichment"", ""template_used"": ""crm_enrichment"", ""records_input"": 2498}"
584,43,211,wf_43_8,2026-04-17,,failed,"{""workflow_category"": ""waterfall_enrichment"", ""template_used"": ""lead_enrichment"", ""records_input"": 1111}"
585,43,211,wf_43_9,2026-06-03,2026-06-03 01:58:00,completed,"{""workflow_category"": ""ai_account_research"", ""template_used"": ""crm_enrichment"", ""records_input"": 2136}"
586,43,212,wf_43_10,2026-05-04,2026-05-04 01:04:00,completed,"{""workflow_category"": ""crm_sync"", ""template_used"": ""crm_enrichment"", ""records_input"": 1362}"
587,43,211,wf_43_11,2026-04-28,,failed,"{""workflow_category"": ""crm_sync"", ""template_used"": ""lead_enrichment"", ""records_input"": 1527}"
588,43,211,wf_43_12,2026-04-14,2026-04-14 01:37:00,completed,"{""workflow_category"": ""crm_sync"", ""template_used"": ""lead_enrichment"", ""records_input"": 2549}"
589,43,212,wf_43_13,2026-05-01,2026-05-01 01:08:00,completed,"{""workflow_category"": ""personalized_outbound"", ""template_used"": ""personalized_outbound"", ""records_input"": 915}"
590,43,211,wf_43_14,2026-04-11,2026-04-11 01:40:00,completed,"{""workflow_category"": ""ai_account_research"", ""template_used"": ""account_research"", ""records_input"": 140}"
591,43,211,wf_43_15,2026-06-08,2026-06-08 01:19:00,completed,"{""workflow_category"": ""ai_account_research"", ""template_used"": ""personalized_outbound"", ""records_input"": 932}"
592,44,219,wf_44_1,2026-03-19,2026-03-19 00:23:00,completed,"{""workflow_category"": ""personalized_outbound"", ""template_used"": ""lead_enrichment"", ""records_input"": 1754}"
593,44,219,wf_44_2,2026-03-16,2026-03-16 00:51:00,completed,"{""workflow_category"": ""waterfall_enrichment"", ""template_used"": ""personalized_outbound"", ""records_input"": 1837}"
594,44,213,wf_44_3,2026-02-20,2026-02-20 00:16:00,completed,"{""workflow_category"": ""personalized_outbound"", ""template_used"": ""crm_enrichment"", ""records_input"": 424}"
595,44,214,wf_44_4,2026-02-25,2026-02-25 01:22:00,completed,"{""workflow_category"": ""lead_enrichment"", ""template_used"": ""crm_enrichment"", ""records_input"": 832}"
596,44,215,wf_44_5,2026-03-22,2026-03-22 00:22:00,completed,"{""workflow_category"": ""waterfall_enrichment"", ""template_used"": ""lead_enrichment"", ""records_input"": 1090}"
597,44,219,wf_44_6,2026-03-30,,failed,"{""workflow_category"": ""waterfall_enrichment"", ""template_used"": ""personalized_outbound"", ""records_input"": 2751}"
598,44,220,wf_44_7,2026-02-02,2026-02-02 00:32:00,completed,"{""workflow_category"": ""ai_account_research"", ""template_used"": ""lead_enrichment"", ""records_input"": 2758}"
599,44,217,wf_44_8,2026-02-06,,failed,"{""workflow_category"": ""lead_enrichment"", ""template_used"": ""crm_enrichment"", ""records_input"": 317}"
600,44,216,wf_44_9,2026-04-12,2026-04-12 00:39:00,completed,"{""workflow_category"": ""personalized_outbound"", ""template_used"": ""crm_enrichment"", ""records_input"": 198}"
601,45,221,wf_45_1,2026-02-25,,failed,"{""workflow_category"": ""ai_account_research"", ""template_used"": ""crm_enrichment"", ""records_input"": 2076}"
602,45,223,wf_45_2,2026-03-12,2026-03-12 01:12:00,completed,"{""workflow_category"": ""personalized_outbound"", ""template_used"": ""crm_enrichment"", ""records_input"": 2532}"
603,45,223,wf_45_3,2026-03-30,2026-03-30 02:00:00,completed,"{""workflow_category"": ""lead_enrichment"", ""template_used"": ""crm_enrichment"", ""records_input"": 1790}"
604,45,222,wf_45_4,2026-02-02,,failed,"{""workflow_category"": ""lead_enrichment"", ""template_used"": ""lead_enrichment"", ""records_input"": 2092}"
605,45,221,wf_45_5,2026-03-19,2026-03-19 01:54:00,completed,"{""workflow_category"": ""lead_enrichment"", ""template_used"": ""account_research"", ""records_input"": 714}"
606,45,221,wf_45_6,2026-03-16,2026-03-16 01:30:00,completed,"{""workflow_category"": ""lead_enrichment"", ""template_used"": ""crm_enrichment"", ""records_input"": 1452}"
607,45,221,wf_45_7,2026-04-15,2026-04-15 00:42:00,completed,"{""workflow_category"": ""personalized_outbound"", ""template_used"": ""crm_enrichment"", ""records_input"": 667}"
608,45,222,wf_45_8,2026-03-31,2026-03-31 01:48:00,completed,"{""workflow_category"": ""personalized_outbound"", ""template_used"": ""crm_enrichment"", ""records_input"": 2776}"
609,45,223,wf_45_9,2026-02-08,2026-02-08 00:41:00,completed,"{""workflow_category"": ""crm_sync"", ""template_used"": ""lead_enrichment"", ""records_input"": 2072}"
610,45,223,wf_45_10,2026-04-03,2026-04-03 01:04:00,completed,"{""workflow_category"": ""waterfall_enrichment"", ""template_used"": ""crm_enrichment"", ""records_input"": 1941}"
611,45,223,wf_45_11,2026-04-17,,failed,"{""workflow_category"": ""ai_account_research"", ""template_used"": ""lead_enrichment"", ""records_input"": 1811}"
612,45,222,wf_45_12,2026-04-18,2026-04-18 01:23:00,completed,"{""workflow_category"": ""lead_enrichment"", ""template_used"": ""crm_enrichment"", ""records_input"": 2306}"
613,45,222,wf_45_13,2026-02-28,,failed,"{""workflow_category"": ""crm_sync"", ""template_used"": ""crm_enrichment"", ""records_input"": 117}"
614,45,222,wf_45_14,2026-03-10,2026-03-10 01:43:00,completed,"{""workflow_category"": ""lead_enrichment"", ""template_used"": ""lead_enrichment"", ""records_input"": 2287}"
615,45,222,wf_45_15,2026-03-08,2026-03-08 01:30:00,completed,"{""workflow_category"": ""ai_account_research"", ""template_used"": ""lead_enrichment"", ""records_input"": 771}"
616,45,221,wf_45_16,2026-02-21,2026-02-21 00:19:00,completed,"{""workflow_category"": ""crm_sync"", ""template_used"": ""personalized_outbound"", ""records_input"": 2192}"
617,45,221,wf_45_17,2026-03-03,2026-03-03 01:37:00,completed,"{""workflow_category"": ""personalized_outbound"", ""template_used"": ""account_research"", ""records_input"": 764}"
618,45,223,wf_45_18,2026-04-19,2026-04-19 01:26:00,completed,"{""workflow_category"": ""personalized_outbound"", ""template_used"": ""account_research"", ""records_input"": 1028}"
619,45,222,wf_45_19,2026-04-23,2026-04-23 00:48:00,completed,"{""workflow_category"": ""lead_enrichment"", ""template_used"": ""personalized_outbound"", ""records_input"": 449}"
620,45,222,wf_45_20,2026-04-21,2026-04-21 00:45:00,completed,"{""workflow_category"": ""personalized_outbound"", ""template_used"": ""crm_enrichment"", ""records_input"": 259}"
621,45,221,wf_45_21,2026-03-07,2026-03-07 00:46:00,completed,"{""workflow_category"": ""lead_enrichment"", ""template_used"": ""account_research"", ""records_input"": 1584}"
622,45,223,wf_45_22,2026-04-09,2026-04-09 01:54:00,completed,"{""workflow_category"": ""personalized_outbound"", ""template_used"": ""crm_enrichment"", ""records_input"": 2362}"
623,45,221,wf_45_23,2026-03-31,2026-03-31 01:48:00,completed,"{""workflow_category"": ""personalized_outbound"", ""template_used"": ""crm_enrichment"", ""records_input"": 750}"
624,45,221,wf_45_24,2026-04-27,2026-04-27 01:10:00,completed,"{""workflow_category"": ""waterfall_enrichment"", ""template_used"": ""crm_enrichment"", ""records_input"": 2462}"
625,45,222,wf_45_25,2026-04-15,,failed,"{""workflow_category"": ""crm_sync"", ""template_used"": ""lead_enrichment"", ""records_input"": 2624}"
626,45,223,wf_45_26,2026-02-04,,failed,"{""workflow_category"": ""lead_enrichment"", ""template_used"": ""account_research"", ""records_input"": 2901}"
627,46,224,wf_46_1,2026-03-28,,failed,"{""workflow_category"": ""personalized_outbound"", ""template_used"": ""personalized_outbound"", ""records_input"": 1524}"
628,46,228,wf_46_2,2026-04-14,2026-04-14 00:19:00,completed,"{""workflow_category"": ""crm_sync"", ""template_used"": ""crm_enrichment"", ""records_input"": 2925}"
629,46,224,wf_46_3,2026-04-19,2026-04-19 01:25:00,completed,"{""workflow_category"": ""personalized_outbound"", ""template_used"": ""lead_enrichment"", ""records_input"": 180}"
630,46,224,wf_46_4,2026-06-14,,failed,"{""workflow_category"": ""crm_sync"", ""template_used"": ""crm_enrichment"", ""records_input"": 1561}"
631,46,227,wf_46_5,2026-04-05,2026-04-05 00:18:00,completed,"{""workflow_category"": ""personalized_outbound"", ""template_used"": ""lead_enrichment"", ""records_input"": 1004}"
632,46,228,wf_46_6,2026-04-22,2026-04-22 00:16:00,completed,"{""workflow_category"": ""ai_account_research"", ""template_used"": ""account_research"", ""records_input"": 483}"
633,46,228,wf_46_7,2026-04-08,2026-04-08 00:16:00,completed,"{""workflow_category"": ""ai_account_research"", ""template_used"": ""crm_enrichment"", ""records_input"": 100}"
634,46,229,wf_46_8,2026-04-21,2026-04-21 00:21:00,completed,"{""workflow_category"": ""lead_enrichment"", ""template_used"": ""personalized_outbound"", ""records_input"": 1024}"
635,46,225,wf_46_9,2026-03-27,2026-03-27 00:26:00,completed,"{""workflow_category"": ""personalized_outbound"", ""template_used"": ""personalized_outbound"", ""records_input"": 544}"
636,46,230,wf_46_10,2026-06-09,,failed,"{""workflow_category"": ""ai_account_research"", ""template_used"": ""lead_enrichment"", ""records_input"": 1939}"
637,46,227,wf_46_11,2026-06-03,2026-06-03 01:54:00,completed,"{""workflow_category"": ""waterfall_enrichment"", ""template_used"": ""lead_enrichment"", ""records_input"": 316}"
638,46,226,wf_46_12,2026-06-02,2026-06-02 01:13:00,completed,"{""workflow_category"": ""crm_sync"", ""template_used"": ""lead_enrichment"", ""records_input"": 830}"
639,47,232,wf_47_1,2026-06-24,2026-06-24 00:08:00,completed,"{""workflow_category"": ""crm_sync"", ""template_used"": ""personalized_outbound"", ""records_input"": 2853}"
640,47,232,wf_47_2,2026-06-13,2026-06-13 01:43:00,completed,"{""workflow_category"": ""ai_account_research"", ""template_used"": ""account_research"", ""records_input"": 1386}"
641,47,232,wf_47_3,2026-06-28,2026-06-28 00:48:00,completed,"{""workflow_category"": ""personalized_outbound"", ""template_used"": ""lead_enrichment"", ""records_input"": 1759}"
642,47,231,wf_47_4,2026-04-13,2026-04-13 01:25:00,completed,"{""workflow_category"": ""waterfall_enrichment"", ""template_used"": ""lead_enrichment"", ""records_input"": 1780}"
643,47,231,wf_47_5,2026-04-23,2026-04-23 01:58:00,completed,"{""workflow_category"": ""personalized_outbound"", ""template_used"": ""crm_enrichment"", ""records_input"": 2662}"
644,47,232,wf_47_6,2026-04-16,2026-04-16 00:23:00,completed,"{""workflow_category"": ""personalized_outbound"", ""template_used"": ""lead_enrichment"", ""records_input"": 2236}"
645,47,231,wf_47_7,2026-05-27,,failed,"{""workflow_category"": ""waterfall_enrichment"", ""template_used"": ""crm_enrichment"", ""records_input"": 1630}"
646,47,232,wf_47_8,2026-04-10,2026-04-10 01:43:00,completed,"{""workflow_category"": ""lead_enrichment"", ""template_used"": ""lead_enrichment"", ""records_input"": 2377}"
647,47,231,wf_47_9,2026-05-15,2026-05-15 00:35:00,completed,"{""workflow_category"": ""ai_account_research"", ""template_used"": ""crm_enrichment"", ""records_input"": 895}"
648,47,232,wf_47_10,2026-05-03,2026-05-03 00:35:00,completed,"{""workflow_category"": ""ai_account_research"", ""template_used"": ""lead_enrichment"", ""records_input"": 651}"
649,47,231,wf_47_11,2026-06-11,2026-06-11 01:54:00,completed,"{""workflow_category"": ""personalized_outbound"", ""template_used"": ""account_research"", ""records_input"": 857}"
650,47,232,wf_47_12,2026-07-04,2026-07-04 00:32:00,completed,"{""workflow_category"": ""personalized_outbound"", ""template_used"": ""lead_enrichment"", ""records_input"": 337}"
651,47,231,wf_47_13,2026-04-25,,failed,"{""workflow_category"": ""ai_account_research"", ""template_used"": ""lead_enrichment"", ""records_input"": 983}"
652,47,231,wf_47_14,2026-06-02,2026-06-02 01:46:00,completed,"{""workflow_category"": ""personalized_outbound"", ""template_used"": ""account_research"", ""records_input"": 627}"
653,47,231,wf_47_15,2026-05-19,2026-05-19 01:40:00,completed,"{""workflow_category"": ""ai_account_research"", ""template_used"": ""crm_enrichment"", ""records_input"": 1494}"
654,47,232,wf_47_16,2026-06-26,,failed,"{""workflow_category"": ""crm_sync"", ""template_used"": ""account_research"", ""records_input"": 574}"
655,47,231,wf_47_17,2026-04-14,2026-04-14 01:09:00,completed,"{""workflow_category"": ""personalized_outbound"", ""template_used"": ""crm_enrichment"", ""records_input"": 1270}"
656,48,235,wf_48_1,2026-07-24,,failed,"{""workflow_category"": ""personalized_outbound"", ""template_used"": ""account_research"", ""records_input"": 1266}"
657,48,235,wf_48_2,2026-06-22,,failed,"{""workflow_category"": ""personalized_outbound"", ""template_used"": ""personalized_outbound"", ""records_input"": 2807}"
658,48,237,wf_48_3,2026-06-01,,failed,"{""workflow_category"": ""crm_sync"", ""template_used"": ""account_research"", ""records_input"": 220}"
659,48,236,wf_48_4,2026-05-09,,failed,"{""workflow_category"": ""waterfall_enrichment"", ""template_used"": ""account_research"", ""records_input"": 432}"
660,48,240,wf_48_5,2026-05-11,2026-05-11 01:54:00,completed,"{""workflow_category"": ""lead_enrichment"", ""template_used"": ""personalized_outbound"", ""records_input"": 825}"
661,48,238,wf_48_6,2026-06-23,2026-06-23 01:30:00,completed,"{""workflow_category"": ""ai_account_research"", ""template_used"": ""account_research"", ""records_input"": 2375}"
662,48,236,wf_48_7,2026-06-04,,failed,"{""workflow_category"": ""ai_account_research"", ""template_used"": ""personalized_outbound"", ""records_input"": 1050}"
663,48,238,wf_48_8,2026-05-16,,failed,"{""workflow_category"": ""ai_account_research"", ""template_used"": ""lead_enrichment"", ""records_input"": 2015}"
664,48,237,wf_48_9,2026-07-15,2026-07-15 00:46:00,completed,"{""workflow_category"": ""waterfall_enrichment"", ""template_used"": ""account_research"", ""records_input"": 487}"
665,48,235,wf_48_10,2026-07-22,,failed,"{""workflow_category"": ""personalized_outbound"", ""template_used"": ""account_research"", ""records_input"": 2673}"
666,48,240,wf_48_11,2026-06-11,2026-06-11 00:57:00,completed,"{""workflow_category"": ""ai_account_research"", ""template_used"": ""account_research"", ""records_input"": 2118}"
667,49,245,wf_49_1,2026-04-06,2026-04-06 01:03:00,completed,"{""workflow_category"": ""lead_enrichment"", ""template_used"": ""crm_enrichment"", ""records_input"": 1063}"
668,49,243,wf_49_2,2026-05-02,2026-05-02 01:36:00,completed,"{""workflow_category"": ""personalized_outbound"", ""template_used"": ""lead_enrichment"", ""records_input"": 1321}"
669,49,242,wf_49_3,2026-05-14,2026-05-14 01:28:00,completed,"{""workflow_category"": ""crm_sync"", ""template_used"": ""lead_enrichment"", ""records_input"": 2328}"
670,49,245,wf_49_4,2026-04-19,2026-04-19 00:54:00,completed,"{""workflow_category"": ""personalized_outbound"", ""template_used"": ""personalized_outbound"", ""records_input"": 2171}"
671,49,246,wf_49_5,2026-04-03,2026-04-03 00:11:00,completed,"{""workflow_category"": ""lead_enrichment"", ""template_used"": ""crm_enrichment"", ""records_input"": 1698}"
672,49,243,wf_49_6,2026-04-06,2026-04-06 00:30:00,completed,"{""workflow_category"": ""personalized_outbound"", ""template_used"": ""lead_enrichment"", ""records_input"": 2714}"
673,49,245,wf_49_7,2026-05-13,,failed,"{""workflow_category"": ""ai_account_research"", ""template_used"": ""crm_enrichment"", ""records_input"": 2079}"
674,49,245,wf_49_8,2026-04-06,2026-04-06 00:52:00,completed,"{""workflow_category"": ""waterfall_enrichment"", ""template_used"": ""crm_enrichment"", ""records_input"": 1682}"
675,49,241,wf_49_9,2026-03-29,2026-03-29 01:19:00,completed,"{""workflow_category"": ""lead_enrichment"", ""template_used"": ""crm_enrichment"", ""records_input"": 960}"
676,49,242,wf_49_10,2026-02-20,,failed,"{""workflow_category"": ""crm_sync"", ""template_used"": ""account_research"", ""records_input"": 1261}"
677,49,243,wf_49_11,2026-03-17,2026-03-17 01:53:00,completed,"{""workflow_category"": ""personalized_outbound"", ""template_used"": ""personalized_outbound"", ""records_input"": 766}"
678,49,242,wf_49_12,2026-04-24,2026-04-24 01:01:00,completed,"{""workflow_category"": ""ai_account_research"", ""template_used"": ""personalized_outbound"", ""records_input"": 2992}"
679,49,242,wf_49_13,2026-05-14,,failed,"{""workflow_category"": ""lead_enrichment"", ""template_used"": ""account_research"", ""records_input"": 261}"
680,49,246,wf_49_14,2026-03-13,2026-03-13 01:26:00,completed,"{""workflow_category"": ""personalized_outbound"", ""template_used"": ""lead_enrichment"", ""records_input"": 2893}"
681,49,245,wf_49_15,2026-03-08,2026-03-08 00:52:00,completed,"{""workflow_category"": ""lead_enrichment"", ""template_used"": ""lead_enrichment"", ""records_input"": 808}"
682,49,244,wf_49_16,2026-02-16,2026-02-16 01:58:00,completed,"{""workflow_category"": ""ai_account_research"", ""template_used"": ""crm_enrichment"", ""records_input"": 2105}"
683,49,245,wf_49_17,2026-03-28,2026-03-28 00:38:00,completed,"{""workflow_category"": ""crm_sync"", ""template_used"": ""crm_enrichment"", ""records_input"": 2081}"
684,49,241,wf_49_18,2026-04-12,2026-04-12 00:20:00,completed,"{""workflow_category"": ""ai_account_research"", ""template_used"": ""personalized_outbound"", ""records_input"": 2915}"
685,49,241,wf_49_19,2026-03-14,2026-03-14 01:39:00,completed,"{""workflow_category"": ""ai_account_research"", ""template_used"": ""personalized_outbound"", ""records_input"": 1439}"
686,49,246,wf_49_20,2026-03-26,2026-03-26 00:39:00,completed,"{""workflow_category"": ""waterfall_enrichment"", ""template_used"": ""personalized_outbound"", ""records_input"": 2119}"
687,49,244,wf_49_21,2026-04-12,2026-04-12 00:05:00,completed,"{""workflow_category"": ""ai_account_research"", ""template_used"": ""account_research"", ""records_input"": 763}"
688,49,245,wf_49_22,2026-03-04,2026-03-04 01:46:00,completed,"{""workflow_category"": ""lead_enrichment"", ""template_used"": ""lead_enrichment"", ""records_input"": 809}"
689,49,245,wf_49_23,2026-03-25,,failed,"{""workflow_category"": ""lead_enrichment"", ""template_used"": ""crm_enrichment"", ""records_input"": 548}"
690,49,242,wf_49_24,2026-03-12,2026-03-12 01:06:00,completed,"{""workflow_category"": ""personalized_outbound"", ""template_used"": ""account_research"", ""records_input"": 2607}"
691,49,242,wf_49_25,2026-03-06,2026-03-06 01:38:00,completed,"{""workflow_category"": ""ai_account_research"", ""template_used"": ""account_research"", ""records_input"": 2913}"
692,49,244,wf_49_26,2026-03-10,2026-03-10 00:10:00,completed,"{""workflow_category"": ""lead_enrichment"", ""template_used"": ""lead_enrichment"", ""records_input"": 1504}"
693,49,245,wf_49_27,2026-02-16,2026-02-16 01:29:00,completed,"{""workflow_category"": ""crm_sync"", ""template_used"": ""account_research"", ""records_input"": 712}"
694,49,244,wf_49_28,2026-03-28,2026-03-28 00:22:00,completed,"{""workflow_category"": ""crm_sync"", ""template_used"": ""lead_enrichment"", ""records_input"": 170}"
695,49,243,wf_49_29,2026-03-11,,failed,"{""workflow_category"": ""personalized_outbound"", ""template_used"": ""crm_enrichment"", ""records_input"": 1686}"
696,49,242,wf_49_30,2026-03-02,2026-03-02 00:51:00,completed,"{""workflow_category"": ""waterfall_enrichment"", ""template_used"": ""personalized_outbound"", ""records_input"": 1238}"
697,49,246,wf_49_31,2026-03-27,,failed,"{""workflow_category"": ""ai_account_research"", ""template_used"": ""account_research"", ""records_input"": 1008}"
698,49,243,wf_49_32,2026-02-23,2026-02-23 00:52:00,completed,"{""workflow_category"": ""crm_sync"", ""template_used"": ""crm_enrichment"", ""records_input"": 1841}"
699,49,245,wf_49_33,2026-03-13,2026-03-13 00:08:00,completed,"{""workflow_category"": ""waterfall_enrichment"", ""template_used"": ""lead_enrichment"", ""records_input"": 511}"
700,49,241,wf_49_34,2026-02-28,2026-02-28 00:48:00,completed,"{""workflow_category"": ""waterfall_enrichment"", ""template_used"": ""lead_enrichment"", ""records_input"": 2182}"
701,49,242,wf_49_35,2026-04-18,2026-04-18 00:43:00,completed,"{""workflow_category"": ""waterfall_enrichment"", ""template_used"": ""account_research"", ""records_input"": 2983}"
702,49,243,wf_49_36,2026-02-18,2026-02-18 00:31:00,completed,"{""workflow_category"": ""lead_enrichment"", ""template_used"": ""lead_enrichment"", ""records_input"": 2848}"
703,50,247,wf_50_1,2026-05-10,,failed,"{""workflow_category"": ""lead_enrichment"", ""template_used"": ""account_research"", ""records_input"": 2515}"
704,50,247,wf_50_2,2026-05-08,2026-05-08 01:07:00,completed,"{""workflow_category"": ""crm_sync"", ""template_used"": ""lead_enrichment"", ""records_input"": 813}"
705,50,247,wf_50_3,2026-07-25,2026-07-25 00:22:00,completed,"{""workflow_category"": ""waterfall_enrichment"", ""template_used"": ""personalized_outbound"", ""records_input"": 2314}"
706,50,247,wf_50_4,2026-07-30,2026-07-30 01:41:00,completed,"{""workflow_category"": ""personalized_outbound"", ""template_used"": ""lead_enrichment"", ""records_input"": 558}"
707,50,247,wf_50_5,2026-05-17,,failed,"{""workflow_category"": ""crm_sync"", ""template_used"": ""personalized_outbound"", ""records_input"": 2176}"
708,50,247,wf_50_6,2026-06-19,2026-06-19 01:17:00,completed,"{""workflow_category"": ""personalized_outbound"", ""template_used"": ""account_research"", ""records_input"": 2754}"
709,50,247,wf_50_7,2026-06-25,2026-06-25 00:19:00,completed,"{""workflow_category"": ""lead_enrichment"", ""template_used"": ""lead_enrichment"", ""records_input"": 825}"
710,50,247,wf_50_8,2026-07-10,2026-07-10 00:36:00,completed,"{""workflow_category"": ""personalized_outbound"", ""template_used"": ""account_research"", ""records_input"": 1188}"
711,50,247,wf_50_9,2026-07-15,2026-07-15 01:42:00,completed,"{""workflow_category"": ""waterfall_enrichment"", ""template_used"": ""lead_enrichment"", ""records_input"": 101}"
712,50,247,wf_50_10,2026-06-02,2026-06-02 00:50:00,completed,"{""workflow_category"": ""personalized_outbound"", ""template_used"": ""lead_enrichment"", ""records_input"": 1768}"
713,50,247,wf_50_11,2026-06-22,,failed,"{""workflow_category"": ""lead_enrichment"", ""template_used"": ""crm_enrichment"", ""records_input"": 1240}"
714,50,247,wf_50_12,2026-07-02,,failed,"{""workflow_category"": ""lead_enrichment"", ""template_used"": ""crm_enrichment"", ""records_input"": 2535}"
715,50,247,wf_50_13,2026-07-09,,failed,"{""workflow_category"": ""ai_account_research"", ""template_used"": ""personalized_outbound"", ""records_input"": 1376}"
716,50,247,wf_50_14,2026-05-07,2026-05-07 00:49:00,completed,"{""workflow_category"": ""waterfall_enrichment"", ""template_used"": ""personalized_outbound"", ""records_input"": 2896}"
717,50,247,wf_50_15,2026-07-24,2026-07-24 01:28:00,completed,"{""workflow_category"": ""ai_account_research"", ""template_used"": ""crm_enrichment"", ""records_input"": 832}"
718,50,247,wf_50_16,2026-06-14,,failed,"{""workflow_category"": ""personalized_outbound"", ""template_used"": ""crm_enrichment"", ""records_input"": 1406}"
719,50,247,wf_50_17,2026-05-08,2026-05-08 00:06:00,completed,"{""workflow_category"": ""waterfall_enrichment"", ""template_used"": ""lead_enrichment"", ""records_input"": 585}"
720,51,254,wf_51_1,2026-07-01,,failed,"{""workflow_category"": ""crm_sync"", ""template_used"": ""lead_enrichment"", ""records_input"": 1609}"
721,51,250,wf_51_2,2026-07-16,2026-07-16 00:52:00,completed,"{""workflow_category"": ""waterfall_enrichment"", ""template_used"": ""lead_enrichment"", ""records_input"": 906}"
722,51,251,wf_51_3,2026-05-25,2026-05-25 01:30:00,completed,"{""workflow_category"": ""ai_account_research"", ""template_used"": ""lead_enrichment"", ""records_input"": 225}"
723,51,250,wf_51_4,2026-05-18,2026-05-18 00:09:00,completed,"{""workflow_category"": ""ai_account_research"", ""template_used"": ""lead_enrichment"", ""records_input"": 1192}"
724,51,250,wf_51_5,2026-05-16,2026-05-16 00:40:00,completed,"{""workflow_category"": ""crm_sync"", ""template_used"": ""crm_enrichment"", ""records_input"": 1851}"
725,51,252,wf_51_6,2026-05-09,,failed,"{""workflow_category"": ""personalized_outbound"", ""template_used"": ""crm_enrichment"", ""records_input"": 2307}"
726,51,253,wf_51_7,2026-07-09,,failed,"{""workflow_category"": ""waterfall_enrichment"", ""template_used"": ""crm_enrichment"", ""records_input"": 816}"
727,52,255,wf_52_1,2026-02-27,2026-02-27 00:53:00,completed,"{""workflow_category"": ""lead_enrichment"", ""template_used"": ""personalized_outbound"", ""records_input"": 598}"
728,52,255,wf_52_2,2026-02-25,,failed,"{""workflow_category"": ""personalized_outbound"", ""template_used"": ""lead_enrichment"", ""records_input"": 1389}"
729,52,255,wf_52_3,2026-02-07,,failed,"{""workflow_category"": ""personalized_outbound"", ""template_used"": ""personalized_outbound"", ""records_input"": 405}"
730,52,255,wf_52_4,2026-03-19,,failed,"{""workflow_category"": ""waterfall_enrichment"", ""template_used"": ""account_research"", ""records_input"": 1604}"
731,52,255,wf_52_5,2026-03-10,2026-03-10 01:59:00,completed,"{""workflow_category"": ""lead_enrichment"", ""template_used"": ""personalized_outbound"", ""records_input"": 2616}"
732,52,255,wf_52_6,2026-01-19,,failed,"{""workflow_category"": ""ai_account_research"", ""template_used"": ""crm_enrichment"", ""records_input"": 1961}"
733,52,255,wf_52_7,2026-03-02,2026-03-02 00:42:00,completed,"{""workflow_category"": ""ai_account_research"", ""template_used"": ""crm_enrichment"", ""records_input"": 1677}"
734,52,255,wf_52_8,2026-01-23,2026-01-23 00:23:00,completed,"{""workflow_category"": ""waterfall_enrichment"", ""template_used"": ""account_research"", ""records_input"": 1940}"
735,52,255,wf_52_9,2026-02-27,2026-02-27 01:44:00,completed,"{""workflow_category"": ""lead_enrichment"", ""template_used"": ""lead_enrichment"", ""records_input"": 1603}"
736,52,255,wf_52_10,2026-02-07,2026-02-07 00:05:00,completed,"{""workflow_category"": ""waterfall_enrichment"", ""template_used"": ""lead_enrichment"", ""records_input"": 2921}"
737,52,255,wf_52_11,2026-03-03,,failed,"{""workflow_category"": ""lead_enrichment"", ""template_used"": ""lead_enrichment"", ""records_input"": 1850}"
738,52,255,wf_52_12,2026-01-03,2026-01-03 01:06:00,completed,"{""workflow_category"": ""lead_enrichment"", ""template_used"": ""crm_enrichment"", ""records_input"": 2963}"
739,52,255,wf_52_13,2026-03-09,,failed,"{""workflow_category"": ""ai_account_research"", ""template_used"": ""account_research"", ""records_input"": 973}"
740,53,258,wf_53_1,2026-02-09,2026-02-09 00:55:00,completed,"{""workflow_category"": ""personalized_outbound"", ""template_used"": ""crm_enrichment"", ""records_input"": 427}"
741,53,256,wf_53_2,2026-05-03,2026-05-03 00:44:00,completed,"{""workflow_category"": ""personalized_outbound"", ""template_used"": ""lead_enrichment"", ""records_input"": 508}"
742,53,257,wf_53_3,2026-03-31,2026-03-31 01:32:00,completed,"{""workflow_category"": ""ai_account_research"", ""template_used"": ""account_research"", ""records_input"": 1763}"
743,53,257,wf_53_4,2026-03-20,,failed,"{""workflow_category"": ""lead_enrichment"", ""template_used"": ""personalized_outbound"", ""records_input"": 2965}"
744,53,256,wf_53_5,2026-02-07,2026-02-07 01:01:00,completed,"{""workflow_category"": ""waterfall_enrichment"", ""template_used"": ""personalized_outbound"", ""records_input"": 2984}"
745,53,260,wf_53_6,2026-02-09,,failed,"{""workflow_category"": ""crm_sync"", ""template_used"": ""lead_enrichment"", ""records_input"": 1345}"
746,53,256,wf_53_7,2026-04-22,,failed,"{""workflow_category"": ""crm_sync"", ""template_used"": ""account_research"", ""records_input"": 2323}"
747,53,256,wf_53_8,2026-02-21,2026-02-21 00:10:00,completed,"{""workflow_category"": ""lead_enrichment"", ""template_used"": ""account_research"", ""records_input"": 1769}"
748,53,257,wf_53_9,2026-02-19,2026-02-19 01:36:00,completed,"{""workflow_category"": ""ai_account_research"", ""template_used"": ""crm_enrichment"", ""records_input"": 1356}"
749,53,258,wf_53_10,2026-02-26,2026-02-26 00:41:00,completed,"{""workflow_category"": ""personalized_outbound"", ""template_used"": ""lead_enrichment"", ""records_input"": 2484}"
750,53,260,wf_53_11,2026-02-08,2026-02-08 00:50:00,completed,"{""workflow_category"": ""personalized_outbound"", ""template_used"": ""personalized_outbound"", ""records_input"": 2190}"
751,53,260,wf_53_12,2026-03-17,2026-03-17 01:41:00,completed,"{""workflow_category"": ""personalized_outbound"", ""template_used"": ""personalized_outbound"", ""records_input"": 1424}"
752,53,260,wf_53_13,2026-03-07,,failed,"{""workflow_category"": ""lead_enrichment"", ""template_used"": ""lead_enrichment"", ""records_input"": 104}"
753,53,260,wf_53_14,2026-04-17,2026-04-17 01:07:00,completed,"{""workflow_category"": ""crm_sync"", ""template_used"": ""account_research"", ""records_input"": 1876}"
754,53,257,wf_53_15,2026-02-09,,failed,"{""workflow_category"": ""crm_sync"", ""template_used"": ""personalized_outbound"", ""records_input"": 2291}"
755,53,257,wf_53_16,2026-04-14,2026-04-14 00:32:00,completed,"{""workflow_category"": ""personalized_outbound"", ""template_used"": ""lead_enrichment"", ""records_input"": 654}"
756,53,258,wf_53_17,2026-02-19,2026-02-19 00:09:00,completed,"{""workflow_category"": ""lead_enrichment"", ""template_used"": ""lead_enrichment"", ""records_input"": 997}"
757,53,256,wf_53_18,2026-02-09,2026-02-09 00:57:00,completed,"{""workflow_category"": ""ai_account_research"", ""template_used"": ""account_research"", ""records_input"": 1510}"
758,53,256,wf_53_19,2026-02-12,2026-02-12 01:05:00,completed,"{""workflow_category"": ""personalized_outbound"", ""template_used"": ""lead_enrichment"", ""records_input"": 2484}"
759,53,256,wf_53_20,2026-02-18,2026-02-18 00:58:00,completed,"{""workflow_category"": ""personalized_outbound"", ""template_used"": ""crm_enrichment"", ""records_input"": 1762}"
760,53,258,wf_53_21,2026-02-10,2026-02-10 00:43:00,completed,"{""workflow_category"": ""crm_sync"", ""template_used"": ""account_research"", ""records_input"": 1906}"
761,53,256,wf_53_22,2026-03-24,2026-03-24 00:22:00,completed,"{""workflow_category"": ""lead_enrichment"", ""template_used"": ""crm_enrichment"", ""records_input"": 701}"
762,53,260,wf_53_23,2026-03-14,2026-03-14 01:50:00,completed,"{""workflow_category"": ""personalized_outbound"", ""template_used"": ""personalized_outbound"", ""records_input"": 1179}"
763,53,257,wf_53_24,2026-03-06,,failed,"{""workflow_category"": ""lead_enrichment"", ""template_used"": ""account_research"", ""records_input"": 422}"
764,53,259,wf_53_25,2026-04-16,,failed,"{""workflow_category"": ""crm_sync"", ""template_used"": ""personalized_outbound"", ""records_input"": 2535}"
765,53,259,wf_53_26,2026-03-16,,failed,"{""workflow_category"": ""personalized_outbound"", ""template_used"": ""personalized_outbound"", ""records_input"": 1337}"
766,54,261,wf_54_1,2026-03-10,,failed,"{""workflow_category"": ""crm_sync"", ""template_used"": ""lead_enrichment"", ""records_input"": 592}"
767,54,261,wf_54_2,2026-03-29,2026-03-29 01:53:00,completed,"{""workflow_category"": ""waterfall_enrichment"", ""template_used"": ""account_research"", ""records_input"": 2136}"
768,54,261,wf_54_3,2026-04-23,2026-04-23 00:05:00,completed,"{""workflow_category"": ""lead_enrichment"", ""template_used"": ""crm_enrichment"", ""records_input"": 724}"
769,54,261,wf_54_4,2026-03-11,2026-03-11 00:13:00,completed,"{""workflow_category"": ""crm_sync"", ""template_used"": ""lead_enrichment"", ""records_input"": 591}"
770,54,261,wf_54_5,2026-04-12,2026-04-12 01:24:00,completed,"{""workflow_category"": ""ai_account_research"", ""template_used"": ""lead_enrichment"", ""records_input"": 209}"
771,54,261,wf_54_6,2026-03-17,2026-03-17 00:05:00,completed,"{""workflow_category"": ""waterfall_enrichment"", ""template_used"": ""crm_enrichment"", ""records_input"": 1023}"
772,54,261,wf_54_7,2026-03-10,2026-03-10 01:42:00,completed,"{""workflow_category"": ""ai_account_research"", ""template_used"": ""personalized_outbound"", ""records_input"": 258}"
773,54,261,wf_54_8,2026-03-20,2026-03-20 00:46:00,completed,"{""workflow_category"": ""crm_sync"", ""template_used"": ""lead_enrichment"", ""records_input"": 959}"
774,54,261,wf_54_9,2026-05-06,2026-05-06 00:24:00,completed,"{""workflow_category"": ""ai_account_research"", ""template_used"": ""crm_enrichment"", ""records_input"": 1758}"
775,54,261,wf_54_10,2026-04-26,2026-04-26 00:40:00,completed,"{""workflow_category"": ""ai_account_research"", ""template_used"": ""personalized_outbound"", ""records_input"": 2840}"
776,54,261,wf_54_11,2026-04-15,2026-04-15 00:34:00,completed,"{""workflow_category"": ""waterfall_enrichment"", ""template_used"": ""personalized_outbound"", ""records_input"": 359}"
777,54,261,wf_54_12,2026-04-07,2026-04-07 00:47:00,completed,"{""workflow_category"": ""lead_enrichment"", ""template_used"": ""personalized_outbound"", ""records_input"": 2526}"
778,54,261,wf_54_13,2026-02-24,2026-02-24 00:14:00,completed,"{""workflow_category"": ""waterfall_enrichment"", ""template_used"": ""lead_enrichment"", ""records_input"": 2810}"
779,54,261,wf_54_14,2026-04-30,2026-04-30 01:05:00,completed,"{""workflow_category"": ""ai_account_research"", ""template_used"": ""personalized_outbound"", ""records_input"": 2081}"
780,54,261,wf_54_15,2026-05-23,2026-05-23 01:33:00,completed,"{""workflow_category"": ""lead_enrichment"", ""template_used"": ""personalized_outbound"", ""records_input"": 1446}"
781,54,261,wf_54_16,2026-03-29,2026-03-29 00:41:00,completed,"{""workflow_category"": ""waterfall_enrichment"", ""template_used"": ""personalized_outbound"", ""records_input"": 128}"
782,55,268,wf_55_1,2026-04-28,2026-04-28 00:25:00,completed,"{""workflow_category"": ""ai_account_research"", ""template_used"": ""crm_enrichment"", ""records_input"": 1061}"
783,55,265,wf_55_2,2026-05-03,2026-05-03 01:22:00,completed,"{""workflow_category"": ""personalized_outbound"", ""template_used"": ""crm_enrichment"", ""records_input"": 1229}"
784,55,266,wf_55_3,2026-04-22,,failed,"{""workflow_category"": ""personalized_outbound"", ""template_used"": ""account_research"", ""records_input"": 1120}"
785,55,266,wf_55_4,2026-03-08,2026-03-08 00:09:00,completed,"{""workflow_category"": ""lead_enrichment"", ""template_used"": ""crm_enrichment"", ""records_input"": 2421}"
786,55,268,wf_55_5,2026-04-20,2026-04-20 00:47:00,completed,"{""workflow_category"": ""crm_sync"", ""template_used"": ""lead_enrichment"", ""records_input"": 1454}"
787,55,267,wf_55_6,2026-04-10,2026-04-10 00:33:00,completed,"{""workflow_category"": ""ai_account_research"", ""template_used"": ""account_research"", ""records_input"": 938}"
788,55,268,wf_55_7,2026-03-05,2026-03-05 00:07:00,completed,"{""workflow_category"": ""waterfall_enrichment"", ""template_used"": ""personalized_outbound"", ""records_input"": 2312}"
789,55,267,wf_55_8,2026-04-01,2026-04-01 00:12:00,completed,"{""workflow_category"": ""personalized_outbound"", ""template_used"": ""account_research"", ""records_input"": 769}"
790,55,263,wf_55_9,2026-03-09,2026-03-09 00:07:00,completed,"{""workflow_category"": ""waterfall_enrichment"", ""template_used"": ""lead_enrichment"", ""records_input"": 937}"
791,55,262,wf_55_10,2026-04-05,2026-04-05 01:41:00,completed,"{""workflow_category"": ""ai_account_research"", ""template_used"": ""lead_enrichment"", ""records_input"": 1238}"
792,55,263,wf_55_11,2026-02-25,2026-02-25 00:21:00,completed,"{""workflow_category"": ""waterfall_enrichment"", ""template_used"": ""account_research"", ""records_input"": 472}"
793,55,268,wf_55_12,2026-05-12,2026-05-12 01:33:00,completed,"{""workflow_category"": ""crm_sync"", ""template_used"": ""account_research"", ""records_input"": 2648}"
794,55,268,wf_55_13,2026-02-25,,failed,"{""workflow_category"": ""crm_sync"", ""template_used"": ""personalized_outbound"", ""records_input"": 2286}"
795,55,268,wf_55_14,2026-02-25,2026-02-25 00:35:00,completed,"{""workflow_category"": ""personalized_outbound"", ""template_used"": ""account_research"", ""records_input"": 2842}"
796,55,267,wf_55_15,2026-03-24,2026-03-24 01:33:00,completed,"{""workflow_category"": ""personalized_outbound"", ""template_used"": ""account_research"", ""records_input"": 2123}"
797,55,265,wf_55_16,2026-05-18,2026-05-18 01:48:00,completed,"{""workflow_category"": ""waterfall_enrichment"", ""template_used"": ""lead_enrichment"", ""records_input"": 106}"
798,55,263,wf_55_17,2026-04-09,2026-04-09 01:43:00,completed,"{""workflow_category"": ""crm_sync"", ""template_used"": ""crm_enrichment"", ""records_input"": 876}"
799,55,268,wf_55_18,2026-03-12,2026-03-12 00:50:00,completed,"{""workflow_category"": ""lead_enrichment"", ""template_used"": ""account_research"", ""records_input"": 1735}"
800,55,268,wf_55_19,2026-05-16,2026-05-16 01:34:00,completed,"{""workflow_category"": ""ai_account_research"", ""template_used"": ""lead_enrichment"", ""records_input"": 1997}"
801,55,265,wf_55_20,2026-04-04,2026-04-04 00:17:00,completed,"{""workflow_category"": ""lead_enrichment"", ""template_used"": ""account_research"", ""records_input"": 278}"
802,55,268,wf_55_21,2026-04-16,2026-04-16 01:14:00,completed,"{""workflow_category"": ""waterfall_enrichment"", ""template_used"": ""crm_enrichment"", ""records_input"": 134}"
803,55,268,wf_55_22,2026-04-02,2026-04-02 01:44:00,completed,"{""workflow_category"": ""waterfall_enrichment"", ""template_used"": ""crm_enrichment"", ""records_input"": 1735}"
804,55,266,wf_55_23,2026-02-28,2026-02-28 00:10:00,completed,"{""workflow_category"": ""personalized_outbound"", ""template_used"": ""lead_enrichment"", ""records_input"": 561}"
805,56,271,wf_56_1,2026-02-02,2026-02-02 01:02:00,completed,"{""workflow_category"": ""waterfall_enrichment"", ""template_used"": ""personalized_outbound"", ""records_input"": 1886}"
806,56,270,wf_56_2,2026-03-22,2026-03-22 01:15:00,completed,"{""workflow_category"": ""lead_enrichment"", ""template_used"": ""account_research"", ""records_input"": 877}"
807,56,273,wf_56_3,2026-04-03,2026-04-03 01:06:00,completed,"{""workflow_category"": ""lead_enrichment"", ""template_used"": ""personalized_outbound"", ""records_input"": 2119}"
808,56,272,wf_56_4,2026-02-09,,failed,"{""workflow_category"": ""lead_enrichment"", ""template_used"": ""personalized_outbound"", ""records_input"": 2473}"
809,56,274,wf_56_5,2026-03-24,2026-03-24 00:31:00,completed,"{""workflow_category"": ""personalized_outbound"", ""template_used"": ""lead_enrichment"", ""records_input"": 1506}"
810,56,270,wf_56_6,2026-03-23,2026-03-23 01:18:00,completed,"{""workflow_category"": ""waterfall_enrichment"", ""template_used"": ""account_research"", ""records_input"": 2366}"
811,57,278,wf_57_1,2026-04-22,2026-04-22 01:18:00,completed,"{""workflow_category"": ""lead_enrichment"", ""template_used"": ""personalized_outbound"", ""records_input"": 1349}"
812,57,276,wf_57_2,2026-03-28,2026-03-28 01:37:00,completed,"{""workflow_category"": ""waterfall_enrichment"", ""template_used"": ""crm_enrichment"", ""records_input"": 2742}"
813,57,281,wf_57_3,2026-04-10,2026-04-10 01:17:00,completed,"{""workflow_category"": ""waterfall_enrichment"", ""template_used"": ""account_research"", ""records_input"": 2777}"
814,57,278,wf_57_4,2026-02-18,2026-02-18 00:34:00,completed,"{""workflow_category"": ""crm_sync"", ""template_used"": ""crm_enrichment"", ""records_input"": 638}"
815,57,282,wf_57_5,2026-03-25,2026-03-25 00:49:00,completed,"{""workflow_category"": ""waterfall_enrichment"", ""template_used"": ""personalized_outbound"", ""records_input"": 660}"
816,57,280,wf_57_6,2026-03-23,,failed,"{""workflow_category"": ""crm_sync"", ""template_used"": ""crm_enrichment"", ""records_input"": 2904}"
817,57,276,wf_57_7,2026-03-28,2026-03-28 00:32:00,completed,"{""workflow_category"": ""personalized_outbound"", ""template_used"": ""account_research"", ""records_input"": 1120}"
818,57,281,wf_57_8,2026-03-04,,failed,"{""workflow_category"": ""personalized_outbound"", ""template_used"": ""lead_enrichment"", ""records_input"": 2629}"
819,57,276,wf_57_9,2026-02-22,2026-02-22 01:02:00,completed,"{""workflow_category"": ""crm_sync"", ""template_used"": ""account_research"", ""records_input"": 1587}"
820,57,279,wf_57_10,2026-04-27,2026-04-27 00:43:00,completed,"{""workflow_category"": ""personalized_outbound"", ""template_used"": ""lead_enrichment"", ""records_input"": 1164}"
821,57,280,wf_57_11,2026-03-09,,failed,"{""workflow_category"": ""personalized_outbound"", ""template_used"": ""lead_enrichment"", ""records_input"": 1849}"
822,57,281,wf_57_12,2026-02-20,2026-02-20 00:45:00,completed,"{""workflow_category"": ""waterfall_enrichment"", ""template_used"": ""crm_enrichment"", ""records_input"": 1773}"
823,57,281,wf_57_13,2026-04-16,2026-04-16 00:16:00,completed,"{""workflow_category"": ""waterfall_enrichment"", ""template_used"": ""personalized_outbound"", ""records_input"": 765}"
824,57,279,wf_57_14,2026-02-18,2026-02-18 01:13:00,completed,"{""workflow_category"": ""crm_sync"", ""template_used"": ""lead_enrichment"", ""records_input"": 2465}"
825,58,283,wf_58_1,2026-04-18,2026-04-18 01:41:00,completed,"{""workflow_category"": ""personalized_outbound"", ""template_used"": ""account_research"", ""records_input"": 2467}"
826,58,284,wf_58_2,2026-04-22,2026-04-22 00:45:00,completed,"{""workflow_category"": ""waterfall_enrichment"", ""template_used"": ""lead_enrichment"", ""records_input"": 1005}"
827,58,283,wf_58_3,2026-03-08,2026-03-08 01:40:00,completed,"{""workflow_category"": ""lead_enrichment"", ""template_used"": ""account_research"", ""records_input"": 142}"
828,58,284,wf_58_4,2026-03-11,2026-03-11 00:41:00,completed,"{""workflow_category"": ""ai_account_research"", ""template_used"": ""lead_enrichment"", ""records_input"": 1988}"
829,58,283,wf_58_5,2026-04-20,,failed,"{""workflow_category"": ""lead_enrichment"", ""template_used"": ""crm_enrichment"", ""records_input"": 2330}"
830,58,283,wf_58_6,2026-04-23,2026-04-23 00:42:00,completed,"{""workflow_category"": ""personalized_outbound"", ""template_used"": ""lead_enrichment"", ""records_input"": 2181}"
831,58,284,wf_58_7,2026-04-12,2026-04-12 00:27:00,completed,"{""workflow_category"": ""waterfall_enrichment"", ""template_used"": ""crm_enrichment"", ""records_input"": 381}"
832,58,283,wf_58_8,2026-05-16,2026-05-16 01:14:00,completed,"{""workflow_category"": ""waterfall_enrichment"", ""template_used"": ""account_research"", ""records_input"": 1181}"
833,58,283,wf_58_9,2026-04-04,2026-04-04 01:20:00,completed,"{""workflow_category"": ""ai_account_research"", ""template_used"": ""personalized_outbound"", ""records_input"": 2455}"
834,58,284,wf_58_10,2026-04-19,,failed,"{""workflow_category"": ""ai_account_research"", ""template_used"": ""personalized_outbound"", ""records_input"": 656}"
835,58,283,wf_58_11,2026-05-11,2026-05-11 02:00:00,completed,"{""workflow_category"": ""waterfall_enrichment"", ""template_used"": ""personalized_outbound"", ""records_input"": 1915}"
836,58,283,wf_58_12,2026-03-08,2026-03-08 00:28:00,completed,"{""workflow_category"": ""waterfall_enrichment"", ""template_used"": ""crm_enrichment"", ""records_input"": 1183}"
837,58,284,wf_58_13,2026-03-14,2026-03-14 00:07:00,completed,"{""workflow_category"": ""waterfall_enrichment"", ""template_used"": ""account_research"", ""records_input"": 2414}"
838,58,284,wf_58_14,2026-04-10,,failed,"{""workflow_category"": ""lead_enrichment"", ""template_used"": ""lead_enrichment"", ""records_input"": 1696}"
839,59,285,wf_59_1,2026-04-02,2026-04-02 00:16:00,completed,"{""workflow_category"": ""lead_enrichment"", ""template_used"": ""lead_enrichment"", ""records_input"": 756}"
840,59,285,wf_59_2,2026-04-13,,failed,"{""workflow_category"": ""lead_enrichment"", ""template_used"": ""account_research"", ""records_input"": 1962}"
841,59,285,wf_59_3,2026-02-20,,failed,"{""workflow_category"": ""lead_enrichment"", ""template_used"": ""crm_enrichment"", ""records_input"": 1927}"
842,59,285,wf_59_4,2026-04-26,2026-04-26 01:04:00,completed,"{""workflow_category"": ""crm_sync"", ""template_used"": ""lead_enrichment"", ""records_input"": 1207}"
843,59,285,wf_59_5,2026-03-29,2026-03-29 01:14:00,completed,"{""workflow_category"": ""crm_sync"", ""template_used"": ""crm_enrichment"", ""records_input"": 2061}"
844,59,285,wf_59_6,2026-03-11,2026-03-11 01:24:00,completed,"{""workflow_category"": ""ai_account_research"", ""template_used"": ""personalized_outbound"", ""records_input"": 1331}"
845,59,285,wf_59_7,2026-03-31,2026-03-31 00:10:00,completed,"{""workflow_category"": ""lead_enrichment"", ""template_used"": ""personalized_outbound"", ""records_input"": 1404}"
846,59,285,wf_59_8,2026-03-01,2026-03-01 00:05:00,completed,"{""workflow_category"": ""lead_enrichment"", ""template_used"": ""lead_enrichment"", ""records_input"": 1294}"
847,59,285,wf_59_9,2026-02-04,,failed,"{""workflow_category"": ""lead_enrichment"", ""template_used"": ""lead_enrichment"", ""records_input"": 1062}"
848,59,285,wf_59_10,2026-04-18,2026-04-18 01:10:00,completed,"{""workflow_category"": ""ai_account_research"", ""template_used"": ""personalized_outbound"", ""records_input"": 586}"
849,59,285,wf_59_11,2026-03-13,,failed,"{""workflow_category"": ""ai_account_research"", ""template_used"": ""account_research"", ""records_input"": 380}"
850,59,285,wf_59_12,2026-02-08,2026-02-08 00:17:00,completed,"{""workflow_category"": ""ai_account_research"", ""template_used"": ""account_research"", ""records_input"": 670}"
851,59,285,wf_59_13,2026-04-02,2026-04-02 00:34:00,completed,"{""workflow_category"": ""crm_sync"", ""template_used"": ""personalized_outbound"", ""records_input"": 1376}"
852,59,285,wf_59_14,2026-04-13,2026-04-13 00:19:00,completed,"{""workflow_category"": ""lead_enrichment"", ""template_used"": ""crm_enrichment"", ""records_input"": 1517}"
853,59,285,wf_59_15,2026-02-12,2026-02-12 00:21:00,completed,"{""workflow_category"": ""personalized_outbound"", ""template_used"": ""personalized_outbound"", ""records_input"": 454}"
854,59,285,wf_59_16,2026-03-13,2026-03-13 00:53:00,completed,"{""workflow_category"": ""crm_sync"", ""template_used"": ""lead_enrichment"", ""records_input"": 1901}"
855,59,285,wf_59_17,2026-03-13,2026-03-13 01:07:00,completed,"{""workflow_category"": ""crm_sync"", ""template_used"": ""crm_enrichment"", ""records_input"": 2386}"
856,59,285,wf_59_18,2026-03-24,2026-03-24 01:53:00,completed,"{""workflow_category"": ""waterfall_enrichment"", ""template_used"": ""personalized_outbound"", ""records_input"": 725}"
857,59,285,wf_59_19,2026-04-15,,failed,"{""workflow_category"": ""ai_account_research"", ""template_used"": ""lead_enrichment"", ""records_input"": 1382}"
858,59,285,wf_59_20,2026-03-06,2026-03-06 01:22:00,completed,"{""workflow_category"": ""crm_sync"", ""template_used"": ""crm_enrichment"", ""records_input"": 1151}"
859,59,285,wf_59_21,2026-04-02,2026-04-02 00:36:00,completed,"{""workflow_category"": ""waterfall_enrichment"", ""template_used"": ""crm_enrichment"", ""records_input"": 1023}"
860,59,285,wf_59_22,2026-04-27,2026-04-27 01:40:00,completed,"{""workflow_category"": ""ai_account_research"", ""template_used"": ""account_research"", ""records_input"": 585}"
861,59,285,wf_59_23,2026-02-15,2026-02-15 01:21:00,completed,"{""workflow_category"": ""personalized_outbound"", ""template_used"": ""account_research"", ""records_input"": 466}"
862,59,285,wf_59_24,2026-02-21,,failed,"{""workflow_category"": ""crm_sync"", ""template_used"": ""crm_enrichment"", ""records_input"": 503}"
863,59,285,wf_59_25,2026-04-29,2026-04-29 01:56:00,completed,"{""workflow_category"": ""personalized_outbound"", ""template_used"": ""personalized_outbound"", ""records_input"": 663}"
864,59,285,wf_59_26,2026-02-27,2026-02-27 01:07:00,completed,"{""workflow_category"": ""ai_account_research"", ""template_used"": ""personalized_outbound"", ""records_input"": 1817}"
865,59,285,wf_59_27,2026-03-24,2026-03-24 00:28:00,completed,"{""workflow_category"": ""lead_enrichment"", ""template_used"": ""account_research"", ""records_input"": 1674}"
866,59,285,wf_59_28,2026-02-20,2026-02-20 00:54:00,completed,"{""workflow_category"": ""waterfall_enrichment"", ""template_used"": ""lead_enrichment"", ""records_input"": 909}"
867,59,285,wf_59_29,2026-03-02,2026-03-02 00:08:00,completed,"{""workflow_category"": ""lead_enrichment"", ""template_used"": ""account_research"", ""records_input"": 163}"
868,59,285,wf_59_30,2026-03-03,2026-03-03 00:44:00,completed,"{""workflow_category"": ""lead_enrichment"", ""template_used"": ""crm_enrichment"", ""records_input"": 169}"
869,59,285,wf_59_31,2026-03-17,2026-03-17 00:46:00,completed,"{""workflow_category"": ""lead_enrichment"", ""template_used"": ""account_research"", ""records_input"": 1939}"
870,59,285,wf_59_32,2026-02-04,2026-02-04 00:24:00,completed,"{""workflow_category"": ""crm_sync"", ""template_used"": ""crm_enrichment"", ""records_input"": 1247}"
871,59,285,wf_59_33,2026-04-04,,failed,"{""workflow_category"": ""ai_account_research"", ""template_used"": ""account_research"", ""records_input"": 986}"
872,59,285,wf_59_34,2026-02-24,2026-02-24 00:47:00,completed,"{""workflow_category"": ""waterfall_enrichment"", ""template_used"": ""lead_enrichment"", ""records_input"": 1946}"
873,59,285,wf_59_35,2026-03-27,2026-03-27 01:33:00,completed,"{""workflow_category"": ""personalized_outbound"", ""template_used"": ""lead_enrichment"", ""records_input"": 2266}"
874,59,285,wf_59_36,2026-04-10,2026-04-10 01:51:00,completed,"{""workflow_category"": ""ai_account_research"", ""template_used"": ""lead_enrichment"", ""records_input"": 2466}"
875,59,285,wf_59_37,2026-03-17,2026-03-17 00:49:00,completed,"{""workflow_category"": ""waterfall_enrichment"", ""template_used"": ""account_research"", ""records_input"": 1088}"
876,60,287,wf_60_1,2026-04-04,2026-04-04 00:28:00,completed,"{""workflow_category"": ""ai_account_research"", ""template_used"": ""account_research"", ""records_input"": 491}"
877,60,286,wf_60_2,2026-04-09,,failed,"{""workflow_category"": ""waterfall_enrichment"", ""template_used"": ""personalized_outbound"", ""records_input"": 261}"
878,60,286,wf_60_3,2026-03-13,2026-03-13 01:14:00,completed,"{""workflow_category"": ""personalized_outbound"", ""template_used"": ""personalized_outbound"", ""records_input"": 1431}"
879,60,286,wf_60_4,2026-05-15,2026-05-15 00:28:00,completed,"{""workflow_category"": ""lead_enrichment"", ""template_used"": ""account_research"", ""records_input"": 1687}"
880,60,287,wf_60_5,2026-04-03,,failed,"{""workflow_category"": ""personalized_outbound"", ""template_used"": ""crm_enrichment"", ""records_input"": 941}"
881,60,286,wf_60_6,2026-05-15,,failed,"{""workflow_category"": ""lead_enrichment"", ""template_used"": ""account_research"", ""records_input"": 2334}"
882,60,287,wf_60_7,2026-03-17,2026-03-17 01:19:00,completed,"{""workflow_category"": ""ai_account_research"", ""template_used"": ""lead_enrichment"", ""records_input"": 1112}"
883,60,287,wf_60_8,2026-06-08,2026-06-08 01:59:00,completed,"{""workflow_category"": ""waterfall_enrichment"", ""template_used"": ""lead_enrichment"", ""records_input"": 2655}"
884,60,287,wf_60_9,2026-05-20,2026-05-20 01:27:00,completed,"{""workflow_category"": ""ai_account_research"", ""template_used"": ""crm_enrichment"", ""records_input"": 470}"
885,60,286,wf_60_10,2026-05-10,2026-05-10 00:44:00,completed,"{""workflow_category"": ""crm_sync"", ""template_used"": ""account_research"", ""records_input"": 160}"
886,60,287,wf_60_11,2026-05-12,2026-05-12 00:45:00,completed,"{""workflow_category"": ""personalized_outbound"", ""template_used"": ""crm_enrichment"", ""records_input"": 1669}"
887,60,287,wf_60_12,2026-03-21,2026-03-21 00:50:00,completed,"{""workflow_category"": ""crm_sync"", ""template_used"": ""account_research"", ""records_input"": 1401}"
888,60,287,wf_60_13,2026-03-30,2026-03-30 00:38:00,completed,"{""workflow_category"": ""ai_account_research"", ""template_used"": ""crm_enrichment"", ""records_input"": 637}"
889,60,286,wf_60_14,2026-05-15,2026-05-15 01:26:00,completed,"{""workflow_category"": ""personalized_outbound"", ""template_used"": ""lead_enrichment"", ""records_input"": 1060}"
890,60,286,wf_60_15,2026-06-02,,failed,"{""workflow_category"": ""crm_sync"", ""template_used"": ""lead_enrichment"", ""records_input"": 1413}"
891,60,286,wf_60_16,2026-04-05,2026-04-05 01:56:00,completed,"{""workflow_category"": ""lead_enrichment"", ""template_used"": ""crm_enrichment"", ""records_input"": 2818}"
892,60,286,wf_60_17,2026-05-29,2026-05-29 01:34:00,completed,"{""workflow_category"": ""waterfall_enrichment"", ""template_used"": ""personalized_outbound"", ""records_input"": 262}"
893,60,286,wf_60_18,2026-05-30,2026-05-30 00:14:00,completed,"{""workflow_category"": ""lead_enrichment"", ""template_used"": ""lead_enrichment"", ""records_input"": 1618}"
894,61,292,wf_61_1,2026-04-13,2026-04-13 01:23:00,completed,"{""workflow_category"": ""ai_account_research"", ""template_used"": ""lead_enrichment"", ""records_input"": 268}"
895,61,290,wf_61_2,2026-04-07,2026-04-07 00:37:00,completed,"{""workflow_category"": ""lead_enrichment"", ""template_used"": ""crm_enrichment"", ""records_input"": 1301}"
896,61,293,wf_61_3,2026-04-17,,failed,"{""workflow_category"": ""lead_enrichment"", ""template_used"": ""lead_enrichment"", ""records_input"": 2151}"
897,61,289,wf_61_4,2026-03-19,2026-03-19 00:11:00,completed,"{""workflow_category"": ""waterfall_enrichment"", ""template_used"": ""crm_enrichment"", ""records_input"": 1009}"
898,61,291,wf_61_5,2026-03-24,2026-03-24 00:21:00,completed,"{""workflow_category"": ""waterfall_enrichment"", ""template_used"": ""personalized_outbound"", ""records_input"": 2366}"
899,61,294,wf_61_6,2026-03-31,2026-03-31 00:44:00,completed,"{""workflow_category"": ""waterfall_enrichment"", ""template_used"": ""account_research"", ""records_input"": 1288}"
900,61,295,wf_61_7,2026-04-19,2026-04-19 00:32:00,completed,"{""workflow_category"": ""waterfall_enrichment"", ""template_used"": ""account_research"", ""records_input"": 2344}"
901,61,294,wf_61_8,2026-01-29,2026-01-29 00:54:00,completed,"{""workflow_category"": ""ai_account_research"", ""template_used"": ""lead_enrichment"", ""records_input"": 1347}"
902,61,288,wf_61_9,2026-04-03,2026-04-03 01:55:00,completed,"{""workflow_category"": ""waterfall_enrichment"", ""template_used"": ""personalized_outbound"", ""records_input"": 1700}"
903,61,295,wf_61_10,2026-04-20,2026-04-20 01:17:00,completed,"{""workflow_category"": ""ai_account_research"", ""template_used"": ""account_research"", ""records_input"": 2401}"
904,61,289,wf_61_11,2026-04-09,2026-04-09 01:13:00,completed,"{""workflow_category"": ""ai_account_research"", ""template_used"": ""lead_enrichment"", ""records_input"": 1438}"
905,61,291,wf_61_12,2026-04-05,2026-04-05 01:10:00,completed,"{""workflow_category"": ""crm_sync"", ""template_used"": ""account_research"", ""records_input"": 2956}"
906,61,289,wf_61_13,2026-04-18,,failed,"{""workflow_category"": ""personalized_outbound"", ""template_used"": ""crm_enrichment"", ""records_input"": 106}"
907,61,289,wf_61_14,2026-03-30,2026-03-30 01:25:00,completed,"{""workflow_category"": ""personalized_outbound"", ""template_used"": ""personalized_outbound"", ""records_input"": 752}"
908,61,289,wf_61_15,2026-04-16,2026-04-16 01:04:00,completed,"{""workflow_category"": ""lead_enrichment"", ""template_used"": ""personalized_outbound"", ""records_input"": 2311}"
909,61,294,wf_61_16,2026-02-08,2026-02-08 01:03:00,completed,"{""workflow_category"": ""ai_account_research"", ""template_used"": ""lead_enrichment"", ""records_input"": 2854}"
910,61,290,wf_61_17,2026-03-17,2026-03-17 01:21:00,completed,"{""workflow_category"": ""lead_enrichment"", ""template_used"": ""lead_enrichment"", ""records_input"": 1978}"
911,61,292,wf_61_18,2026-03-10,2026-03-10 00:50:00,completed,"{""workflow_category"": ""waterfall_enrichment"", ""template_used"": ""account_research"", ""records_input"": 2966}"
912,61,294,wf_61_19,2026-03-19,2026-03-19 00:09:00,completed,"{""workflow_category"": ""waterfall_enrichment"", ""template_used"": ""crm_enrichment"", ""records_input"": 2497}"
913,61,289,wf_61_20,2026-02-09,2026-02-09 00:06:00,completed,"{""workflow_category"": ""waterfall_enrichment"", ""template_used"": ""personalized_outbound"", ""records_input"": 2431}"
914,61,290,wf_61_21,2026-03-24,2026-03-24 01:35:00,completed,"{""workflow_category"": ""personalized_outbound"", ""template_used"": ""crm_enrichment"", ""records_input"": 1876}"
915,61,290,wf_61_22,2026-02-17,2026-02-17 01:42:00,completed,"{""workflow_category"": ""ai_account_research"", ""template_used"": ""personalized_outbound"", ""records_input"": 140}"
916,61,288,wf_61_23,2026-02-01,2026-02-01 01:46:00,completed,"{""workflow_category"": ""ai_account_research"", ""template_used"": ""crm_enrichment"", ""records_input"": 2410}"
917,61,292,wf_61_24,2026-04-19,2026-04-19 00:54:00,completed,"{""workflow_category"": ""ai_account_research"", ""template_used"": ""account_research"", ""records_input"": 1449}"
918,61,288,wf_61_25,2026-02-09,,failed,"{""workflow_category"": ""personalized_outbound"", ""template_used"": ""crm_enrichment"", ""records_input"": 1747}"
919,61,291,wf_61_26,2026-02-25,2026-02-25 00:20:00,completed,"{""workflow_category"": ""crm_sync"", ""template_used"": ""account_research"", ""records_input"": 2789}"
920,61,289,wf_61_27,2026-03-28,2026-03-28 00:49:00,completed,"{""workflow_category"": ""waterfall_enrichment"", ""template_used"": ""lead_enrichment"", ""records_input"": 284}"
921,61,288,wf_61_28,2026-01-24,2026-01-24 01:44:00,completed,"{""workflow_category"": ""waterfall_enrichment"", ""template_used"": ""personalized_outbound"", ""records_input"": 2289}"
922,61,293,wf_61_29,2026-02-02,2026-02-02 01:45:00,completed,"{""workflow_category"": ""lead_enrichment"", ""template_used"": ""account_research"", ""records_input"": 2079}"
923,61,292,wf_61_30,2026-02-05,2026-02-05 00:46:00,completed,"{""workflow_category"": ""waterfall_enrichment"", ""template_used"": ""crm_enrichment"", ""records_input"": 2636}"
924,61,289,wf_61_31,2026-01-25,2026-01-25 01:36:00,completed,"{""workflow_category"": ""crm_sync"", ""template_used"": ""crm_enrichment"", ""records_input"": 175}"
925,61,295,wf_61_32,2026-02-28,,failed,"{""workflow_category"": ""lead_enrichment"", ""template_used"": ""account_research"", ""records_input"": 720}"
926,61,288,wf_61_33,2026-03-24,2026-03-24 00:43:00,completed,"{""workflow_category"": ""lead_enrichment"", ""template_used"": ""personalized_outbound"", ""records_input"": 2096}"
927,62,297,wf_62_1,2026-04-29,2026-04-29 00:51:00,completed,"{""workflow_category"": ""crm_sync"", ""template_used"": ""account_research"", ""records_input"": 2278}"
928,62,297,wf_62_2,2026-05-08,2026-05-08 01:38:00,completed,"{""workflow_category"": ""crm_sync"", ""template_used"": ""personalized_outbound"", ""records_input"": 1687}"
929,62,297,wf_62_3,2026-04-11,2026-04-11 00:52:00,completed,"{""workflow_category"": ""personalized_outbound"", ""template_used"": ""account_research"", ""records_input"": 985}"
930,62,298,wf_62_4,2026-04-11,2026-04-11 01:38:00,completed,"{""workflow_category"": ""lead_enrichment"", ""template_used"": ""personalized_outbound"", ""records_input"": 1189}"
931,62,297,wf_62_5,2026-04-13,2026-04-13 00:51:00,completed,"{""workflow_category"": ""personalized_outbound"", ""template_used"": ""crm_enrichment"", ""records_input"": 747}"
932,62,297,wf_62_6,2026-05-28,2026-05-28 00:42:00,completed,"{""workflow_category"": ""crm_sync"", ""template_used"": ""lead_enrichment"", ""records_input"": 279}"
933,62,297,wf_62_7,2026-06-01,2026-06-01 00:32:00,completed,"{""workflow_category"": ""crm_sync"", ""template_used"": ""personalized_outbound"", ""records_input"": 1763}"
934,62,297,wf_62_8,2026-04-08,2026-04-08 01:48:00,completed,"{""workflow_category"": ""ai_account_research"", ""template_used"": ""personalized_outbound"", ""records_input"": 224}"
935,62,296,wf_62_9,2026-05-29,2026-05-29 00:51:00,completed,"{""workflow_category"": ""crm_sync"", ""template_used"": ""account_research"", ""records_input"": 377}"
936,62,297,wf_62_10,2026-06-07,2026-06-07 00:12:00,completed,"{""workflow_category"": ""ai_account_research"", ""template_used"": ""crm_enrichment"", ""records_input"": 407}"
937,62,298,wf_62_11,2026-04-05,2026-04-05 01:42:00,completed,"{""workflow_category"": ""personalized_outbound"", ""template_used"": ""personalized_outbound"", ""records_input"": 1880}"
938,62,297,wf_62_12,2026-06-05,2026-06-05 01:03:00,completed,"{""workflow_category"": ""lead_enrichment"", ""template_used"": ""personalized_outbound"", ""records_input"": 301}"
939,62,298,wf_62_13,2026-04-19,2026-04-19 01:53:00,completed,"{""workflow_category"": ""personalized_outbound"", ""template_used"": ""personalized_outbound"", ""records_input"": 971}"
940,62,297,wf_62_14,2026-06-17,2026-06-17 00:28:00,completed,"{""workflow_category"": ""waterfall_enrichment"", ""template_used"": ""lead_enrichment"", ""records_input"": 2647}"
941,62,298,wf_62_15,2026-04-19,2026-04-19 00:34:00,completed,"{""workflow_category"": ""ai_account_research"", ""template_used"": ""crm_enrichment"", ""records_input"": 1301}"
942,62,296,wf_62_16,2026-04-29,2026-04-29 01:33:00,completed,"{""workflow_category"": ""waterfall_enrichment"", ""template_used"": ""personalized_outbound"", ""records_input"": 1425}"
943,62,298,wf_62_17,2026-04-22,2026-04-22 01:31:00,completed,"{""workflow_category"": ""waterfall_enrichment"", ""template_used"": ""lead_enrichment"", ""records_input"": 625}"
944,62,298,wf_62_18,2026-03-29,2026-03-29 01:47:00,completed,"{""workflow_category"": ""ai_account_research"", ""template_used"": ""crm_enrichment"", ""records_input"": 314}"
945,62,297,wf_62_19,2026-04-29,2026-04-29 00:07:00,completed,"{""workflow_category"": ""waterfall_enrichment"", ""template_used"": ""crm_enrichment"", ""records_input"": 2173}"
946,62,297,wf_62_20,2026-05-16,,failed,"{""workflow_category"": ""crm_sync"", ""template_used"": ""account_research"", ""records_input"": 1258}"
947,62,297,wf_62_21,2026-05-19,2026-05-19 00:09:00,completed,"{""workflow_category"": ""personalized_outbound"", ""template_used"": ""crm_enrichment"", ""records_input"": 158}"
948,62,296,wf_62_22,2026-06-09,2026-06-09 00:37:00,completed,"{""workflow_category"": ""lead_enrichment"", ""template_used"": ""account_research"", ""records_input"": 742}"
949,62,298,wf_62_23,2026-05-08,2026-05-08 00:34:00,completed,"{""workflow_category"": ""lead_enrichment"", ""template_used"": ""account_research"", ""records_input"": 847}"
950,62,298,wf_62_24,2026-05-08,2026-05-08 00:55:00,completed,"{""workflow_category"": ""personalized_outbound"", ""template_used"": ""personalized_outbound"", ""records_input"": 363}"
951,62,298,wf_62_25,2026-05-14,2026-05-14 01:34:00,completed,"{""workflow_category"": ""ai_account_research"", ""template_used"": ""crm_enrichment"", ""records_input"": 2457}"
952,62,296,wf_62_26,2026-05-21,2026-05-21 00:24:00,completed,"{""workflow_category"": ""lead_enrichment"", ""template_used"": ""account_research"", ""records_input"": 2450}"
953,62,297,wf_62_27,2026-05-28,,failed,"{""workflow_category"": ""waterfall_enrichment"", ""template_used"": ""crm_enrichment"", ""records_input"": 1568}"
954,62,297,wf_62_28,2026-06-21,2026-06-21 00:12:00,completed,"{""workflow_category"": ""waterfall_enrichment"", ""template_used"": ""crm_enrichment"", ""records_input"": 1145}"
955,62,297,wf_62_29,2026-05-19,2026-05-19 00:07:00,completed,"{""workflow_category"": ""ai_account_research"", ""template_used"": ""personalized_outbound"", ""records_input"": 271}"
956,62,296,wf_62_30,2026-04-01,2026-04-01 01:14:00,completed,"{""workflow_category"": ""personalized_outbound"", ""template_used"": ""account_research"", ""records_input"": 2593}"
957,62,296,wf_62_31,2026-05-27,2026-05-27 00:22:00,completed,"{""workflow_category"": ""crm_sync"", ""template_used"": ""crm_enrichment"", ""records_input"": 548}"
958,62,298,wf_62_32,2026-05-27,,failed,"{""workflow_category"": ""lead_enrichment"", ""template_used"": ""crm_enrichment"", ""records_input"": 2140}"
959,62,296,wf_62_33,2026-04-06,,failed,"{""workflow_category"": ""personalized_outbound"", ""template_used"": ""crm_enrichment"", ""records_input"": 2232}"
960,63,302,wf_63_1,2026-04-26,2026-04-26 01:41:00,completed,"{""workflow_category"": ""waterfall_enrichment"", ""template_used"": ""personalized_outbound"", ""records_input"": 1298}"
961,63,299,wf_63_2,2026-03-21,2026-03-21 01:17:00,completed,"{""workflow_category"": ""personalized_outbound"", ""template_used"": ""personalized_outbound"", ""records_input"": 725}"
962,63,301,wf_63_3,2026-04-04,2026-04-04 00:12:00,completed,"{""workflow_category"": ""personalized_outbound"", ""template_used"": ""personalized_outbound"", ""records_input"": 1929}"
963,63,301,wf_63_4,2026-03-19,2026-03-19 01:08:00,completed,"{""workflow_category"": ""personalized_outbound"", ""template_used"": ""crm_enrichment"", ""records_input"": 2188}"
964,63,299,wf_63_5,2026-02-20,2026-02-20 01:25:00,completed,"{""workflow_category"": ""personalized_outbound"", ""template_used"": ""crm_enrichment"", ""records_input"": 461}"
965,63,300,wf_63_6,2026-02-10,2026-02-10 01:56:00,completed,"{""workflow_category"": ""waterfall_enrichment"", ""template_used"": ""lead_enrichment"", ""records_input"": 2070}"
966,63,300,wf_63_7,2026-03-30,2026-03-30 01:55:00,completed,"{""workflow_category"": ""ai_account_research"", ""template_used"": ""crm_enrichment"", ""records_input"": 1551}"
967,63,299,wf_63_8,2026-05-04,2026-05-04 01:53:00,completed,"{""workflow_category"": ""waterfall_enrichment"", ""template_used"": ""crm_enrichment"", ""records_input"": 620}"
968,63,300,wf_63_9,2026-04-30,2026-04-30 01:34:00,completed,"{""workflow_category"": ""ai_account_research"", ""template_used"": ""crm_enrichment"", ""records_input"": 301}"
969,63,301,wf_63_10,2026-03-12,2026-03-12 00:50:00,completed,"{""workflow_category"": ""crm_sync"", ""template_used"": ""personalized_outbound"", ""records_input"": 2037}"
970,63,302,wf_63_11,2026-03-23,,failed,"{""workflow_category"": ""crm_sync"", ""template_used"": ""lead_enrichment"", ""records_input"": 2563}"
971,63,300,wf_63_12,2026-03-25,2026-03-25 01:35:00,completed,"{""workflow_category"": ""ai_account_research"", ""template_used"": ""lead_enrichment"", ""records_input"": 817}"
972,63,301,wf_63_13,2026-03-10,2026-03-10 00:54:00,completed,"{""workflow_category"": ""lead_enrichment"", ""template_used"": ""crm_enrichment"", ""records_input"": 2331}"
973,63,301,wf_63_14,2026-02-18,2026-02-18 00:34:00,completed,"{""workflow_category"": ""crm_sync"", ""template_used"": ""personalized_outbound"", ""records_input"": 1683}"
974,63,302,wf_63_15,2026-04-28,,failed,"{""workflow_category"": ""lead_enrichment"", ""template_used"": ""lead_enrichment"", ""records_input"": 577}"
975,63,299,wf_63_16,2026-05-06,2026-05-06 00:33:00,completed,"{""workflow_category"": ""personalized_outbound"", ""template_used"": ""account_research"", ""records_input"": 955}"
976,63,300,wf_63_17,2026-03-15,2026-03-15 00:08:00,completed,"{""workflow_category"": ""ai_account_research"", ""template_used"": ""crm_enrichment"", ""records_input"": 356}"
977,63,301,wf_63_18,2026-03-23,,failed,"{""workflow_category"": ""waterfall_enrichment"", ""template_used"": ""crm_enrichment"", ""records_input"": 2486}"
978,63,300,wf_63_19,2026-03-29,2026-03-29 01:06:00,completed,"{""workflow_category"": ""personalized_outbound"", ""template_used"": ""account_research"", ""records_input"": 1331}"
979,63,302,wf_63_20,2026-05-06,2026-05-06 01:45:00,completed,"{""workflow_category"": ""personalized_outbound"", ""template_used"": ""crm_enrichment"", ""records_input"": 975}"
980,63,300,wf_63_21,2026-02-18,2026-02-18 01:37:00,completed,"{""workflow_category"": ""waterfall_enrichment"", ""template_used"": ""account_research"", ""records_input"": 1378}"
981,63,302,wf_63_22,2026-05-02,2026-05-02 00:56:00,completed,"{""workflow_category"": ""crm_sync"", ""template_used"": ""crm_enrichment"", ""records_input"": 627}"
982,63,300,wf_63_23,2026-03-03,2026-03-03 00:06:00,completed,"{""workflow_category"": ""lead_enrichment"", ""template_used"": ""lead_enrichment"", ""records_input"": 322}"
983,63,300,wf_63_24,2026-02-15,2026-02-15 00:37:00,completed,"{""workflow_category"": ""personalized_outbound"", ""template_used"": ""account_research"", ""records_input"": 490}"
984,63,299,wf_63_25,2026-02-23,2026-02-23 01:28:00,completed,"{""workflow_category"": ""personalized_outbound"", ""template_used"": ""account_research"", ""records_input"": 566}"
985,63,301,wf_63_26,2026-02-26,2026-02-26 00:36:00,completed,"{""workflow_category"": ""crm_sync"", ""template_used"": ""personalized_outbound"", ""records_input"": 2882}"
986,63,301,wf_63_27,2026-04-01,2026-04-01 00:29:00,completed,"{""workflow_category"": ""lead_enrichment"", ""template_used"": ""lead_enrichment"", ""records_input"": 1891}"
987,63,299,wf_63_28,2026-03-29,2026-03-29 00:52:00,completed,"{""workflow_category"": ""personalized_outbound"", ""template_used"": ""crm_enrichment"", ""records_input"": 2098}"
988,63,301,wf_63_29,2026-04-02,2026-04-02 01:37:00,completed,"{""workflow_category"": ""ai_account_research"", ""template_used"": ""lead_enrichment"", ""records_input"": 2398}"
989,63,300,wf_63_30,2026-05-06,,failed,"{""workflow_category"": ""personalized_outbound"", ""template_used"": ""crm_enrichment"", ""records_input"": 1211}"
990,63,299,wf_63_31,2026-04-24,2026-04-24 01:41:00,completed,"{""workflow_category"": ""personalized_outbound"", ""template_used"": ""personalized_outbound"", ""records_input"": 493}"
991,63,299,wf_63_32,2026-05-05,2026-05-05 00:26:00,completed,"{""workflow_category"": ""lead_enrichment"", ""template_used"": ""crm_enrichment"", ""records_input"": 2296}"
992,63,300,wf_63_33,2026-03-19,2026-03-19 01:27:00,completed,"{""workflow_category"": ""ai_account_research"", ""template_used"": ""personalized_outbound"", ""records_input"": 2977}"
993,63,300,wf_63_34,2026-04-11,2026-04-11 01:53:00,completed,"{""workflow_category"": ""lead_enrichment"", ""template_used"": ""personalized_outbound"", ""records_input"": 2977}"
994,63,301,wf_63_35,2026-03-29,2026-03-29 01:44:00,completed,"{""workflow_category"": ""personalized_outbound"", ""template_used"": ""account_research"", ""records_input"": 433}"
995,63,299,wf_63_36,2026-05-05,2026-05-05 00:38:00,completed,"{""workflow_category"": ""lead_enrichment"", ""template_used"": ""personalized_outbound"", ""records_input"": 2121}"
996,63,302,wf_63_37,2026-02-10,2026-02-10 00:24:00,completed,"{""workflow_category"": ""waterfall_enrichment"", ""template_used"": ""account_research"", ""records_input"": 1755}"
997,63,302,wf_63_38,2026-03-18,2026-03-18 00:30:00,completed,"{""workflow_category"": ""lead_enrichment"", ""template_used"": ""account_research"", ""records_input"": 2089}"
998,63,299,wf_63_39,2026-02-08,2026-02-08 00:22:00,completed,"{""workflow_category"": ""waterfall_enrichment"", ""template_used"": ""lead_enrichment"", ""records_input"": 2233}"
999,63,299,wf_63_40,2026-02-15,2026-02-15 00:35:00,completed,"{""workflow_category"": ""lead_enrichment"", ""template_used"": ""personalized_outbound"", ""records_input"": 1335}"
1000,64,305,wf_64_1,2026-04-15,,failed,"{""workflow_category"": ""ai_account_research"", ""template_used"": ""crm_enrichment"", ""records_input"": 2167}"
1001,64,303,wf_64_2,2026-04-08,,failed,"{""workflow_category"": ""crm_sync"", ""template_used"": ""lead_enrichment"", ""records_input"": 120}"
1002,64,304,wf_64_3,2026-03-20,2026-03-20 00:05:00,completed,"{""workflow_category"": ""ai_account_research"", ""template_used"": ""account_research"", ""records_input"": 598}"
1003,64,307,wf_64_4,2026-05-08,2026-05-08 00:29:00,completed,"{""workflow_category"": ""personalized_outbound"", ""template_used"": ""crm_enrichment"", ""records_input"": 230}"
1004,64,307,wf_64_5,2026-03-20,,failed,"{""workflow_category"": ""personalized_outbound"", ""template_used"": ""lead_enrichment"", ""records_input"": 131}"
1005,64,304,wf_64_6,2026-04-07,2026-04-07 01:55:00,completed,"{""workflow_category"": ""crm_sync"", ""template_used"": ""crm_enrichment"", ""records_input"": 416}"
1006,64,303,wf_64_7,2026-05-27,,failed,"{""workflow_category"": ""ai_account_research"", ""template_used"": ""personalized_outbound"", ""records_input"": 1009}"
1007,64,308,wf_64_8,2026-03-14,,failed,"{""workflow_category"": ""personalized_outbound"", ""template_used"": ""personalized_outbound"", ""records_input"": 1126}"
1008,64,307,wf_64_9,2026-05-14,2026-05-14 00:44:00,completed,"{""workflow_category"": ""lead_enrichment"", ""template_used"": ""crm_enrichment"", ""records_input"": 864}"
1009,64,305,wf_64_10,2026-04-29,2026-04-29 00:35:00,completed,"{""workflow_category"": ""crm_sync"", ""template_used"": ""personalized_outbound"", ""records_input"": 277}"
1010,64,306,wf_64_11,2026-04-22,2026-04-22 01:23:00,completed,"{""workflow_category"": ""personalized_outbound"", ""template_used"": ""crm_enrichment"", ""records_input"": 1203}"
1011,64,303,wf_64_12,2026-05-06,,failed,"{""workflow_category"": ""crm_sync"", ""template_used"": ""personalized_outbound"", ""records_input"": 616}"
1012,64,305,wf_64_13,2026-04-19,2026-04-19 00:06:00,completed,"{""workflow_category"": ""ai_account_research"", ""template_used"": ""personalized_outbound"", ""records_input"": 351}"
1013,65,310,wf_65_1,2026-03-23,,failed,"{""workflow_category"": ""lead_enrichment"", ""template_used"": ""lead_enrichment"", ""records_input"": 616}"
1014,65,309,wf_65_2,2026-01-22,2026-01-22 00:28:00,completed,"{""workflow_category"": ""waterfall_enrichment"", ""template_used"": ""account_research"", ""records_input"": 535}"
1015,65,310,wf_65_3,2026-03-18,2026-03-18 00:17:00,completed,"{""workflow_category"": ""ai_account_research"", ""template_used"": ""personalized_outbound"", ""records_input"": 2873}"
1016,65,309,wf_65_4,2026-04-15,,failed,"{""workflow_category"": ""personalized_outbound"", ""template_used"": ""crm_enrichment"", ""records_input"": 1457}"
1017,66,314,wf_66_1,2026-04-28,2026-04-28 01:37:00,completed,"{""workflow_category"": ""personalized_outbound"", ""template_used"": ""personalized_outbound"", ""records_input"": 1003}"
1018,66,317,wf_66_2,2026-05-04,2026-05-04 01:34:00,completed,"{""workflow_category"": ""ai_account_research"", ""template_used"": ""account_research"", ""records_input"": 948}"
1019,66,313,wf_66_3,2026-04-05,2026-04-05 01:59:00,completed,"{""workflow_category"": ""personalized_outbound"", ""template_used"": ""account_research"", ""records_input"": 486}"
1020,66,318,wf_66_4,2026-04-18,2026-04-18 01:55:00,completed,"{""workflow_category"": ""ai_account_research"", ""template_used"": ""crm_enrichment"", ""records_input"": 360}"
1021,66,318,wf_66_5,2026-05-07,2026-05-07 00:59:00,completed,"{""workflow_category"": ""crm_sync"", ""template_used"": ""crm_enrichment"", ""records_input"": 3000}"
1022,66,318,wf_66_6,2026-02-27,2026-02-27 01:55:00,completed,"{""workflow_category"": ""ai_account_research"", ""template_used"": ""personalized_outbound"", ""records_input"": 1811}"
1023,66,312,wf_66_7,2026-04-17,2026-04-17 01:56:00,completed,"{""workflow_category"": ""crm_sync"", ""template_used"": ""lead_enrichment"", ""records_input"": 703}"
1024,66,315,wf_66_8,2026-04-28,2026-04-28 00:42:00,completed,"{""workflow_category"": ""lead_enrichment"", ""template_used"": ""account_research"", ""records_input"": 933}"
1025,66,314,wf_66_9,2026-05-20,,failed,"{""workflow_category"": ""crm_sync"", ""template_used"": ""account_research"", ""records_input"": 1716}"
1026,66,318,wf_66_10,2026-04-26,2026-04-26 00:39:00,completed,"{""workflow_category"": ""crm_sync"", ""template_used"": ""lead_enrichment"", ""records_input"": 938}"
1027,66,316,wf_66_11,2026-05-03,,failed,"{""workflow_category"": ""crm_sync"", ""template_used"": ""account_research"", ""records_input"": 565}"
1028,66,316,wf_66_12,2026-04-29,2026-04-29 01:36:00,completed,"{""workflow_category"": ""lead_enrichment"", ""template_used"": ""account_research"", ""records_input"": 987}"
1029,66,314,wf_66_13,2026-04-06,2026-04-06 00:56:00,completed,"{""workflow_category"": ""personalized_outbound"", ""template_used"": ""account_research"", ""records_input"": 2914}"
1030,66,312,wf_66_14,2026-02-27,2026-02-27 00:30:00,completed,"{""workflow_category"": ""lead_enrichment"", ""template_used"": ""personalized_outbound"", ""records_input"": 2214}"
1031,66,318,wf_66_15,2026-04-08,,failed,"{""workflow_category"": ""waterfall_enrichment"", ""template_used"": ""personalized_outbound"", ""records_input"": 562}"
1032,66,315,wf_66_16,2026-05-14,2026-05-14 01:14:00,completed,"{""workflow_category"": ""crm_sync"", ""template_used"": ""crm_enrichment"", ""records_input"": 1901}"
1033,66,316,wf_66_17,2026-04-04,2026-04-04 01:16:00,completed,"{""workflow_category"": ""crm_sync"", ""template_used"": ""crm_enrichment"", ""records_input"": 1842}"
1034,66,314,wf_66_18,2026-04-11,2026-04-11 01:00:00,completed,"{""workflow_category"": ""ai_account_research"", ""template_used"": ""crm_enrichment"", ""records_input"": 385}"
1035,66,316,wf_66_19,2026-05-01,2026-05-01 01:04:00,completed,"{""workflow_category"": ""lead_enrichment"", ""template_used"": ""personalized_outbound"", ""records_input"": 612}"
1036,66,317,wf_66_20,2026-03-30,2026-03-30 00:22:00,completed,"{""workflow_category"": ""waterfall_enrichment"", ""template_used"": ""personalized_outbound"", ""records_input"": 912}"
1037,66,315,wf_66_21,2026-04-23,2026-04-23 01:53:00,completed,"{""workflow_category"": ""waterfall_enrichment"", ""template_used"": ""account_research"", ""records_input"": 2635}"
1038,66,313,wf_66_22,2026-03-27,2026-03-27 00:07:00,completed,"{""workflow_category"": ""crm_sync"", ""template_used"": ""lead_enrichment"", ""records_input"": 1253}"
1039,66,312,wf_66_23,2026-03-29,2026-03-29 01:06:00,completed,"{""workflow_category"": ""waterfall_enrichment"", ""template_used"": ""account_research"", ""records_input"": 1470}"
1040,66,314,wf_66_24,2026-02-24,2026-02-24 01:09:00,completed,"{""workflow_category"": ""waterfall_enrichment"", ""template_used"": ""lead_enrichment"", ""records_input"": 2841}"
1041,66,315,wf_66_25,2026-03-25,2026-03-25 00:54:00,completed,"{""workflow_category"": ""personalized_outbound"", ""template_used"": ""personalized_outbound"", ""records_input"": 1261}"
1042,66,314,wf_66_26,2026-03-11,2026-03-11 00:44:00,completed,"{""workflow_category"": ""crm_sync"", ""template_used"": ""lead_enrichment"", ""records_input"": 2140}"
1043,66,318,wf_66_27,2026-02-27,2026-02-27 00:16:00,completed,"{""workflow_category"": ""waterfall_enrichment"", ""template_used"": ""account_research"", ""records_input"": 1409}"
1044,66,318,wf_66_28,2026-05-08,2026-05-08 01:36:00,completed,"{""workflow_category"": ""ai_account_research"", ""template_used"": ""account_research"", ""records_input"": 466}"
1045,66,318,wf_66_29,2026-04-28,2026-04-28 00:19:00,completed,"{""workflow_category"": ""crm_sync"", ""template_used"": ""account_research"", ""records_input"": 810}"
1046,66,315,wf_66_30,2026-04-16,2026-04-16 00:16:00,completed,"{""workflow_category"": ""waterfall_enrichment"", ""template_used"": ""lead_enrichment"", ""records_input"": 2286}"
1047,66,318,wf_66_31,2026-03-31,2026-03-31 01:44:00,completed,"{""workflow_category"": ""crm_sync"", ""template_used"": ""personalized_outbound"", ""records_input"": 115}"
1048,66,313,wf_66_32,2026-02-22,2026-02-22 01:55:00,completed,"{""workflow_category"": ""waterfall_enrichment"", ""template_used"": ""personalized_outbound"", ""records_input"": 2634}"
1049,66,315,wf_66_33,2026-03-06,2026-03-06 00:56:00,completed,"{""workflow_category"": ""waterfall_enrichment"", ""template_used"": ""account_research"", ""records_input"": 2185}"
1050,66,315,wf_66_34,2026-05-07,2026-05-07 00:25:00,completed,"{""workflow_category"": ""waterfall_enrichment"", ""template_used"": ""personalized_outbound"", ""records_input"": 2208}"
1051,66,316,wf_66_35,2026-03-30,2026-03-30 01:19:00,completed,"{""workflow_category"": ""crm_sync"", ""template_used"": ""account_research"", ""records_input"": 655}"
1052,66,314,wf_66_36,2026-03-06,,failed,"{""workflow_category"": ""waterfall_enrichment"", ""template_used"": ""personalized_outbound"", ""records_input"": 2358}"
1053,66,315,wf_66_37,2026-03-07,,failed,"{""workflow_category"": ""personalized_outbound"", ""template_used"": ""account_research"", ""records_input"": 329}"
1054,66,318,wf_66_38,2026-03-16,,failed,"{""workflow_category"": ""personalized_outbound"", ""template_used"": ""personalized_outbound"", ""records_input"": 1531}"
1055,67,319,wf_67_1,2026-03-26,,failed,"{""workflow_category"": ""ai_account_research"", ""template_used"": ""personalized_outbound"", ""records_input"": 668}"
1056,67,319,wf_67_2,2026-05-10,2026-05-10 02:00:00,completed,"{""workflow_category"": ""waterfall_enrichment"", ""template_used"": ""account_research"", ""records_input"": 1658}"
1057,67,319,wf_67_3,2026-06-17,,failed,"{""workflow_category"": ""personalized_outbound"", ""template_used"": ""crm_enrichment"", ""records_input"": 2400}"
1058,67,319,wf_67_4,2026-06-16,2026-06-16 01:48:00,completed,"{""workflow_category"": ""crm_sync"", ""template_used"": ""account_research"", ""records_input"": 2180}"
1059,67,319,wf_67_5,2026-03-28,2026-03-28 01:21:00,completed,"{""workflow_category"": ""crm_sync"", ""template_used"": ""personalized_outbound"", ""records_input"": 776}"
1060,67,319,wf_67_6,2026-04-11,,failed,"{""workflow_category"": ""crm_sync"", ""template_used"": ""crm_enrichment"", ""records_input"": 2831}"
1061,67,319,wf_67_7,2026-06-13,2026-06-13 00:05:00,completed,"{""workflow_category"": ""crm_sync"", ""template_used"": ""lead_enrichment"", ""records_input"": 2403}"
1062,67,319,wf_67_8,2026-06-19,,failed,"{""workflow_category"": ""waterfall_enrichment"", ""template_used"": ""lead_enrichment"", ""records_input"": 422}"
1063,67,319,wf_67_9,2026-05-18,2026-05-18 01:52:00,completed,"{""workflow_category"": ""ai_account_research"", ""template_used"": ""account_research"", ""records_input"": 2934}"
1064,68,322,wf_68_1,2026-03-21,2026-03-21 01:45:00,completed,"{""workflow_category"": ""waterfall_enrichment"", ""template_used"": ""account_research"", ""records_input"": 2513}"
1065,68,322,wf_68_2,2026-02-26,2026-02-26 00:09:00,completed,"{""workflow_category"": ""personalized_outbound"", ""template_used"": ""lead_enrichment"", ""records_input"": 2873}"
1066,68,320,wf_68_3,2026-01-26,2026-01-26 01:29:00,completed,"{""workflow_category"": ""ai_account_research"", ""template_used"": ""lead_enrichment"", ""records_input"": 1612}"
1067,68,321,wf_68_4,2026-03-03,2026-03-03 01:01:00,completed,"{""workflow_category"": ""ai_account_research"", ""template_used"": ""account_research"", ""records_input"": 1456}"
1068,68,320,wf_68_5,2026-03-03,,failed,"{""workflow_category"": ""lead_enrichment"", ""template_used"": ""lead_enrichment"", ""records_input"": 2821}"
1069,68,326,wf_68_6,2026-02-11,2026-02-11 01:54:00,completed,"{""workflow_category"": ""lead_enrichment"", ""template_used"": ""lead_enrichment"", ""records_input"": 2907}"
1070,68,325,wf_68_7,2026-03-11,2026-03-11 01:44:00,completed,"{""workflow_category"": ""lead_enrichment"", ""template_used"": ""lead_enrichment"", ""records_input"": 2413}"
1071,69,328,wf_69_1,2026-01-20,2026-01-20 00:36:00,completed,"{""workflow_category"": ""waterfall_enrichment"", ""template_used"": ""account_research"", ""records_input"": 2334}"
1072,69,329,wf_69_2,2026-04-05,2026-04-05 01:38:00,completed,"{""workflow_category"": ""waterfall_enrichment"", ""template_used"": ""personalized_outbound"", ""records_input"": 1010}"
1073,69,333,wf_69_3,2026-03-10,2026-03-10 00:28:00,completed,"{""workflow_category"": ""lead_enrichment"", ""template_used"": ""lead_enrichment"", ""records_input"": 430}"
1074,69,332,wf_69_4,2026-01-22,,failed,"{""workflow_category"": ""lead_enrichment"", ""template_used"": ""crm_enrichment"", ""records_input"": 1581}"
1075,69,329,wf_69_5,2026-03-03,,failed,"{""workflow_category"": ""waterfall_enrichment"", ""template_used"": ""lead_enrichment"", ""records_input"": 1745}"
1076,69,330,wf_69_6,2026-03-10,2026-03-10 01:40:00,completed,"{""workflow_category"": ""lead_enrichment"", ""template_used"": ""lead_enrichment"", ""records_input"": 990}"
1077,70,337,wf_70_1,2026-05-09,2026-05-09 00:33:00,completed,"{""workflow_category"": ""lead_enrichment"", ""template_used"": ""account_research"", ""records_input"": 1644}"
1078,70,337,wf_70_2,2026-03-18,2026-03-18 00:07:00,completed,"{""workflow_category"": ""lead_enrichment"", ""template_used"": ""personalized_outbound"", ""records_input"": 2770}"
1079,70,337,wf_70_3,2026-03-08,2026-03-08 00:40:00,completed,"{""workflow_category"": ""waterfall_enrichment"", ""template_used"": ""personalized_outbound"", ""records_input"": 1557}"
1080,70,337,wf_70_4,2026-04-03,2026-04-03 00:57:00,completed,"{""workflow_category"": ""lead_enrichment"", ""template_used"": ""lead_enrichment"", ""records_input"": 485}"
1081,70,338,wf_70_5,2026-05-21,2026-05-21 01:35:00,completed,"{""workflow_category"": ""personalized_outbound"", ""template_used"": ""account_research"", ""records_input"": 1705}"
1082,70,337,wf_70_6,2026-03-08,2026-03-08 00:54:00,completed,"{""workflow_category"": ""ai_account_research"", ""template_used"": ""account_research"", ""records_input"": 1091}"
1083,70,336,wf_70_7,2026-04-27,2026-04-27 00:33:00,completed,"{""workflow_category"": ""waterfall_enrichment"", ""template_used"": ""account_research"", ""records_input"": 727}"
1084,70,338,wf_70_8,2026-03-17,2026-03-17 00:46:00,completed,"{""workflow_category"": ""lead_enrichment"", ""template_used"": ""crm_enrichment"", ""records_input"": 2121}"
1085,70,337,wf_70_9,2026-03-20,2026-03-20 01:37:00,completed,"{""workflow_category"": ""crm_sync"", ""template_used"": ""lead_enrichment"", ""records_input"": 484}"
1086,70,337,wf_70_10,2026-04-09,2026-04-09 01:57:00,completed,"{""workflow_category"": ""personalized_outbound"", ""template_used"": ""lead_enrichment"", ""records_input"": 2678}"
1087,70,337,wf_70_11,2026-03-02,2026-03-02 01:57:00,completed,"{""workflow_category"": ""personalized_outbound"", ""template_used"": ""lead_enrichment"", ""records_input"": 1856}"
1088,70,336,wf_70_12,2026-05-15,2026-05-15 00:26:00,completed,"{""workflow_category"": ""crm_sync"", ""template_used"": ""lead_enrichment"", ""records_input"": 351}"
1089,70,338,wf_70_13,2026-05-03,2026-05-03 01:56:00,completed,"{""workflow_category"": ""ai_account_research"", ""template_used"": ""account_research"", ""records_input"": 744}"
1090,70,336,wf_70_14,2026-03-30,2026-03-30 00:18:00,completed,"{""workflow_category"": ""crm_sync"", ""template_used"": ""account_research"", ""records_input"": 888}"
1091,70,337,wf_70_15,2026-02-25,2026-02-25 01:27:00,completed,"{""workflow_category"": ""waterfall_enrichment"", ""template_used"": ""crm_enrichment"", ""records_input"": 842}"
1092,70,337,wf_70_16,2026-03-23,2026-03-23 01:13:00,completed,"{""workflow_category"": ""personalized_outbound"", ""template_used"": ""account_research"", ""records_input"": 367}"
1093,70,338,wf_70_17,2026-03-31,2026-03-31 00:05:00,completed,"{""workflow_category"": ""ai_account_research"", ""template_used"": ""lead_enrichment"", ""records_input"": 1206}"
1094,70,336,wf_70_18,2026-04-09,2026-04-09 01:48:00,completed,"{""workflow_category"": ""crm_sync"", ""template_used"": ""lead_enrichment"", ""records_input"": 1671}"
1095,70,337,wf_70_19,2026-05-14,,failed,"{""workflow_category"": ""personalized_outbound"", ""template_used"": ""crm_enrichment"", ""records_input"": 2064}"
1096,70,336,wf_70_20,2026-03-11,2026-03-11 01:15:00,completed,"{""workflow_category"": ""waterfall_enrichment"", ""template_used"": ""crm_enrichment"", ""records_input"": 1266}"
1097,70,338,wf_70_21,2026-04-19,2026-04-19 00:15:00,completed,"{""workflow_category"": ""ai_account_research"", ""template_used"": ""crm_enrichment"", ""records_input"": 1935}"
1098,70,336,wf_70_22,2026-05-05,2026-05-05 01:58:00,completed,"{""workflow_category"": ""ai_account_research"", ""template_used"": ""crm_enrichment"", ""records_input"": 2943}"
1099,70,336,wf_70_23,2026-02-27,2026-02-27 00:22:00,completed,"{""workflow_category"": ""crm_sync"", ""template_used"": ""personalized_outbound"", ""records_input"": 395}"
1100,70,337,wf_70_24,2026-04-17,2026-04-17 01:40:00,completed,"{""workflow_category"": ""waterfall_enrichment"", ""template_used"": ""account_research"", ""records_input"": 2677}"
1101,70,337,wf_70_25,2026-03-04,2026-03-04 00:07:00,completed,"{""workflow_category"": ""ai_account_research"", ""template_used"": ""personalized_outbound"", ""records_input"": 2562}"
1102,70,337,wf_70_26,2026-04-11,2026-04-11 01:42:00,completed,"{""workflow_category"": ""ai_account_research"", ""template_used"": ""crm_enrichment"", ""records_input"": 1799}"
1103,70,336,wf_70_27,2026-05-01,2026-05-01 00:14:00,completed,"{""workflow_category"": ""ai_account_research"", ""template_used"": ""lead_enrichment"", ""records_input"": 1618}"
1104,70,338,wf_70_28,2026-04-22,2026-04-22 01:04:00,completed,"{""workflow_category"": ""ai_account_research"", ""template_used"": ""personalized_outbound"", ""records_input"": 656}"
1105,71,343,wf_71_1,2026-05-04,2026-05-04 01:28:00,completed,"{""workflow_category"": ""lead_enrichment"", ""template_used"": ""account_research"", ""records_input"": 232}"
1106,71,340,wf_71_2,2026-05-20,2026-05-20 01:28:00,completed,"{""workflow_category"": ""crm_sync"", ""template_used"": ""crm_enrichment"", ""records_input"": 838}"
1107,71,343,wf_71_3,2026-06-23,2026-06-23 01:33:00,completed,"{""workflow_category"": ""personalized_outbound"", ""template_used"": ""personalized_outbound"", ""records_input"": 1387}"
1108,71,343,wf_71_4,2026-04-19,2026-04-19 01:10:00,completed,"{""workflow_category"": ""waterfall_enrichment"", ""template_used"": ""personalized_outbound"", ""records_input"": 2839}"
1109,71,344,wf_71_5,2026-05-13,2026-05-13 01:36:00,completed,"{""workflow_category"": ""ai_account_research"", ""template_used"": ""lead_enrichment"", ""records_input"": 114}"
1110,71,342,wf_71_6,2026-05-05,2026-05-05 01:57:00,completed,"{""workflow_category"": ""waterfall_enrichment"", ""template_used"": ""account_research"", ""records_input"": 1362}"
1111,71,339,wf_71_7,2026-05-16,2026-05-16 01:55:00,completed,"{""workflow_category"": ""ai_account_research"", ""template_used"": ""lead_enrichment"", ""records_input"": 1440}"
1112,71,341,wf_71_8,2026-07-06,2026-07-06 01:41:00,completed,"{""workflow_category"": ""waterfall_enrichment"", ""template_used"": ""personalized_outbound"", ""records_input"": 2062}"
1113,71,345,wf_71_9,2026-05-22,,failed,"{""workflow_category"": ""personalized_outbound"", ""template_used"": ""crm_enrichment"", ""records_input"": 2712}"
1114,71,343,wf_71_10,2026-04-30,2026-04-30 00:32:00,completed,"{""workflow_category"": ""lead_enrichment"", ""template_used"": ""lead_enrichment"", ""records_input"": 1374}"
1115,71,341,wf_71_11,2026-04-24,2026-04-24 01:35:00,completed,"{""workflow_category"": ""ai_account_research"", ""template_used"": ""lead_enrichment"", ""records_input"": 521}"
1116,71,341,wf_71_12,2026-05-02,2026-05-02 00:42:00,completed,"{""workflow_category"": ""lead_enrichment"", ""template_used"": ""personalized_outbound"", ""records_input"": 460}"
1117,71,339,wf_71_13,2026-06-03,2026-06-03 01:13:00,completed,"{""workflow_category"": ""lead_enrichment"", ""template_used"": ""personalized_outbound"", ""records_input"": 1576}"
1118,71,341,wf_71_14,2026-04-26,,failed,"{""workflow_category"": ""personalized_outbound"", ""template_used"": ""crm_enrichment"", ""records_input"": 725}"
1119,71,339,wf_71_15,2026-05-26,2026-05-26 01:27:00,completed,"{""workflow_category"": ""personalized_outbound"", ""template_used"": ""account_research"", ""records_input"": 341}"
1120,71,344,wf_71_16,2026-04-18,2026-04-18 01:26:00,completed,"{""workflow_category"": ""crm_sync"", ""template_used"": ""personalized_outbound"", ""records_input"": 798}"
1121,71,340,wf_71_17,2026-06-17,2026-06-17 01:25:00,completed,"{""workflow_category"": ""ai_account_research"", ""template_used"": ""lead_enrichment"", ""records_input"": 224}"
1122,71,341,wf_71_18,2026-05-01,2026-05-01 02:00:00,completed,"{""workflow_category"": ""lead_enrichment"", ""template_used"": ""account_research"", ""records_input"": 2993}"
1123,71,339,wf_71_19,2026-06-24,2026-06-24 00:48:00,completed,"{""workflow_category"": ""personalized_outbound"", ""template_used"": ""crm_enrichment"", ""records_input"": 441}"
1124,71,341,wf_71_20,2026-06-12,2026-06-12 01:10:00,completed,"{""workflow_category"": ""waterfall_enrichment"", ""template_used"": ""personalized_outbound"", ""records_input"": 2955}"
1125,71,342,wf_71_21,2026-05-02,2026-05-02 01:16:00,completed,"{""workflow_category"": ""crm_sync"", ""template_used"": ""crm_enrichment"", ""records_input"": 2825}"
1126,71,341,wf_71_22,2026-05-09,2026-05-09 01:16:00,completed,"{""workflow_category"": ""personalized_outbound"", ""template_used"": ""crm_enrichment"", ""records_input"": 400}"
1127,71,340,wf_71_23,2026-04-15,2026-04-15 01:49:00,completed,"{""workflow_category"": ""ai_account_research"", ""template_used"": ""personalized_outbound"", ""records_input"": 2121}"
1128,71,343,wf_71_24,2026-06-15,2026-06-15 02:00:00,completed,"{""workflow_category"": ""lead_enrichment"", ""template_used"": ""lead_enrichment"", ""records_input"": 731}"
1129,71,341,wf_71_25,2026-06-08,2026-06-08 00:39:00,completed,"{""workflow_category"": ""personalized_outbound"", ""template_used"": ""personalized_outbound"", ""records_input"": 1471}"
1130,71,339,wf_71_26,2026-05-13,2026-05-13 01:13:00,completed,"{""workflow_category"": ""crm_sync"", ""template_used"": ""account_research"", ""records_input"": 2990}"
1131,71,345,wf_71_27,2026-05-30,2026-05-30 00:50:00,completed,"{""workflow_category"": ""lead_enrichment"", ""template_used"": ""crm_enrichment"", ""records_input"": 2726}"
1132,71,343,wf_71_28,2026-04-12,2026-04-12 00:15:00,completed,"{""workflow_category"": ""crm_sync"", ""template_used"": ""personalized_outbound"", ""records_input"": 2771}"
1133,71,342,wf_71_29,2026-04-14,2026-04-14 01:17:00,completed,"{""workflow_category"": ""crm_sync"", ""template_used"": ""account_research"", ""records_input"": 439}"
1134,71,339,wf_71_30,2026-05-29,,failed,"{""workflow_category"": ""waterfall_enrichment"", ""template_used"": ""crm_enrichment"", ""records_input"": 1436}"
1135,71,344,wf_71_31,2026-04-25,2026-04-25 01:08:00,completed,"{""workflow_category"": ""crm_sync"", ""template_used"": ""lead_enrichment"", ""records_input"": 1718}"
1136,71,341,wf_71_32,2026-06-27,2026-06-27 01:32:00,completed,"{""workflow_category"": ""personalized_outbound"", ""template_used"": ""account_research"", ""records_input"": 799}"
1137,71,340,wf_71_33,2026-04-28,2026-04-28 00:54:00,completed,"{""workflow_category"": ""crm_sync"", ""template_used"": ""crm_enrichment"", ""records_input"": 1728}"
1138,72,347,wf_72_1,2026-04-11,2026-04-11 01:55:00,completed,"{""workflow_category"": ""personalized_outbound"", ""template_used"": ""lead_enrichment"", ""records_input"": 110}"
1139,72,350,wf_72_2,2026-04-27,,failed,"{""workflow_category"": ""crm_sync"", ""template_used"": ""crm_enrichment"", ""records_input"": 1084}"
1140,73,359,wf_73_1,2026-05-09,,failed,"{""workflow_category"": ""crm_sync"", ""template_used"": ""account_research"", ""records_input"": 1331}"
1141,73,355,wf_73_2,2026-03-27,2026-03-27 01:18:00,completed,"{""workflow_category"": ""lead_enrichment"", ""template_used"": ""personalized_outbound"", ""records_input"": 1260}"
1142,73,353,wf_73_3,2026-03-31,2026-03-31 01:23:00,completed,"{""workflow_category"": ""lead_enrichment"", ""template_used"": ""personalized_outbound"", ""records_input"": 244}"
1143,73,357,wf_73_4,2026-03-12,2026-03-12 01:46:00,completed,"{""workflow_category"": ""ai_account_research"", ""template_used"": ""crm_enrichment"", ""records_input"": 2980}"
1144,73,352,wf_73_5,2026-05-04,2026-05-04 00:05:00,completed,"{""workflow_category"": ""ai_account_research"", ""template_used"": ""personalized_outbound"", ""records_input"": 1369}"
1145,73,357,wf_73_6,2026-05-11,,failed,"{""workflow_category"": ""ai_account_research"", ""template_used"": ""personalized_outbound"", ""records_input"": 1594}"
1146,73,354,wf_73_7,2026-04-30,2026-04-30 00:18:00,completed,"{""workflow_category"": ""ai_account_research"", ""template_used"": ""lead_enrichment"", ""records_input"": 780}"
1147,73,357,wf_73_8,2026-04-04,2026-04-04 00:52:00,completed,"{""workflow_category"": ""ai_account_research"", ""template_used"": ""crm_enrichment"", ""records_input"": 1247}"
1148,73,353,wf_73_9,2026-03-30,2026-03-30 00:23:00,completed,"{""workflow_category"": ""personalized_outbound"", ""template_used"": ""lead_enrichment"", ""records_input"": 1920}"
1149,74,364,wf_74_1,2026-05-06,,failed,"{""workflow_category"": ""lead_enrichment"", ""template_used"": ""personalized_outbound"", ""records_input"": 2452}"
1150,74,364,wf_74_2,2026-03-06,2026-03-06 00:56:00,completed,"{""workflow_category"": ""ai_account_research"", ""template_used"": ""account_research"", ""records_input"": 1684}"
1151,74,365,wf_74_3,2026-04-08,,failed,"{""workflow_category"": ""lead_enrichment"", ""template_used"": ""personalized_outbound"", ""records_input"": 2896}"
1152,74,363,wf_74_4,2026-05-09,,failed,"{""workflow_category"": ""lead_enrichment"", ""template_used"": ""crm_enrichment"", ""records_input"": 817}"
1153,74,365,wf_74_5,2026-03-13,2026-03-13 00:27:00,completed,"{""workflow_category"": ""personalized_outbound"", ""template_used"": ""account_research"", ""records_input"": 2354}"
1154,74,362,wf_74_6,2026-05-14,2026-05-14 01:26:00,completed,"{""workflow_category"": ""waterfall_enrichment"", ""template_used"": ""personalized_outbound"", ""records_input"": 1080}"
1155,74,362,wf_74_7,2026-05-04,2026-05-04 00:36:00,completed,"{""workflow_category"": ""personalized_outbound"", ""template_used"": ""crm_enrichment"", ""records_input"": 2202}"
1156,75,373,wf_75_1,2026-06-01,2026-06-01 01:47:00,completed,"{""workflow_category"": ""ai_account_research"", ""template_used"": ""account_research"", ""records_input"": 2717}"
1157,75,371,wf_75_2,2026-05-26,,failed,"{""workflow_category"": ""lead_enrichment"", ""template_used"": ""crm_enrichment"", ""records_input"": 2970}"
1158,75,373,wf_75_3,2026-06-02,,failed,"{""workflow_category"": ""crm_sync"", ""template_used"": ""crm_enrichment"", ""records_input"": 2055}"
1159,75,369,wf_75_4,2026-04-24,2026-04-24 01:31:00,completed,"{""workflow_category"": ""waterfall_enrichment"", ""template_used"": ""personalized_outbound"", ""records_input"": 713}"
1160,75,372,wf_75_5,2026-05-31,2026-05-31 00:06:00,completed,"{""workflow_category"": ""crm_sync"", ""template_used"": ""personalized_outbound"", ""records_input"": 2264}"
1161,75,369,wf_75_6,2026-05-13,2026-05-13 01:58:00,completed,"{""workflow_category"": ""personalized_outbound"", ""template_used"": ""personalized_outbound"", ""records_input"": 267}"
1162,75,370,wf_75_7,2026-06-02,2026-06-02 00:58:00,completed,"{""workflow_category"": ""lead_enrichment"", ""template_used"": ""lead_enrichment"", ""records_input"": 1277}"
1163,75,371,wf_75_8,2026-03-21,,failed,"{""workflow_category"": ""waterfall_enrichment"", ""template_used"": ""crm_enrichment"", ""records_input"": 2998}"
1164,75,373,wf_75_9,2026-05-28,2026-05-28 00:48:00,completed,"{""workflow_category"": ""waterfall_enrichment"", ""template_used"": ""crm_enrichment"", ""records_input"": 1105}"
1165,75,368,wf_75_10,2026-05-13,,failed,"{""workflow_category"": ""crm_sync"", ""template_used"": ""crm_enrichment"", ""records_input"": 1464}"
1166,75,371,wf_75_11,2026-05-30,2026-05-30 01:29:00,completed,"{""workflow_category"": ""waterfall_enrichment"", ""template_used"": ""personalized_outbound"", ""records_input"": 753}"
1167,75,370,wf_75_12,2026-04-01,,failed,"{""workflow_category"": ""personalized_outbound"", ""template_used"": ""crm_enrichment"", ""records_input"": 1330}"
1168,75,372,wf_75_13,2026-04-09,2026-04-09 01:12:00,completed,"{""workflow_category"": ""crm_sync"", ""template_used"": ""account_research"", ""records_input"": 714}"
1169,75,371,wf_75_14,2026-03-26,2026-03-26 00:55:00,completed,"{""workflow_category"": ""waterfall_enrichment"", ""template_used"": ""lead_enrichment"", ""records_input"": 2797}"
1170,75,368,wf_75_15,2026-05-14,2026-05-14 00:37:00,completed,"{""workflow_category"": ""lead_enrichment"", ""template_used"": ""personalized_outbound"", ""records_input"": 326}"
1171,75,370,wf_75_16,2026-04-14,2026-04-14 00:55:00,completed,"{""workflow_category"": ""lead_enrichment"", ""template_used"": ""account_research"", ""records_input"": 460}"
1172,75,369,wf_75_17,2026-06-05,2026-06-05 01:26:00,completed,"{""workflow_category"": ""lead_enrichment"", ""template_used"": ""account_research"", ""records_input"": 537}"
1173,76,381,wf_76_1,2026-02-20,,failed,"{""workflow_category"": ""waterfall_enrichment"", ""template_used"": ""lead_enrichment"", ""records_input"": 2745}"
1174,76,379,wf_76_2,2026-02-19,,failed,"{""workflow_category"": ""waterfall_enrichment"", ""template_used"": ""personalized_outbound"", ""records_input"": 551}"
1175,77,383,wf_77_1,2026-04-11,2026-04-11 00:38:00,completed,"{""workflow_category"": ""crm_sync"", ""template_used"": ""account_research"", ""records_input"": 147}"
1176,77,384,wf_77_2,2026-06-23,,failed,"{""workflow_category"": ""crm_sync"", ""template_used"": ""personalized_outbound"", ""records_input"": 2903}"
1177,77,384,wf_77_3,2026-04-28,2026-04-28 00:23:00,completed,"{""workflow_category"": ""lead_enrichment"", ""template_used"": ""account_research"", ""records_input"": 2980}"
1178,77,382,wf_77_4,2026-04-18,2026-04-18 00:56:00,completed,"{""workflow_category"": ""personalized_outbound"", ""template_used"": ""account_research"", ""records_input"": 1873}"
1179,77,382,wf_77_5,2026-06-17,2026-06-17 01:55:00,completed,"{""workflow_category"": ""crm_sync"", ""template_used"": ""personalized_outbound"", ""records_input"": 2385}"
1180,77,383,wf_77_6,2026-06-28,2026-06-28 00:31:00,completed,"{""workflow_category"": ""ai_account_research"", ""template_used"": ""crm_enrichment"", ""records_input"": 515}"
1181,77,382,wf_77_7,2026-05-03,2026-05-03 00:34:00,completed,"{""workflow_category"": ""crm_sync"", ""template_used"": ""personalized_outbound"", ""records_input"": 297}"
1182,77,384,wf_77_8,2026-04-09,2026-04-09 01:47:00,completed,"{""workflow_category"": ""crm_sync"", ""template_used"": ""account_research"", ""records_input"": 1219}"
1183,77,384,wf_77_9,2026-06-08,2026-06-08 00:14:00,completed,"{""workflow_category"": ""ai_account_research"", ""template_used"": ""crm_enrichment"", ""records_input"": 187}"
1184,77,384,wf_77_10,2026-05-28,2026-05-28 01:47:00,completed,"{""workflow_category"": ""personalized_outbound"", ""template_used"": ""lead_enrichment"", ""records_input"": 1237}"
1185,78,385,wf_78_1,2026-05-23,2026-05-23 01:38:00,completed,"{""workflow_category"": ""lead_enrichment"", ""template_used"": ""lead_enrichment"", ""records_input"": 2088}"
1186,78,385,wf_78_2,2026-05-30,2026-05-30 01:35:00,completed,"{""workflow_category"": ""crm_sync"", ""template_used"": ""crm_enrichment"", ""records_input"": 1822}"
1187,78,385,wf_78_3,2026-06-09,2026-06-09 00:19:00,completed,"{""workflow_category"": ""crm_sync"", ""template_used"": ""lead_enrichment"", ""records_input"": 2689}"
1188,78,385,wf_78_4,2026-06-13,,failed,"{""workflow_category"": ""crm_sync"", ""template_used"": ""crm_enrichment"", ""records_input"": 1519}"
1189,78,385,wf_78_5,2026-05-24,2026-05-24 00:43:00,completed,"{""workflow_category"": ""lead_enrichment"", ""template_used"": ""crm_enrichment"", ""records_input"": 1747}"
1190,78,385,wf_78_6,2026-05-31,2026-05-31 01:46:00,completed,"{""workflow_category"": ""ai_account_research"", ""template_used"": ""personalized_outbound"", ""records_input"": 2128}"
1191,78,385,wf_78_7,2026-05-11,2026-05-11 00:08:00,completed,"{""workflow_category"": ""crm_sync"", ""template_used"": ""account_research"", ""records_input"": 2177}"
1192,78,385,wf_78_8,2026-05-06,2026-05-06 00:36:00,completed,"{""workflow_category"": ""lead_enrichment"", ""template_used"": ""account_research"", ""records_input"": 2476}"
1193,78,385,wf_78_9,2026-04-19,2026-04-19 01:10:00,completed,"{""workflow_category"": ""ai_account_research"", ""template_used"": ""account_research"", ""records_input"": 2237}"
1194,78,385,wf_78_10,2026-05-27,,failed,"{""workflow_category"": ""lead_enrichment"", ""template_used"": ""crm_enrichment"", ""records_input"": 422}"
1195,79,388,wf_79_1,2026-03-23,,failed,"{""workflow_category"": ""crm_sync"", ""template_used"": ""lead_enrichment"", ""records_input"": 1128}"
1196,80,389,wf_80_1,2026-04-17,2026-04-17 00:15:00,completed,"{""workflow_category"": ""ai_account_research"", ""template_used"": ""account_research"", ""records_input"": 554}"
1197,80,389,wf_80_2,2026-04-30,2026-04-30 00:58:00,completed,"{""workflow_category"": ""crm_sync"", ""template_used"": ""personalized_outbound"", ""records_input"": 1956}"
1198,80,393,wf_80_3,2026-04-03,2026-04-03 01:03:00,completed,"{""workflow_category"": ""waterfall_enrichment"", ""template_used"": ""crm_enrichment"", ""records_input"": 323}"
1199,80,391,wf_80_4,2026-04-13,2026-04-13 00:55:00,completed,"{""workflow_category"": ""personalized_outbound"", ""template_used"": ""account_research"", ""records_input"": 861}"
1200,80,393,wf_80_5,2026-06-10,2026-06-10 01:52:00,completed,"{""workflow_category"": ""lead_enrichment"", ""template_used"": ""personalized_outbound"", ""records_input"": 2737}"
1201,80,394,wf_80_6,2026-05-30,,failed,"{""workflow_category"": ""waterfall_enrichment"", ""template_used"": ""crm_enrichment"", ""records_input"": 2183}"
1202,80,392,wf_80_7,2026-04-09,,failed,"{""workflow_category"": ""lead_enrichment"", ""template_used"": ""account_research"", ""records_input"": 553}"
1203,80,394,wf_80_8,2026-06-08,2026-06-08 01:29:00,completed,"{""workflow_category"": ""personalized_outbound"", ""template_used"": ""personalized_outbound"", ""records_input"": 2972}"
1204,80,391,wf_80_9,2026-03-15,,failed,"{""workflow_category"": ""lead_enrichment"", ""template_used"": ""lead_enrichment"", ""records_input"": 1675}"
1205,81,396,wf_81_1,2026-02-17,,failed,"{""workflow_category"": ""personalized_outbound"", ""template_used"": ""personalized_outbound"", ""records_input"": 236}"
1206,81,395,wf_81_2,2026-05-02,2026-05-02 01:48:00,completed,"{""workflow_category"": ""personalized_outbound"", ""template_used"": ""crm_enrichment"", ""records_input"": 1177}"
1207,81,396,wf_81_3,2026-04-19,2026-04-19 01:36:00,completed,"{""workflow_category"": ""ai_account_research"", ""template_used"": ""account_research"", ""records_input"": 2315}"
1208,81,396,wf_81_4,2026-04-28,2026-04-28 01:43:00,completed,"{""workflow_category"": ""lead_enrichment"", ""template_used"": ""personalized_outbound"", ""records_input"": 402}"
1209,81,396,wf_81_5,2026-04-08,2026-04-08 00:22:00,completed,"{""workflow_category"": ""ai_account_research"", ""template_used"": ""personalized_outbound"", ""records_input"": 2446}"
1210,81,396,wf_81_6,2026-03-05,,failed,"{""workflow_category"": ""crm_sync"", ""template_used"": ""personalized_outbound"", ""records_input"": 387}"
1211,81,395,wf_81_7,2026-04-24,2026-04-24 01:25:00,completed,"{""workflow_category"": ""ai_account_research"", ""template_used"": ""lead_enrichment"", ""records_input"": 876}"
1212,81,395,wf_81_8,2026-04-27,,failed,"{""workflow_category"": ""ai_account_research"", ""template_used"": ""personalized_outbound"", ""records_input"": 1960}"
1213,81,396,wf_81_9,2026-03-09,,failed,"{""workflow_category"": ""waterfall_enrichment"", ""template_used"": ""account_research"", ""records_input"": 575}"
1214,81,396,wf_81_10,2026-05-02,2026-05-02 00:49:00,completed,"{""workflow_category"": ""lead_enrichment"", ""template_used"": ""lead_enrichment"", ""records_input"": 2072}"
1215,81,395,wf_81_11,2026-03-24,2026-03-24 00:55:00,completed,"{""workflow_category"": ""ai_account_research"", ""template_used"": ""lead_enrichment"", ""records_input"": 1427}"
1216,81,395,wf_81_12,2026-04-17,,failed,"{""workflow_category"": ""lead_enrichment"", ""template_used"": ""crm_enrichment"", ""records_input"": 1949}"
1217,81,396,wf_81_13,2026-03-28,,failed,"{""workflow_category"": ""waterfall_enrichment"", ""template_used"": ""personalized_outbound"", ""records_input"": 526}"
1218,81,395,wf_81_14,2026-02-19,2026-02-19 01:10:00,completed,"{""workflow_category"": ""ai_account_research"", ""template_used"": ""account_research"", ""records_input"": 2032}"
1219,81,396,wf_81_15,2026-04-29,2026-04-29 00:13:00,completed,"{""workflow_category"": ""ai_account_research"", ""template_used"": ""personalized_outbound"", ""records_input"": 957}"
1220,81,395,wf_81_16,2026-02-18,2026-02-18 00:21:00,completed,"{""workflow_category"": ""ai_account_research"", ""template_used"": ""account_research"", ""records_input"": 152}"
1221,81,395,wf_81_17,2026-04-01,,failed,"{""workflow_category"": ""personalized_outbound"", ""template_used"": ""personalized_outbound"", ""records_input"": 2447}"
1222,81,396,wf_81_18,2026-03-23,2026-03-23 00:17:00,completed,"{""workflow_category"": ""crm_sync"", ""template_used"": ""account_research"", ""records_input"": 225}"
1223,82,402,wf_82_1,2026-04-24,2026-04-24 01:44:00,completed,"{""workflow_category"": ""crm_sync"", ""template_used"": ""personalized_outbound"", ""records_input"": 843}"
1224,82,404,wf_82_2,2026-05-16,2026-05-16 00:05:00,completed,"{""workflow_category"": ""personalized_outbound"", ""template_used"": ""account_research"", ""records_input"": 2326}"
1225,82,398,wf_82_3,2026-05-08,2026-05-08 00:46:00,completed,"{""workflow_category"": ""personalized_outbound"", ""template_used"": ""account_research"", ""records_input"": 2887}"
1226,82,398,wf_82_4,2026-05-19,2026-05-19 01:18:00,completed,"{""workflow_category"": ""lead_enrichment"", ""template_used"": ""crm_enrichment"", ""records_input"": 2800}"
1227,82,401,wf_82_5,2026-04-11,2026-04-11 00:05:00,completed,"{""workflow_category"": ""waterfall_enrichment"", ""template_used"": ""personalized_outbound"", ""records_input"": 533}"
1228,82,402,wf_82_6,2026-05-18,2026-05-18 01:31:00,completed,"{""workflow_category"": ""personalized_outbound"", ""template_used"": ""lead_enrichment"", ""records_input"": 2202}"
1229,82,402,wf_82_7,2026-06-04,2026-06-04 01:50:00,completed,"{""workflow_category"": ""crm_sync"", ""template_used"": ""personalized_outbound"", ""records_input"": 2901}"
1230,83,405,wf_83_1,2026-04-12,,failed,"{""workflow_category"": ""ai_account_research"", ""template_used"": ""personalized_outbound"", ""records_input"": 2771}"
1231,83,406,wf_83_2,2026-04-09,,failed,"{""workflow_category"": ""waterfall_enrichment"", ""template_used"": ""lead_enrichment"", ""records_input"": 2370}"
1232,83,406,wf_83_3,2026-05-20,2026-05-20 01:48:00,completed,"{""workflow_category"": ""personalized_outbound"", ""template_used"": ""lead_enrichment"", ""records_input"": 1175}"
1233,83,405,wf_83_4,2026-06-04,,failed,"{""workflow_category"": ""ai_account_research"", ""template_used"": ""account_research"", ""records_input"": 1783}"
1234,83,405,wf_83_5,2026-05-28,,failed,"{""workflow_category"": ""lead_enrichment"", ""template_used"": ""account_research"", ""records_input"": 2700}"
1235,83,406,wf_83_6,2026-05-09,2026-05-09 01:30:00,completed,"{""workflow_category"": ""crm_sync"", ""template_used"": ""crm_enrichment"", ""records_input"": 1426}"
1236,83,406,wf_83_7,2026-05-05,2026-05-05 00:34:00,completed,"{""workflow_category"": ""waterfall_enrichment"", ""template_used"": ""lead_enrichment"", ""records_input"": 2461}"
1237,83,406,wf_83_8,2026-07-04,2026-07-04 00:28:00,completed,"{""workflow_category"": ""personalized_outbound"", ""template_used"": ""crm_enrichment"", ""records_input"": 1481}"
1238,83,405,wf_83_9,2026-06-02,2026-06-02 01:21:00,completed,"{""workflow_category"": ""ai_account_research"", ""template_used"": ""personalized_outbound"", ""records_input"": 846}"
1239,83,405,wf_83_10,2026-04-18,2026-04-18 00:25:00,completed,"{""workflow_category"": ""waterfall_enrichment"", ""template_used"": ""account_research"", ""records_input"": 2390}"
1240,83,405,wf_83_11,2026-04-15,2026-04-15 00:56:00,completed,"{""workflow_category"": ""ai_account_research"", ""template_used"": ""account_research"", ""records_input"": 785}"
1241,83,406,wf_83_12,2026-05-10,,failed,"{""workflow_category"": ""ai_account_research"", ""template_used"": ""personalized_outbound"", ""records_input"": 990}"
1242,83,405,wf_83_13,2026-05-17,2026-05-17 00:24:00,completed,"{""workflow_category"": ""lead_enrichment"", ""template_used"": ""lead_enrichment"", ""records_input"": 1742}"
1243,83,405,wf_83_14,2026-04-12,2026-04-12 00:47:00,completed,"{""workflow_category"": ""waterfall_enrichment"", ""template_used"": ""lead_enrichment"", ""records_input"": 404}"
1244,83,406,wf_83_15,2026-04-25,2026-04-25 01:16:00,completed,"{""workflow_category"": ""ai_account_research"", ""template_used"": ""crm_enrichment"", ""records_input"": 440}"
1245,83,406,wf_83_16,2026-07-04,2026-07-04 00:56:00,completed,"{""workflow_category"": ""lead_enrichment"", ""template_used"": ""lead_enrichment"", ""records_input"": 261}"
1246,84,409,wf_84_1,2026-03-10,2026-03-10 00:15:00,completed,"{""workflow_category"": ""ai_account_research"", ""template_used"": ""personalized_outbound"", ""records_input"": 1592}"
1247,84,409,wf_84_2,2026-05-31,,failed,"{""workflow_category"": ""crm_sync"", ""template_used"": ""lead_enrichment"", ""records_input"": 330}"
1248,84,407,wf_84_3,2026-06-01,2026-06-01 01:22:00,completed,"{""workflow_category"": ""personalized_outbound"", ""template_used"": ""personalized_outbound"", ""records_input"": 119}"
1249,85,414,wf_85_1,2026-05-07,2026-05-07 01:31:00,completed,"{""workflow_category"": ""personalized_outbound"", ""template_used"": ""crm_enrichment"", ""records_input"": 2543}"
1250,85,415,wf_85_2,2026-04-04,,failed,"{""workflow_category"": ""waterfall_enrichment"", ""template_used"": ""lead_enrichment"", ""records_input"": 135}"
1251,85,412,wf_85_3,2026-06-01,,failed,"{""workflow_category"": ""waterfall_enrichment"", ""template_used"": ""personalized_outbound"", ""records_input"": 120}"
1252,85,410,wf_85_4,2026-05-13,,failed,"{""workflow_category"": ""personalized_outbound"", ""template_used"": ""crm_enrichment"", ""records_input"": 1509}"
1253,85,415,wf_85_5,2026-03-16,,failed,"{""workflow_category"": ""ai_account_research"", ""template_used"": ""lead_enrichment"", ""records_input"": 1803}"
1254,86,416,wf_86_1,2026-02-22,2026-02-22 00:09:00,completed,"{""workflow_category"": ""ai_account_research"", ""template_used"": ""crm_enrichment"", ""records_input"": 1088}"
1255,86,416,wf_86_2,2026-01-06,2026-01-06 01:07:00,completed,"{""workflow_category"": ""ai_account_research"", ""template_used"": ""account_research"", ""records_input"": 1718}"
1256,86,416,wf_86_3,2026-02-17,2026-02-17 00:22:00,completed,"{""workflow_category"": ""ai_account_research"", ""template_used"": ""personalized_outbound"", ""records_input"": 2492}"
1257,86,416,wf_86_4,2026-02-05,2026-02-05 00:15:00,completed,"{""workflow_category"": ""ai_account_research"", ""template_used"": ""account_research"", ""records_input"": 786}"
1258,86,416,wf_86_5,2026-03-05,2026-03-05 01:39:00,completed,"{""workflow_category"": ""lead_enrichment"", ""template_used"": ""lead_enrichment"", ""records_input"": 125}"
1259,86,416,wf_86_6,2026-02-18,2026-02-18 01:49:00,completed,"{""workflow_category"": ""crm_sync"", ""template_used"": ""lead_enrichment"", ""records_input"": 1501}"
1260,86,416,wf_86_7,2026-03-27,2026-03-27 01:30:00,completed,"{""workflow_category"": ""ai_account_research"", ""template_used"": ""personalized_outbound"", ""records_input"": 192}"
1261,86,416,wf_86_8,2026-02-27,,failed,"{""workflow_category"": ""personalized_outbound"", ""template_used"": ""crm_enrichment"", ""records_input"": 2491}"
1262,86,416,wf_86_9,2026-03-23,2026-03-23 00:47:00,completed,"{""workflow_category"": ""waterfall_enrichment"", ""template_used"": ""account_research"", ""records_input"": 143}"
1263,86,416,wf_86_10,2026-03-19,2026-03-19 01:10:00,completed,"{""workflow_category"": ""lead_enrichment"", ""template_used"": ""personalized_outbound"", ""records_input"": 473}"
1264,86,416,wf_86_11,2026-01-30,2026-01-30 00:46:00,completed,"{""workflow_category"": ""lead_enrichment"", ""template_used"": ""personalized_outbound"", ""records_input"": 2111}"
1265,86,416,wf_86_12,2026-02-15,2026-02-15 01:59:00,completed,"{""workflow_category"": ""waterfall_enrichment"", ""template_used"": ""account_research"", ""records_input"": 1914}"
1266,86,416,wf_86_13,2026-03-13,,failed,"{""workflow_category"": ""ai_account_research"", ""template_used"": ""personalized_outbound"", ""records_input"": 2762}"
1267,86,416,wf_86_14,2026-03-31,2026-03-31 00:22:00,completed,"{""workflow_category"": ""waterfall_enrichment"", ""template_used"": ""personalized_outbound"", ""records_input"": 929}"
1268,86,416,wf_86_15,2026-03-28,2026-03-28 01:51:00,completed,"{""workflow_category"": ""lead_enrichment"", ""template_used"": ""account_research"", ""records_input"": 821}"
1269,86,416,wf_86_16,2026-01-16,,failed,"{""workflow_category"": ""lead_enrichment"", ""template_used"": ""lead_enrichment"", ""records_input"": 1339}"
1270,86,416,wf_86_17,2026-03-25,2026-03-25 00:16:00,completed,"{""workflow_category"": ""ai_account_research"", ""template_used"": ""lead_enrichment"", ""records_input"": 261}"
1271,86,416,wf_86_18,2026-02-20,2026-02-20 00:25:00,completed,"{""workflow_category"": ""personalized_outbound"", ""template_used"": ""account_research"", ""records_input"": 2201}"
1272,86,416,wf_86_19,2026-03-29,2026-03-29 00:32:00,completed,"{""workflow_category"": ""personalized_outbound"", ""template_used"": ""account_research"", ""records_input"": 2173}"
1273,86,416,wf_86_20,2026-03-01,,failed,"{""workflow_category"": ""lead_enrichment"", ""template_used"": ""personalized_outbound"", ""records_input"": 1700}"
1274,86,416,wf_86_21,2026-03-31,,failed,"{""workflow_category"": ""lead_enrichment"", ""template_used"": ""personalized_outbound"", ""records_input"": 226}"
1275,87,418,wf_87_1,2026-05-09,2026-05-09 00:32:00,completed,"{""workflow_category"": ""lead_enrichment"", ""template_used"": ""crm_enrichment"", ""records_input"": 2289}"
1276,87,418,wf_87_2,2026-07-13,2026-07-13 00:23:00,completed,"{""workflow_category"": ""personalized_outbound"", ""template_used"": ""crm_enrichment"", ""records_input"": 1558}"
1277,87,418,wf_87_3,2026-06-24,,failed,"{""workflow_category"": ""personalized_outbound"", ""template_used"": ""lead_enrichment"", ""records_input"": 1723}"
1278,87,418,wf_87_4,2026-05-25,2026-05-25 00:57:00,completed,"{""workflow_category"": ""crm_sync"", ""template_used"": ""personalized_outbound"", ""records_input"": 1188}"
1279,87,418,wf_87_5,2026-06-06,2026-06-06 00:09:00,completed,"{""workflow_category"": ""crm_sync"", ""template_used"": ""account_research"", ""records_input"": 2200}"
1280,87,417,wf_87_6,2026-06-04,,failed,"{""workflow_category"": ""waterfall_enrichment"", ""template_used"": ""account_research"", ""records_input"": 2215}"
1281,87,418,wf_87_7,2026-04-27,,failed,"{""workflow_category"": ""ai_account_research"", ""template_used"": ""crm_enrichment"", ""records_input"": 2688}"
1282,87,418,wf_87_8,2026-05-20,2026-05-20 01:32:00,completed,"{""workflow_category"": ""lead_enrichment"", ""template_used"": ""lead_enrichment"", ""records_input"": 1699}"
1283,87,417,wf_87_9,2026-06-07,,failed,"{""workflow_category"": ""crm_sync"", ""template_used"": ""account_research"", ""records_input"": 385}"
1284,88,422,wf_88_1,2026-04-23,2026-04-23 01:49:00,completed,"{""workflow_category"": ""ai_account_research"", ""template_used"": ""lead_enrichment"", ""records_input"": 1830}"
1285,88,419,wf_88_2,2026-06-04,,failed,"{""workflow_category"": ""ai_account_research"", ""template_used"": ""crm_enrichment"", ""records_input"": 2419}"
1286,88,425,wf_88_3,2026-04-23,2026-04-23 01:29:00,completed,"{""workflow_category"": ""ai_account_research"", ""template_used"": ""crm_enrichment"", ""records_input"": 1649}"
1287,88,425,wf_88_4,2026-06-09,2026-06-09 01:38:00,completed,"{""workflow_category"": ""lead_enrichment"", ""template_used"": ""account_research"", ""records_input"": 411}"
1288,88,423,wf_88_5,2026-06-05,,failed,"{""workflow_category"": ""ai_account_research"", ""template_used"": ""personalized_outbound"", ""records_input"": 971}"
1289,88,419,wf_88_6,2026-04-28,,failed,"{""workflow_category"": ""personalized_outbound"", ""template_used"": ""lead_enrichment"", ""records_input"": 779}"
1290,88,419,wf_88_7,2026-06-14,,failed,"{""workflow_category"": ""lead_enrichment"", ""template_used"": ""lead_enrichment"", ""records_input"": 2897}"
1291,88,426,wf_88_8,2026-06-23,2026-06-23 00:24:00,completed,"{""workflow_category"": ""waterfall_enrichment"", ""template_used"": ""crm_enrichment"", ""records_input"": 2315}"
1292,88,424,wf_88_9,2026-06-03,2026-06-03 00:22:00,completed,"{""workflow_category"": ""waterfall_enrichment"", ""template_used"": ""crm_enrichment"", ""records_input"": 467}"
1293,88,423,wf_88_10,2026-05-05,,failed,"{""workflow_category"": ""waterfall_enrichment"", ""template_used"": ""crm_enrichment"", ""records_input"": 803}"
1294,88,423,wf_88_11,2026-06-12,2026-06-12 00:48:00,completed,"{""workflow_category"": ""ai_account_research"", ""template_used"": ""personalized_outbound"", ""records_input"": 1737}"
1295,88,425,wf_88_12,2026-06-23,2026-06-23 00:31:00,completed,"{""workflow_category"": ""waterfall_enrichment"", ""template_used"": ""lead_enrichment"", ""records_input"": 989}"
1296,88,419,wf_88_13,2026-04-12,,failed,"{""workflow_category"": ""waterfall_enrichment"", ""template_used"": ""account_research"", ""records_input"": 2325}"
1297,88,421,wf_88_14,2026-05-29,,failed,"{""workflow_category"": ""lead_enrichment"", ""template_used"": ""crm_enrichment"", ""records_input"": 2744}"
1298,88,422,wf_88_15,2026-04-26,2026-04-26 00:17:00,completed,"{""workflow_category"": ""personalized_outbound"", ""template_used"": ""personalized_outbound"", ""records_input"": 2642}"
1299,88,422,wf_88_16,2026-05-04,2026-05-04 00:38:00,completed,"{""workflow_category"": ""ai_account_research"", ""template_used"": ""account_research"", ""records_input"": 1005}"
1300,89,428,wf_89_1,2026-04-09,2026-04-09 01:18:00,completed,"{""workflow_category"": ""waterfall_enrichment"", ""template_used"": ""crm_enrichment"", ""records_input"": 2619}"
1301,89,432,wf_89_2,2026-04-02,2026-04-02 01:39:00,completed,"{""workflow_category"": ""lead_enrichment"", ""template_used"": ""lead_enrichment"", ""records_input"": 2015}"
1302,89,430,wf_89_3,2026-05-25,2026-05-25 00:32:00,completed,"{""workflow_category"": ""lead_enrichment"", ""template_used"": ""personalized_outbound"", ""records_input"": 120}"
1303,89,431,wf_89_4,2026-05-05,2026-05-05 00:44:00,completed,"{""workflow_category"": ""waterfall_enrichment"", ""template_used"": ""lead_enrichment"", ""records_input"": 2821}"
1304,89,427,wf_89_5,2026-04-29,,failed,"{""workflow_category"": ""lead_enrichment"", ""template_used"": ""crm_enrichment"", ""records_input"": 1533}"
1305,89,430,wf_89_6,2026-05-26,2026-05-26 00:08:00,completed,"{""workflow_category"": ""waterfall_enrichment"", ""template_used"": ""crm_enrichment"", ""records_input"": 459}"
1306,89,427,wf_89_7,2026-03-19,2026-03-19 00:55:00,completed,"{""workflow_category"": ""crm_sync"", ""template_used"": ""lead_enrichment"", ""records_input"": 1081}"
1307,89,431,wf_89_8,2026-04-28,2026-04-28 00:54:00,completed,"{""workflow_category"": ""ai_account_research"", ""template_used"": ""personalized_outbound"", ""records_input"": 360}"
1308,89,427,wf_89_9,2026-04-18,2026-04-18 01:03:00,completed,"{""workflow_category"": ""personalized_outbound"", ""template_used"": ""account_research"", ""records_input"": 1845}"
1309,89,432,wf_89_10,2026-05-17,,failed,"{""workflow_category"": ""lead_enrichment"", ""template_used"": ""account_research"", ""records_input"": 273}"
1310,89,428,wf_89_11,2026-03-17,2026-03-17 00:26:00,completed,"{""workflow_category"": ""waterfall_enrichment"", ""template_used"": ""account_research"", ""records_input"": 533}"
1311,89,431,wf_89_12,2026-03-18,2026-03-18 01:57:00,completed,"{""workflow_category"": ""lead_enrichment"", ""template_used"": ""account_research"", ""records_input"": 2851}"
1312,89,428,wf_89_13,2026-06-11,2026-06-11 00:17:00,completed,"{""workflow_category"": ""lead_enrichment"", ""template_used"": ""lead_enrichment"", ""records_input"": 950}"
1313,89,432,wf_89_14,2026-05-19,2026-05-19 01:16:00,completed,"{""workflow_category"": ""ai_account_research"", ""template_used"": ""personalized_outbound"", ""records_input"": 1144}"
1314,89,431,wf_89_15,2026-06-05,,failed,"{""workflow_category"": ""waterfall_enrichment"", ""template_used"": ""crm_enrichment"", ""records_input"": 400}"
1315,89,432,wf_89_16,2026-03-30,2026-03-30 01:55:00,completed,"{""workflow_category"": ""ai_account_research"", ""template_used"": ""lead_enrichment"", ""records_input"": 901}"
1316,89,432,wf_89_17,2026-03-16,2026-03-16 01:57:00,completed,"{""workflow_category"": ""waterfall_enrichment"", ""template_used"": ""account_research"", ""records_input"": 2437}"
1317,89,432,wf_89_18,2026-03-29,2026-03-29 00:56:00,completed,"{""workflow_category"": ""lead_enrichment"", ""template_used"": ""account_research"", ""records_input"": 1136}"
1318,89,429,wf_89_19,2026-05-25,2026-05-25 00:46:00,completed,"{""workflow_category"": ""personalized_outbound"", ""template_used"": ""account_research"", ""records_input"": 1754}"
1319,89,432,wf_89_20,2026-05-29,2026-05-29 01:16:00,completed,"{""workflow_category"": ""personalized_outbound"", ""template_used"": ""crm_enrichment"", ""records_input"": 2440}"
1320,89,430,wf_89_21,2026-06-08,2026-06-08 01:42:00,completed,"{""workflow_category"": ""crm_sync"", ""template_used"": ""personalized_outbound"", ""records_input"": 1699}"
1321,89,432,wf_89_22,2026-05-04,2026-05-04 00:20:00,completed,"{""workflow_category"": ""crm_sync"", ""template_used"": ""personalized_outbound"", ""records_input"": 2224}"
1322,89,430,wf_89_23,2026-05-23,,failed,"{""workflow_category"": ""waterfall_enrichment"", ""template_used"": ""account_research"", ""records_input"": 611}"
1323,89,428,wf_89_24,2026-04-18,,failed,"{""workflow_category"": ""crm_sync"", ""template_used"": ""crm_enrichment"", ""records_input"": 1698}"
1324,89,429,wf_89_25,2026-03-25,2026-03-25 00:29:00,completed,"{""workflow_category"": ""personalized_outbound"", ""template_used"": ""crm_enrichment"", ""records_input"": 1794}"
1325,89,431,wf_89_26,2026-06-04,2026-06-04 01:47:00,completed,"{""workflow_category"": ""lead_enrichment"", ""template_used"": ""personalized_outbound"", ""records_input"": 2197}"
1326,89,427,wf_89_27,2026-05-25,2026-05-25 01:55:00,completed,"{""workflow_category"": ""personalized_outbound"", ""template_used"": ""account_research"", ""records_input"": 2775}"
1327,90,434,wf_90_1,2026-04-02,2026-04-02 01:41:00,completed,"{""workflow_category"": ""lead_enrichment"", ""template_used"": ""account_research"", ""records_input"": 1122}"
1328,90,434,wf_90_2,2026-03-30,2026-03-30 00:21:00,completed,"{""workflow_category"": ""waterfall_enrichment"", ""template_used"": ""crm_enrichment"", ""records_input"": 2994}"
1329,90,434,wf_90_3,2026-02-14,2026-02-14 00:18:00,completed,"{""workflow_category"": ""ai_account_research"", ""template_used"": ""lead_enrichment"", ""records_input"": 490}"
1330,90,434,wf_90_4,2026-01-22,2026-01-22 01:48:00,completed,"{""workflow_category"": ""crm_sync"", ""template_used"": ""crm_enrichment"", ""records_input"": 683}"
1331,90,433,wf_90_5,2026-04-09,2026-04-09 01:04:00,completed,"{""workflow_category"": ""lead_enrichment"", ""template_used"": ""lead_enrichment"", ""records_input"": 2693}"
1332,90,433,wf_90_6,2026-02-06,2026-02-06 00:19:00,completed,"{""workflow_category"": ""personalized_outbound"", ""template_used"": ""personalized_outbound"", ""records_input"": 2586}"
1333,90,435,wf_90_7,2026-02-19,2026-02-19 01:56:00,completed,"{""workflow_category"": ""crm_sync"", ""template_used"": ""account_research"", ""records_input"": 1898}"
1334,90,434,wf_90_8,2026-03-01,2026-03-01 01:03:00,completed,"{""workflow_category"": ""waterfall_enrichment"", ""template_used"": ""account_research"", ""records_input"": 1980}"
1335,90,433,wf_90_9,2026-04-13,2026-04-13 01:13:00,completed,"{""workflow_category"": ""personalized_outbound"", ""template_used"": ""personalized_outbound"", ""records_input"": 2300}"
1336,90,435,wf_90_10,2026-04-13,,failed,"{""workflow_category"": ""waterfall_enrichment"", ""template_used"": ""lead_enrichment"", ""records_input"": 2812}"
1337,90,433,wf_90_11,2026-03-17,2026-03-17 00:49:00,completed,"{""workflow_category"": ""crm_sync"", ""template_used"": ""account_research"", ""records_input"": 219}"
1338,90,433,wf_90_12,2026-02-18,2026-02-18 01:46:00,completed,"{""workflow_category"": ""personalized_outbound"", ""template_used"": ""account_research"", ""records_input"": 2923}"
1339,90,434,wf_90_13,2026-02-14,2026-02-14 01:33:00,completed,"{""workflow_category"": ""personalized_outbound"", ""template_used"": ""lead_enrichment"", ""records_input"": 2102}"
1340,90,433,wf_90_14,2026-03-06,,failed,"{""workflow_category"": ""personalized_outbound"", ""template_used"": ""crm_enrichment"", ""records_input"": 833}"
1341,90,435,wf_90_15,2026-02-18,2026-02-18 01:23:00,completed,"{""workflow_category"": ""crm_sync"", ""template_used"": ""account_research"", ""records_input"": 1360}"
1342,90,435,wf_90_16,2026-03-20,2026-03-20 01:35:00,completed,"{""workflow_category"": ""crm_sync"", ""template_used"": ""account_research"", ""records_input"": 1503}"
1343,91,442,wf_91_1,2026-05-30,,failed,"{""workflow_category"": ""personalized_outbound"", ""template_used"": ""account_research"", ""records_input"": 243}"
1344,91,442,wf_91_2,2026-04-27,2026-04-27 01:07:00,completed,"{""workflow_category"": ""waterfall_enrichment"", ""template_used"": ""crm_enrichment"", ""records_input"": 2535}"
1345,91,439,wf_91_3,2026-06-28,2026-06-28 00:21:00,completed,"{""workflow_category"": ""crm_sync"", ""template_used"": ""personalized_outbound"", ""records_input"": 2128}"
1346,91,439,wf_91_4,2026-06-08,2026-06-08 01:12:00,completed,"{""workflow_category"": ""ai_account_research"", ""template_used"": ""lead_enrichment"", ""records_input"": 2285}"
1347,91,437,wf_91_5,2026-05-04,,failed,"{""workflow_category"": ""crm_sync"", ""template_used"": ""crm_enrichment"", ""records_input"": 105}"
1348,91,442,wf_91_6,2026-06-06,,failed,"{""workflow_category"": ""crm_sync"", ""template_used"": ""personalized_outbound"", ""records_input"": 252}"
1349,92,449,wf_92_1,2026-02-25,2026-02-25 01:06:00,completed,"{""workflow_category"": ""personalized_outbound"", ""template_used"": ""account_research"", ""records_input"": 755}"
1350,92,449,wf_92_2,2026-05-05,2026-05-05 01:27:00,completed,"{""workflow_category"": ""crm_sync"", ""template_used"": ""account_research"", ""records_input"": 2966}"
1351,92,449,wf_92_3,2026-04-17,2026-04-17 01:12:00,completed,"{""workflow_category"": ""personalized_outbound"", ""template_used"": ""crm_enrichment"", ""records_input"": 1907}"
1352,92,446,wf_92_4,2026-05-17,2026-05-17 01:31:00,completed,"{""workflow_category"": ""crm_sync"", ""template_used"": ""lead_enrichment"", ""records_input"": 2062}"
1353,92,449,wf_92_5,2026-04-13,2026-04-13 01:08:00,completed,"{""workflow_category"": ""crm_sync"", ""template_used"": ""crm_enrichment"", ""records_input"": 1169}"
1354,92,445,wf_92_6,2026-02-24,2026-02-24 00:20:00,completed,"{""workflow_category"": ""ai_account_research"", ""template_used"": ""account_research"", ""records_input"": 633}"
1355,92,445,wf_92_7,2026-03-05,2026-03-05 01:47:00,completed,"{""workflow_category"": ""lead_enrichment"", ""template_used"": ""personalized_outbound"", ""records_input"": 953}"
1356,92,448,wf_92_8,2026-03-07,2026-03-07 01:34:00,completed,"{""workflow_category"": ""waterfall_enrichment"", ""template_used"": ""lead_enrichment"", ""records_input"": 327}"
1357,92,448,wf_92_9,2026-05-05,2026-05-05 01:02:00,completed,"{""workflow_category"": ""personalized_outbound"", ""template_used"": ""lead_enrichment"", ""records_input"": 1209}"
1358,92,445,wf_92_10,2026-04-24,2026-04-24 01:56:00,completed,"{""workflow_category"": ""crm_sync"", ""template_used"": ""crm_enrichment"", ""records_input"": 503}"
1359,92,444,wf_92_11,2026-03-23,2026-03-23 01:39:00,completed,"{""workflow_category"": ""waterfall_enrichment"", ""template_used"": ""crm_enrichment"", ""records_input"": 161}"
1360,92,444,wf_92_12,2026-03-22,2026-03-22 00:41:00,completed,"{""workflow_category"": ""crm_sync"", ""template_used"": ""lead_enrichment"", ""records_input"": 1461}"
1361,92,447,wf_92_13,2026-04-16,2026-04-16 01:01:00,completed,"{""workflow_category"": ""crm_sync"", ""template_used"": ""personalized_outbound"", ""records_input"": 2670}"
1362,92,448,wf_92_14,2026-05-04,2026-05-04 01:48:00,completed,"{""workflow_category"": ""waterfall_enrichment"", ""template_used"": ""personalized_outbound"", ""records_input"": 2621}"
1363,92,449,wf_92_15,2026-05-15,2026-05-15 01:17:00,completed,"{""workflow_category"": ""waterfall_enrichment"", ""template_used"": ""personalized_outbound"", ""records_input"": 580}"
1364,92,444,wf_92_16,2026-05-15,2026-05-15 01:06:00,completed,"{""workflow_category"": ""ai_account_research"", ""template_used"": ""crm_enrichment"", ""records_input"": 1606}"
1365,92,446,wf_92_17,2026-04-02,2026-04-02 01:16:00,completed,"{""workflow_category"": ""crm_sync"", ""template_used"": ""crm_enrichment"", ""records_input"": 2649}"
1366,92,444,wf_92_18,2026-02-24,2026-02-24 00:42:00,completed,"{""workflow_category"": ""waterfall_enrichment"", ""template_used"": ""crm_enrichment"", ""records_input"": 1450}"
1367,92,449,wf_92_19,2026-05-07,,failed,"{""workflow_category"": ""lead_enrichment"", ""template_used"": ""personalized_outbound"", ""records_input"": 247}"
1368,92,444,wf_92_20,2026-02-23,2026-02-23 00:25:00,completed,"{""workflow_category"": ""lead_enrichment"", ""template_used"": ""lead_enrichment"", ""records_input"": 2909}"
1369,92,448,wf_92_21,2026-03-17,2026-03-17 01:12:00,completed,"{""workflow_category"": ""waterfall_enrichment"", ""template_used"": ""account_research"", ""records_input"": 1788}"
1370,92,446,wf_92_22,2026-04-20,2026-04-20 00:40:00,completed,"{""workflow_category"": ""waterfall_enrichment"", ""template_used"": ""crm_enrichment"", ""records_input"": 222}"
1371,92,446,wf_92_23,2026-05-17,2026-05-17 01:15:00,completed,"{""workflow_category"": ""crm_sync"", ""template_used"": ""lead_enrichment"", ""records_input"": 1374}"
1372,92,449,wf_92_24,2026-03-15,2026-03-15 01:23:00,completed,"{""workflow_category"": ""ai_account_research"", ""template_used"": ""personalized_outbound"", ""records_input"": 2489}"
1373,92,445,wf_92_25,2026-04-21,2026-04-21 00:22:00,completed,"{""workflow_category"": ""lead_enrichment"", ""template_used"": ""personalized_outbound"", ""records_input"": 951}"
1374,92,444,wf_92_26,2026-04-25,2026-04-25 00:46:00,completed,"{""workflow_category"": ""ai_account_research"", ""template_used"": ""crm_enrichment"", ""records_input"": 1450}"
1375,92,445,wf_92_27,2026-05-06,2026-05-06 00:38:00,completed,"{""workflow_category"": ""waterfall_enrichment"", ""template_used"": ""lead_enrichment"", ""records_input"": 2012}"
1376,92,444,wf_92_28,2026-03-21,2026-03-21 00:46:00,completed,"{""workflow_category"": ""personalized_outbound"", ""template_used"": ""crm_enrichment"", ""records_input"": 2847}"
1377,92,448,wf_92_29,2026-03-14,2026-03-14 00:28:00,completed,"{""workflow_category"": ""personalized_outbound"", ""template_used"": ""personalized_outbound"", ""records_input"": 1833}"
1378,92,444,wf_92_30,2026-04-23,,failed,"{""workflow_category"": ""waterfall_enrichment"", ""template_used"": ""account_research"", ""records_input"": 1589}"
1379,92,446,wf_92_31,2026-03-06,2026-03-06 01:05:00,completed,"{""workflow_category"": ""ai_account_research"", ""template_used"": ""personalized_outbound"", ""records_input"": 491}"
1380,92,445,wf_92_32,2026-04-13,2026-04-13 00:14:00,completed,"{""workflow_category"": ""ai_account_research"", ""template_used"": ""account_research"", ""records_input"": 1744}"
1381,92,445,wf_92_33,2026-04-15,2026-04-15 00:41:00,completed,"{""workflow_category"": ""lead_enrichment"", ""template_used"": ""personalized_outbound"", ""records_input"": 1840}"
1382,93,450,wf_93_1,2026-03-05,2026-03-05 01:15:00,completed,"{""workflow_category"": ""waterfall_enrichment"", ""template_used"": ""crm_enrichment"", ""records_input"": 1993}"
1383,93,450,wf_93_2,2026-03-24,2026-03-24 01:34:00,completed,"{""workflow_category"": ""lead_enrichment"", ""template_used"": ""crm_enrichment"", ""records_input"": 2037}"
1384,93,450,wf_93_3,2026-03-02,2026-03-02 01:40:00,completed,"{""workflow_category"": ""crm_sync"", ""template_used"": ""account_research"", ""records_input"": 2449}"
1385,93,450,wf_93_4,2026-02-06,2026-02-06 00:29:00,completed,"{""workflow_category"": ""crm_sync"", ""template_used"": ""lead_enrichment"", ""records_input"": 1806}"
1386,93,450,wf_93_5,2026-01-13,2026-01-13 01:26:00,completed,"{""workflow_category"": ""lead_enrichment"", ""template_used"": ""account_research"", ""records_input"": 1204}"
1387,93,450,wf_93_6,2026-03-19,2026-03-19 00:52:00,completed,"{""workflow_category"": ""lead_enrichment"", ""template_used"": ""personalized_outbound"", ""records_input"": 2578}"
1388,93,450,wf_93_7,2026-03-25,,failed,"{""workflow_category"": ""waterfall_enrichment"", ""template_used"": ""personalized_outbound"", ""records_input"": 214}"
1389,93,450,wf_93_8,2026-03-18,2026-03-18 01:57:00,completed,"{""workflow_category"": ""waterfall_enrichment"", ""template_used"": ""lead_enrichment"", ""records_input"": 1943}"
1390,93,450,wf_93_9,2026-01-09,2026-01-09 01:49:00,completed,"{""workflow_category"": ""waterfall_enrichment"", ""template_used"": ""account_research"", ""records_input"": 904}"
1391,93,450,wf_93_10,2026-01-22,2026-01-22 01:17:00,completed,"{""workflow_category"": ""personalized_outbound"", ""template_used"": ""crm_enrichment"", ""records_input"": 1877}"
1392,93,450,wf_93_11,2026-03-22,2026-03-22 01:39:00,completed,"{""workflow_category"": ""crm_sync"", ""template_used"": ""crm_enrichment"", ""records_input"": 283}"
1393,93,450,wf_93_12,2026-03-13,2026-03-13 01:02:00,completed,"{""workflow_category"": ""crm_sync"", ""template_used"": ""crm_enrichment"", ""records_input"": 985}"
1394,93,450,wf_93_13,2026-03-23,2026-03-23 00:20:00,completed,"{""workflow_category"": ""waterfall_enrichment"", ""template_used"": ""account_research"", ""records_input"": 2428}"
1395,93,450,wf_93_14,2026-04-01,2026-04-01 00:55:00,completed,"{""workflow_category"": ""personalized_outbound"", ""template_used"": ""crm_enrichment"", ""records_input"": 1050}"
1396,93,450,wf_93_15,2026-01-23,2026-01-23 00:28:00,completed,"{""workflow_category"": ""waterfall_enrichment"", ""template_used"": ""crm_enrichment"", ""records_input"": 1608}"
1397,93,450,wf_93_16,2026-04-06,2026-04-06 01:37:00,completed,"{""workflow_category"": ""waterfall_enrichment"", ""template_used"": ""account_research"", ""records_input"": 1395}"
1398,93,450,wf_93_17,2026-03-13,2026-03-13 00:50:00,completed,"{""workflow_category"": ""personalized_outbound"", ""template_used"": ""personalized_outbound"", ""records_input"": 746}"
1399,93,450,wf_93_18,2026-03-08,2026-03-08 00:05:00,completed,"{""workflow_category"": ""personalized_outbound"", ""template_used"": ""crm_enrichment"", ""records_input"": 167}"
1400,93,450,wf_93_19,2026-03-25,2026-03-25 01:05:00,completed,"{""workflow_category"": ""ai_account_research"", ""template_used"": ""crm_enrichment"", ""records_input"": 2494}"
1401,93,450,wf_93_20,2026-01-21,2026-01-21 00:16:00,completed,"{""workflow_category"": ""waterfall_enrichment"", ""template_used"": ""lead_enrichment"", ""records_input"": 1327}"
1402,93,450,wf_93_21,2026-04-08,2026-04-08 00:26:00,completed,"{""workflow_category"": ""ai_account_research"", ""template_used"": ""account_research"", ""records_input"": 2107}"
1403,93,450,wf_93_22,2026-03-17,,failed,"{""workflow_category"": ""lead_enrichment"", ""template_used"": ""crm_enrichment"", ""records_input"": 543}"
1404,93,450,wf_93_23,2026-02-21,2026-02-21 00:56:00,completed,"{""workflow_category"": ""personalized_outbound"", ""template_used"": ""crm_enrichment"", ""records_input"": 1886}"
1405,93,450,wf_93_24,2026-03-05,2026-03-05 01:34:00,completed,"{""workflow_category"": ""crm_sync"", ""template_used"": ""personalized_outbound"", ""records_input"": 2749}"
1406,93,450,wf_93_25,2026-01-23,2026-01-23 00:41:00,completed,"{""workflow_category"": ""lead_enrichment"", ""template_used"": ""crm_enrichment"", ""records_input"": 2940}"
1407,93,450,wf_93_26,2026-02-17,2026-02-17 01:00:00,completed,"{""workflow_category"": ""personalized_outbound"", ""template_used"": ""personalized_outbound"", ""records_input"": 1590}"
1408,93,450,wf_93_27,2026-03-31,2026-03-31 01:18:00,completed,"{""workflow_category"": ""crm_sync"", ""template_used"": ""lead_enrichment"", ""records_input"": 565}"
1409,93,450,wf_93_28,2026-01-25,2026-01-25 00:23:00,completed,"{""workflow_category"": ""crm_sync"", ""template_used"": ""lead_enrichment"", ""records_input"": 1709}"
1410,93,450,wf_93_29,2026-03-07,2026-03-07 01:05:00,completed,"{""workflow_category"": ""crm_sync"", ""template_used"": ""lead_enrichment"", ""records_input"": 2769}"
1411,93,450,wf_93_30,2026-02-21,2026-02-21 00:27:00,completed,"{""workflow_category"": ""lead_enrichment"", ""template_used"": ""lead_enrichment"", ""records_input"": 995}"
1412,93,450,wf_93_31,2026-01-17,2026-01-17 01:00:00,completed,"{""workflow_category"": ""personalized_outbound"", ""template_used"": ""lead_enrichment"", ""records_input"": 2088}"
1413,93,450,wf_93_32,2026-03-08,2026-03-08 01:15:00,completed,"{""workflow_category"": ""personalized_outbound"", ""template_used"": ""personalized_outbound"", ""records_input"": 262}"
1414,93,450,wf_93_33,2026-03-25,2026-03-25 00:28:00,completed,"{""workflow_category"": ""ai_account_research"", ""template_used"": ""lead_enrichment"", ""records_input"": 1379}"
1415,93,450,wf_93_34,2026-03-23,2026-03-23 01:23:00,completed,"{""workflow_category"": ""waterfall_enrichment"", ""template_used"": ""crm_enrichment"", ""records_input"": 1968}"
1416,93,450,wf_93_35,2026-02-23,2026-02-23 00:40:00,completed,"{""workflow_category"": ""ai_account_research"", ""template_used"": ""crm_enrichment"", ""records_input"": 1478}"
1417,93,450,wf_93_36,2026-01-21,2026-01-21 00:08:00,completed,"{""workflow_category"": ""waterfall_enrichment"", ""template_used"": ""crm_enrichment"", ""records_input"": 539}"
1418,93,450,wf_93_37,2026-01-27,2026-01-27 00:35:00,completed,"{""workflow_category"": ""waterfall_enrichment"", ""template_used"": ""personalized_outbound"", ""records_input"": 261}"
1419,93,450,wf_93_38,2026-04-06,2026-04-06 01:54:00,completed,"{""workflow_category"": ""ai_account_research"", ""template_used"": ""account_research"", ""records_input"": 760}"
1420,93,450,wf_93_39,2026-01-29,2026-01-29 00:35:00,completed,"{""workflow_category"": ""waterfall_enrichment"", ""template_used"": ""crm_enrichment"", ""records_input"": 2857}"
1421,94,451,wf_94_1,2026-02-14,2026-02-14 00:29:00,completed,"{""workflow_category"": ""waterfall_enrichment"", ""template_used"": ""lead_enrichment"", ""records_input"": 939}"
1422,94,451,wf_94_2,2026-02-21,2026-02-21 01:40:00,completed,"{""workflow_category"": ""crm_sync"", ""template_used"": ""account_research"", ""records_input"": 2034}"
1423,94,451,wf_94_3,2026-03-07,,failed,"{""workflow_category"": ""ai_account_research"", ""template_used"": ""personalized_outbound"", ""records_input"": 2788}"
1424,94,451,wf_94_4,2026-02-14,2026-02-14 01:09:00,completed,"{""workflow_category"": ""lead_enrichment"", ""template_used"": ""crm_enrichment"", ""records_input"": 578}"
1425,94,451,wf_94_5,2026-03-30,,failed,"{""workflow_category"": ""lead_enrichment"", ""template_used"": ""lead_enrichment"", ""records_input"": 2810}"
1426,94,451,wf_94_6,2026-01-16,2026-01-16 01:39:00,completed,"{""workflow_category"": ""lead_enrichment"", ""template_used"": ""lead_enrichment"", ""records_input"": 1978}"
1427,95,452,wf_95_1,2026-01-05,,failed,"{""workflow_category"": ""lead_enrichment"", ""template_used"": ""crm_enrichment"", ""records_input"": 2360}"
1428,95,454,wf_95_2,2026-03-08,2026-03-08 00:12:00,completed,"{""workflow_category"": ""personalized_outbound"", ""template_used"": ""personalized_outbound"", ""records_input"": 2025}"
1429,95,454,wf_95_3,2026-03-29,,failed,"{""workflow_category"": ""personalized_outbound"", ""template_used"": ""personalized_outbound"", ""records_input"": 2792}"
1430,95,453,wf_95_4,2026-03-09,2026-03-09 01:20:00,completed,"{""workflow_category"": ""crm_sync"", ""template_used"": ""lead_enrichment"", ""records_input"": 1261}"
1431,95,454,wf_95_5,2026-01-14,2026-01-14 01:49:00,completed,"{""workflow_category"": ""crm_sync"", ""template_used"": ""personalized_outbound"", ""records_input"": 1622}"
1432,95,452,wf_95_6,2026-04-01,2026-04-01 01:05:00,completed,"{""workflow_category"": ""crm_sync"", ""template_used"": ""personalized_outbound"", ""records_input"": 665}"
1433,95,452,wf_95_7,2026-01-21,2026-01-21 00:08:00,completed,"{""workflow_category"": ""waterfall_enrichment"", ""template_used"": ""lead_enrichment"", ""records_input"": 1746}"
1434,95,452,wf_95_8,2026-01-21,,failed,"{""workflow_category"": ""lead_enrichment"", ""template_used"": ""personalized_outbound"", ""records_input"": 545}"
1435,95,452,wf_95_9,2026-01-20,2026-01-20 01:37:00,completed,"{""workflow_category"": ""crm_sync"", ""template_used"": ""account_research"", ""records_input"": 1204}"
1436,95,454,wf_95_10,2026-03-30,,failed,"{""workflow_category"": ""crm_sync"", ""template_used"": ""lead_enrichment"", ""records_input"": 2180}"
1437,95,452,wf_95_11,2026-03-19,,failed,"{""workflow_category"": ""waterfall_enrichment"", ""template_used"": ""crm_enrichment"", ""records_input"": 1161}"
1438,95,453,wf_95_12,2026-03-20,2026-03-20 00:36:00,completed,"{""workflow_category"": ""waterfall_enrichment"", ""template_used"": ""account_research"", ""records_input"": 299}"
1439,95,453,wf_95_13,2026-03-20,,failed,"{""workflow_category"": ""personalized_outbound"", ""template_used"": ""crm_enrichment"", ""records_input"": 2775}"
1440,95,452,wf_95_14,2026-03-22,2026-03-22 01:00:00,completed,"{""workflow_category"": ""waterfall_enrichment"", ""template_used"": ""lead_enrichment"", ""records_input"": 678}"
1441,95,453,wf_95_15,2026-03-28,2026-03-28 01:50:00,completed,"{""workflow_category"": ""personalized_outbound"", ""template_used"": ""lead_enrichment"", ""records_input"": 2860}"
1442,95,454,wf_95_16,2026-02-06,,failed,"{""workflow_category"": ""crm_sync"", ""template_used"": ""crm_enrichment"", ""records_input"": 2652}"
1443,95,454,wf_95_17,2026-03-29,2026-03-29 01:47:00,completed,"{""workflow_category"": ""lead_enrichment"", ""template_used"": ""lead_enrichment"", ""records_input"": 643}"
1444,96,455,wf_96_1,2026-05-07,2026-05-07 00:48:00,completed,"{""workflow_category"": ""ai_account_research"", ""template_used"": ""personalized_outbound"", ""records_input"": 1820}"
1445,96,455,wf_96_2,2026-04-30,2026-04-30 00:28:00,completed,"{""workflow_category"": ""crm_sync"", ""template_used"": ""account_research"", ""records_input"": 148}"
1446,96,455,wf_96_3,2026-02-23,,failed,"{""workflow_category"": ""waterfall_enrichment"", ""template_used"": ""account_research"", ""records_input"": 207}"
1447,96,455,wf_96_4,2026-02-28,2026-02-28 00:21:00,completed,"{""workflow_category"": ""ai_account_research"", ""template_used"": ""account_research"", ""records_input"": 1375}"
1448,96,455,wf_96_5,2026-02-18,2026-02-18 01:16:00,completed,"{""workflow_category"": ""waterfall_enrichment"", ""template_used"": ""lead_enrichment"", ""records_input"": 596}"
1449,96,455,wf_96_6,2026-03-08,2026-03-08 00:30:00,completed,"{""workflow_category"": ""personalized_outbound"", ""template_used"": ""personalized_outbound"", ""records_input"": 112}"
1450,96,455,wf_96_7,2026-03-31,2026-03-31 01:11:00,completed,"{""workflow_category"": ""waterfall_enrichment"", ""template_used"": ""crm_enrichment"", ""records_input"": 2896}"
1451,96,455,wf_96_8,2026-04-13,2026-04-13 00:27:00,completed,"{""workflow_category"": ""crm_sync"", ""template_used"": ""account_research"", ""records_input"": 1279}"
1452,96,455,wf_96_9,2026-04-29,2026-04-29 02:00:00,completed,"{""workflow_category"": ""waterfall_enrichment"", ""template_used"": ""personalized_outbound"", ""records_input"": 1150}"
1453,96,455,wf_96_10,2026-04-30,2026-04-30 01:02:00,completed,"{""workflow_category"": ""crm_sync"", ""template_used"": ""personalized_outbound"", ""records_input"": 2036}"
1454,96,455,wf_96_11,2026-04-12,2026-04-12 01:14:00,completed,"{""workflow_category"": ""waterfall_enrichment"", ""template_used"": ""crm_enrichment"", ""records_input"": 260}"
1455,96,455,wf_96_12,2026-04-02,,failed,"{""workflow_category"": ""ai_account_research"", ""template_used"": ""lead_enrichment"", ""records_input"": 1120}"
1456,96,455,wf_96_13,2026-03-29,,failed,"{""workflow_category"": ""ai_account_research"", ""template_used"": ""account_research"", ""records_input"": 2958}"
1457,96,455,wf_96_14,2026-04-12,,failed,"{""workflow_category"": ""waterfall_enrichment"", ""template_used"": ""personalized_outbound"", ""records_input"": 280}"
1458,96,455,wf_96_15,2026-05-07,,failed,"{""workflow_category"": ""waterfall_enrichment"", ""template_used"": ""personalized_outbound"", ""records_input"": 1888}"
1459,96,455,wf_96_16,2026-04-18,2026-04-18 01:09:00,completed,"{""workflow_category"": ""ai_account_research"", ""template_used"": ""crm_enrichment"", ""records_input"": 545}"
1460,97,458,wf_97_1,2026-02-27,,failed,"{""workflow_category"": ""crm_sync"", ""template_used"": ""personalized_outbound"", ""records_input"": 2774}"
1461,97,456,wf_97_2,2026-03-28,2026-03-28 00:28:00,completed,"{""workflow_category"": ""crm_sync"", ""template_used"": ""crm_enrichment"", ""records_input"": 2447}"
1462,98,461,wf_98_1,2026-03-25,,failed,"{""workflow_category"": ""ai_account_research"", ""template_used"": ""lead_enrichment"", ""records_input"": 764}"
1463,98,461,wf_98_2,2026-04-26,2026-04-26 00:07:00,completed,"{""workflow_category"": ""crm_sync"", ""template_used"": ""crm_enrichment"", ""records_input"": 2242}"
1464,98,461,wf_98_3,2026-03-12,,failed,"{""workflow_category"": ""personalized_outbound"", ""template_used"": ""personalized_outbound"", ""records_input"": 464}"
1465,98,461,wf_98_4,2026-04-29,2026-04-29 00:20:00,completed,"{""workflow_category"": ""personalized_outbound"", ""template_used"": ""personalized_outbound"", ""records_input"": 628}"
1466,98,461,wf_98_5,2026-03-30,2026-03-30 00:29:00,completed,"{""workflow_category"": ""personalized_outbound"", ""template_used"": ""account_research"", ""records_input"": 116}"
1467,98,461,wf_98_6,2026-02-09,2026-02-09 01:18:00,completed,"{""workflow_category"": ""crm_sync"", ""template_used"": ""personalized_outbound"", ""records_input"": 802}"
1468,98,461,wf_98_7,2026-04-18,,failed,"{""workflow_category"": ""crm_sync"", ""template_used"": ""lead_enrichment"", ""records_input"": 1279}"
1469,98,461,wf_98_8,2026-03-08,2026-03-08 00:13:00,completed,"{""workflow_category"": ""ai_account_research"", ""template_used"": ""lead_enrichment"", ""records_input"": 1259}"
1470,98,461,wf_98_9,2026-03-06,2026-03-06 00:05:00,completed,"{""workflow_category"": ""ai_account_research"", ""template_used"": ""account_research"", ""records_input"": 2638}"
1471,98,461,wf_98_10,2026-03-04,2026-03-04 01:01:00,completed,"{""workflow_category"": ""waterfall_enrichment"", ""template_used"": ""personalized_outbound"", ""records_input"": 1562}"
1472,98,461,wf_98_11,2026-04-28,2026-04-28 00:36:00,completed,"{""workflow_category"": ""personalized_outbound"", ""template_used"": ""crm_enrichment"", ""records_input"": 834}"
1473,98,461,wf_98_12,2026-04-20,2026-04-20 01:54:00,completed,"{""workflow_category"": ""personalized_outbound"", ""template_used"": ""lead_enrichment"", ""records_input"": 1279}"
1474,98,461,wf_98_13,2026-04-17,2026-04-17 00:36:00,completed,"{""workflow_category"": ""crm_sync"", ""template_used"": ""personalized_outbound"", ""records_input"": 2835}"
1475,98,461,wf_98_14,2026-02-27,2026-02-27 00:55:00,completed,"{""workflow_category"": ""crm_sync"", ""template_used"": ""lead_enrichment"", ""records_input"": 2407}"
1476,98,461,wf_98_15,2026-02-20,2026-02-20 01:04:00,completed,"{""workflow_category"": ""personalized_outbound"", ""template_used"": ""crm_enrichment"", ""records_input"": 2838}"
1477,98,461,wf_98_16,2026-04-23,,failed,"{""workflow_category"": ""crm_sync"", ""template_used"": ""personalized_outbound"", ""records_input"": 1614}"
1478,98,461,wf_98_17,2026-04-24,,failed,"{""workflow_category"": ""waterfall_enrichment"", ""template_used"": ""account_research"", ""records_input"": 1468}"
1479,98,461,wf_98_18,2026-04-13,,failed,"{""workflow_category"": ""waterfall_enrichment"", ""template_used"": ""personalized_outbound"", ""records_input"": 151}"
1480,98,461,wf_98_19,2026-03-19,2026-03-19 01:52:00,completed,"{""workflow_category"": ""waterfall_enrichment"", ""template_used"": ""lead_enrichment"", ""records_input"": 2085}"
1481,98,461,wf_98_20,2026-02-18,2026-02-18 00:20:00,completed,"{""workflow_category"": ""ai_account_research"", ""template_used"": ""lead_enrichment"", ""records_input"": 1375}"
1482,98,461,wf_98_21,2026-02-03,2026-02-03 01:03:00,completed,"{""workflow_category"": ""personalized_outbound"", ""template_used"": ""lead_enrichment"", ""records_input"": 2571}"
1483,98,461,wf_98_22,2026-04-29,2026-04-29 01:16:00,completed,"{""workflow_category"": ""lead_enrichment"", ""template_used"": ""lead_enrichment"", ""records_input"": 2221}"
1484,98,461,wf_98_23,2026-02-26,,failed,"{""workflow_category"": ""ai_account_research"", ""template_used"": ""personalized_outbound"", ""records_input"": 750}"
1485,98,461,wf_98_24,2026-04-17,2026-04-17 01:38:00,completed,"{""workflow_category"": ""lead_enrichment"", ""template_used"": ""personalized_outbound"", ""records_input"": 2202}"
1486,98,461,wf_98_25,2026-04-26,2026-04-26 00:43:00,completed,"{""workflow_category"": ""personalized_outbound"", ""template_used"": ""lead_enrichment"", ""records_input"": 515}"
1487,98,461,wf_98_26,2026-02-03,2026-02-03 00:14:00,completed,"{""workflow_category"": ""lead_enrichment"", ""template_used"": ""lead_enrichment"", ""records_input"": 227}"
1488,98,461,wf_98_27,2026-04-11,2026-04-11 00:27:00,completed,"{""workflow_category"": ""waterfall_enrichment"", ""template_used"": ""lead_enrichment"", ""records_input"": 1101}"
1489,99,466,wf_99_1,2026-03-05,2026-03-05 00:19:00,completed,"{""workflow_category"": ""lead_enrichment"", ""template_used"": ""personalized_outbound"", ""records_input"": 144}"
1490,99,463,wf_99_2,2026-03-27,2026-03-27 01:25:00,completed,"{""workflow_category"": ""lead_enrichment"", ""template_used"": ""lead_enrichment"", ""records_input"": 787}"
1491,99,462,wf_99_3,2026-03-09,2026-03-09 01:28:00,completed,"{""workflow_category"": ""ai_account_research"", ""template_used"": ""lead_enrichment"", ""records_input"": 557}"
1492,99,465,wf_99_4,2026-04-19,2026-04-19 01:46:00,completed,"{""workflow_category"": ""personalized_outbound"", ""template_used"": ""lead_enrichment"", ""records_input"": 2548}"
1493,99,465,wf_99_5,2026-02-24,2026-02-24 01:23:00,completed,"{""workflow_category"": ""lead_enrichment"", ""template_used"": ""crm_enrichment"", ""records_input"": 954}"
1494,99,463,wf_99_6,2026-02-19,2026-02-19 01:12:00,completed,"{""workflow_category"": ""crm_sync"", ""template_used"": ""crm_enrichment"", ""records_input"": 1791}"
1495,99,462,wf_99_7,2026-03-20,2026-03-20 00:46:00,completed,"{""workflow_category"": ""lead_enrichment"", ""template_used"": ""personalized_outbound"", ""records_input"": 769}"
1496,99,464,wf_99_8,2026-03-02,2026-03-02 01:41:00,completed,"{""workflow_category"": ""ai_account_research"", ""template_used"": ""account_research"", ""records_input"": 1849}"
1497,99,465,wf_99_9,2026-04-20,2026-04-20 01:26:00,completed,"{""workflow_category"": ""crm_sync"", ""template_used"": ""account_research"", ""records_input"": 463}"
1498,99,466,wf_99_10,2026-05-07,2026-05-07 00:08:00,completed,"{""workflow_category"": ""crm_sync"", ""template_used"": ""account_research"", ""records_input"": 1109}"
1499,99,462,wf_99_11,2026-05-18,2026-05-18 00:56:00,completed,"{""workflow_category"": ""waterfall_enrichment"", ""template_used"": ""crm_enrichment"", ""records_input"": 629}"
1500,99,463,wf_99_12,2026-02-19,2026-02-19 00:37:00,completed,"{""workflow_category"": ""crm_sync"", ""template_used"": ""crm_enrichment"", ""records_input"": 1951}"
1501,99,466,wf_99_13,2026-04-23,,failed,"{""workflow_category"": ""ai_account_research"", ""template_used"": ""lead_enrichment"", ""records_input"": 980}"
1502,99,466,wf_99_14,2026-03-25,2026-03-25 00:22:00,completed,"{""workflow_category"": ""ai_account_research"", ""template_used"": ""lead_enrichment"", ""records_input"": 1407}"
1503,99,464,wf_99_15,2026-04-02,2026-04-02 01:55:00,completed,"{""workflow_category"": ""ai_account_research"", ""template_used"": ""account_research"", ""records_input"": 1699}"
1504,99,463,wf_99_16,2026-03-16,2026-03-16 00:37:00,completed,"{""workflow_category"": ""crm_sync"", ""template_used"": ""personalized_outbound"", ""records_input"": 967}"
1505,99,463,wf_99_17,2026-03-30,2026-03-30 00:31:00,completed,"{""workflow_category"": ""crm_sync"", ""template_used"": ""account_research"", ""records_input"": 417}"
1506,99,466,wf_99_18,2026-03-05,2026-03-05 02:00:00,completed,"{""workflow_category"": ""ai_account_research"", ""template_used"": ""account_research"", ""records_input"": 603}"
1507,99,466,wf_99_19,2026-05-09,2026-05-09 01:12:00,completed,"{""workflow_category"": ""crm_sync"", ""template_used"": ""account_research"", ""records_input"": 1575}"
1508,99,465,wf_99_20,2026-05-17,2026-05-17 01:59:00,completed,"{""workflow_category"": ""crm_sync"", ""template_used"": ""lead_enrichment"", ""records_input"": 1165}"
1509,99,462,wf_99_21,2026-03-12,2026-03-12 00:44:00,completed,"{""workflow_category"": ""lead_enrichment"", ""template_used"": ""crm_enrichment"", ""records_input"": 2688}"
1510,99,462,wf_99_22,2026-05-19,2026-05-19 01:25:00,completed,"{""workflow_category"": ""crm_sync"", ""template_used"": ""personalized_outbound"", ""records_input"": 417}"
1511,99,464,wf_99_23,2026-03-15,2026-03-15 00:15:00,completed,"{""workflow_category"": ""lead_enrichment"", ""template_used"": ""account_research"", ""records_input"": 866}"
1512,99,465,wf_99_24,2026-04-10,2026-04-10 01:42:00,completed,"{""workflow_category"": ""personalized_outbound"", ""template_used"": ""crm_enrichment"", ""records_input"": 771}"
1513,99,466,wf_99_25,2026-05-04,2026-05-04 00:52:00,completed,"{""workflow_category"": ""crm_sync"", ""template_used"": ""crm_enrichment"", ""records_input"": 1971}"
1514,99,462,wf_99_26,2026-02-21,2026-02-21 01:05:00,completed,"{""workflow_category"": ""lead_enrichment"", ""template_used"": ""crm_enrichment"", ""records_input"": 2502}"
1515,99,465,wf_99_27,2026-04-12,2026-04-12 01:24:00,completed,"{""workflow_category"": ""waterfall_enrichment"", ""template_used"": ""account_research"", ""records_input"": 2628}"
1516,99,466,wf_99_28,2026-03-30,2026-03-30 01:52:00,completed,"{""workflow_category"": ""lead_enrichment"", ""template_used"": ""account_research"", ""records_input"": 635}"
1517,99,464,wf_99_29,2026-04-17,2026-04-17 01:37:00,completed,"{""workflow_category"": ""crm_sync"", ""template_used"": ""personalized_outbound"", ""records_input"": 1015}"
1518,99,465,wf_99_30,2026-04-01,2026-04-01 01:43:00,completed,"{""workflow_category"": ""ai_account_research"", ""template_used"": ""lead_enrichment"", ""records_input"": 2644}"
1519,99,462,wf_99_31,2026-04-16,2026-04-16 00:05:00,completed,"{""workflow_category"": ""crm_sync"", ""template_used"": ""crm_enrichment"", ""records_input"": 2436}"
1520,99,464,wf_99_32,2026-03-11,2026-03-11 01:23:00,completed,"{""workflow_category"": ""lead_enrichment"", ""template_used"": ""lead_enrichment"", ""records_input"": 1879}"
1521,99,463,wf_99_33,2026-04-23,2026-04-23 00:29:00,completed,"{""workflow_category"": ""personalized_outbound"", ""template_used"": ""personalized_outbound"", ""records_input"": 1530}"
1522,99,463,wf_99_34,2026-03-28,2026-03-28 00:41:00,completed,"{""workflow_category"": ""crm_sync"", ""template_used"": ""personalized_outbound"", ""records_input"": 2773}"
1523,99,465,wf_99_35,2026-05-04,,failed,"{""workflow_category"": ""waterfall_enrichment"", ""template_used"": ""personalized_outbound"", ""records_input"": 1974}"
1524,99,463,wf_99_36,2026-05-09,2026-05-09 00:31:00,completed,"{""workflow_category"": ""crm_sync"", ""template_used"": ""lead_enrichment"", ""records_input"": 301}"
1525,99,462,wf_99_37,2026-04-19,2026-04-19 00:07:00,completed,"{""workflow_category"": ""crm_sync"", ""template_used"": ""personalized_outbound"", ""records_input"": 667}"
1526,100,467,wf_100_1,2026-04-20,2026-04-20 00:23:00,completed,"{""workflow_category"": ""personalized_outbound"", ""template_used"": ""account_research"", ""records_input"": 1156}"
1527,100,472,wf_100_2,2026-05-06,,failed,"{""workflow_category"": ""personalized_outbound"", ""template_used"": ""lead_enrichment"", ""records_input"": 1834}"
1528,100,467,wf_100_3,2026-06-07,2026-06-07 01:53:00,completed,"{""workflow_category"": ""ai_account_research"", ""template_used"": ""personalized_outbound"", ""records_input"": 500}"
1529,100,468,wf_100_4,2026-05-13,,failed,"{""workflow_category"": ""ai_account_research"", ""template_used"": ""personalized_outbound"", ""records_input"": 2106}"
1530,100,469,wf_100_5,2026-04-24,,failed,"{""workflow_category"": ""crm_sync"", ""template_used"": ""personalized_outbound"", ""records_input"": 2874}"
